[Licensing::Module] Trying to connect to existing licensing client channel...
Built from '6000.3/staging' branch; Version is '6000.3.24f1 (4e7b9b5b6244) revision 5143451'; Using compiler version '194234433'; Build Type 'Release'
OS: 'Windows 11  (10.0.22621) CoreSingleLanguage' Language: 'en' Physical Memory: 14188 MB
[Licensing::IpcConnector] Successfully connected to: "LicenseClient-Abhipraya" at "2026-10-03T06:47:03.426087Z"
BatchMode: 1, IsHumanControllingUs: 0, StartBugReporterOnCrash: 0, Is64bit: 1
System  architecture: x64
Process architecture: x64
Date: 2026-10-03T06:47:03Z
[Licensing::Client] Code 10 while verifying Licensing Client signature (process Id: 25328, path: "D:/Unity/Unity Hub/UnityLicensingClient_V1/Unity.Licensing.Client.exe")
[Licensing::Module] LicensingClient has failed validation; ignoring
[Licensing::Client] Handshaking with LicensingClient:
  Version:                 1.18.3+d7ffd15
  Session Id:              68f8c73308df42a89220204aeb32b8a7
  Correlation Id:          bff480978959b83a19bee02d085b306e
  External correlation Id: 6741705785265881537
  Machine Id:              m64cI8/X3LCmf/7Yx7np3JoNk6w=
[Licensing::Module] Successfully connected to LicensingClient on channel: "LicenseClient-Abhipraya" (connect: 0.00s, validation: 0.00s, handshake: 0.03s)
[Licensing::IpcConnector] Successfully connected to: "LicenseClient-Abhipraya-notifications" at "2026-10-03T06:47:03.4554539Z"
[Licensing::Module] Error: Access token is unavailable; failed to update
[Licensing::Client] Successfully resolved entitlement details
[Licensing::Module] License group:
  Id: 18968256938164-UnityPersXXXX
  Product: Unity Personal
  Type: Assigned
  Expiration: Unlimited
[Licensing::Client] Successfully updated license, isAsync: True, time: 0.00
[Licensing::Client] Successfully resolved entitlement details
[Licensing::Module] Licensing Background thread has ended after 0.03s

COMMAND LINE ARGUMENTS:
D:\Unity\6000.3.24f1\Editor\Unity.exe
-batchmode
-nographics
-projectPath
D:\Unity\RVA 1
-buildTarget
Android
-executeMethod
SimpleARPlacement.EditorTools.SimpleARPlacementTool.BuildApkBatch
-logFile
D:\Unity\RVA 1\Logs\build_apk.log
Successfully changed project path to: D:\Unity\RVA 1
D:/Unity/RVA 1
[UnityMemory] Configuration Parameters - Can be set up in boot.config
    "memorysetup-temp-allocator-size-nav-mesh-worker=65536"
    "memorysetup-temp-allocator-size-audio-worker=65536"
    "memorysetup-temp-allocator-size-gfx=262144"
    "memorysetup-allocator-temp-initial-block-size-main=262144"
    "memorysetup-allocator-temp-initial-block-size-worker=262144"
    "memorysetup-temp-allocator-size-background-worker=32768"
    "memorysetup-temp-allocator-size-job-worker=262144"
    "memorysetup-temp-allocator-size-preload-manager=33554432"
    "memorysetup-remapper-allocator-initial-capacity=32768"
    "memorysetup-temp-allocator-size-gi-baking-worker=262144"
    "memorysetup-temp-allocator-size-gi-baking-worker=262144"
    "memorysetup-temp-allocator-size-gi-baking-worker=262144"
    "memorysetup-temp-allocator-size-gi-baking-worker=262144"
    "memorysetup-temp-allocator-size-gi-baking-worker=262144"
    "memorysetup-bucket-allocator-granularity=16"
    "memorysetup-bucket-allocator-bucket-count=8"
    "memorysetup-bucket-allocator-block-size=33554432"
    "memorysetup-bucket-allocator-block-count=8"
    "memorysetup-main-allocator-block-size=16777216"
    "memorysetup-thread-allocator-block-size=16777216"
    "memorysetup-gfx-main-allocator-block-size=16777216"
    "memorysetup-gfx-thread-allocator-block-size=16777216"
    "memorysetup-cache-allocator-block-size=4194304"
    "memorysetup-typetree-allocator-block-size=2097152"
    "memorysetup-profiler-bucket-allocator-granularity=16"
    "memorysetup-profiler-bucket-allocator-bucket-count=8"
    "memorysetup-profiler-bucket-allocator-block-size=33554432"
    "memorysetup-profiler-bucket-allocator-block-count=8"
    "memorysetup-profiler-allocator-block-size=16777216"
    "memorysetup-profiler-editor-allocator-block-size=1048576"
    "memorysetup-temp-allocator-size-main=16777216"
    "memorysetup-job-temp-allocator-block-size=2097152"
    "memorysetup-job-temp-allocator-block-size-background=1048576"
    "memorysetup-job-temp-allocator-reduction-small-platforms=262144"
    "memorysetup-temp-allocator-size-cloud-worker=32768"
Player connection [2072]  Target information:

Player connection [2072]  * "[IP] 192.168.56.1 [Port] 55504 [Flags] 2 [Guid] 2461559764 [EditorId] 2461559764 [Version] 1048832 [Id] WindowsEditor(7,LAPTOP-586RIHMB) [Debug] 1 [PackageName] WindowsEditor [ProjectName] Editor" 

Player connection [2072]  * "[IP] 192.168.1.6 [Port] 55504 [Flags] 2 [Guid] 2461559764 [EditorId] 2461559764 [Version] 1048832 [Id] WindowsEditor(7,LAPTOP-586RIHMB) [Debug] 1 [PackageName] WindowsEditor [ProjectName] Editor" 

Player connection [2072] Host joined multi-casting on [225.0.0.222:54997]...
Player connection [2072] Host joined alternative multi-casting on [225.0.0.222:34997]...
Input System module state changed to: Initialized.
[Physics::Module] Initialized fallback backend.
[Physics::Module] Id: 0xdecafbad
[Package Manager] Connected to IPC stream "Upm-14576" after 0.2 seconds.
[Licensing::Client] Successfully resolved entitlement details
Library Redirect Path: Library/
[Physics::Module] Selected backend.
[Physics::Module] Name: PhysX
[Physics::Module] Id: 0xf2b8ea05
[Physics::Module] SDK Version: 4.1.2
[Physics::Module] Integration Version: 1.0.0
[Physics::Module] Threading Mode: Multi-Threaded
[Licensing::Client] Successfully resolved entitlement details
Targeting platform: Android
Refreshing native plugins compatible for Editor in 0.22 ms, found 0 plugins.
Preloading 0 native plugins for Editor in 0.00 ms.
Initialize engine version: 6000.3.24f1 (4e7b9b5b6244)
[Subsystems] Discovering subsystems at path D:/Unity/6000.3.24f1/Editor/Data/Resources/UnitySubsystems
[Subsystems] Discovering subsystems at path D:/Unity/RVA 1/Assets
Forcing GfxDevice: Null
GfxDevice: creating device client; kGfxThreadingModeNonThreaded
NullGfxDevice:
    Version:  NULL 1.0 [1.0]
    Renderer: Null Device
    Vendor:   Unity Technologies
Initialize mono
Mono path[0] = 'D:/Unity/6000.3.24f1/Editor/Data/Managed'
Mono path[1] = 'D:/Unity/6000.3.24f1/Editor/Data/MonoBleedingEdge/lib/mono/unityjit-win32'
Mono config path = 'D:/Unity/6000.3.24f1/Editor/Data/MonoBleedingEdge/etc'
Using monoOptions --debugger-agent=transport=dt_socket,embedding=1,server=y,suspend=n,address=127.0.0.1:56576
Using cacheserver namespaces - metadata:defaultmetadata, artifacts:defaultartifacts
Using cacheserver namespaces - metadata:defaultmetadata, artifacts:defaultartifacts
ImportWorker Server TCP listen port: 0
AcceleratorClientConnectionCallback - disconnected - :0
Begin MonoManager ReloadAssembly
Registering precompiled unity dll's ...
Register platform support module: D:/Unity/6000.3.24f1/Editor/Data/PlaybackEngines/WindowsStandaloneSupport/UnityEditor.WindowsStandalone.Extensions.dll
Register platform support module: D:/Unity/6000.3.24f1/Editor/Data/PlaybackEngines/AndroidPlayer/UnityEditor.Android.Extensions.dll
Registered in 0.001240 seconds.
- Loaded All Assemblies, in  0.379 seconds
Native extension for Android target not found
Native extension for WindowsStandalone target not found
Package Manager log level set to [2]
ScheduleIndexationOnStartup MainProcess:False IndexOnStartup:True
Mono: successfully reloaded assembly
- Finished resetting the current domain, in  0.363 seconds
Domain Reload Profiling: 742ms
	BeginReloadAssembly (119ms)
		ExecutionOrderSort (0ms)
		DisableScriptedObjects (0ms)
		BackupInstance (0ms)
		ReleaseScriptingObjects (0ms)
		CreateAndSetChildDomain (2ms)
	RebuildCommonClasses (35ms)
	RebuildNativeTypeToScriptingClass (13ms)
	initialDomainReloadingComplete (42ms)
	LoadAllAssembliesAndSetupDomain (170ms)
		LoadAssemblies (117ms)
		RebuildTransferFunctionScriptingTraits (0ms)
		AnalyzeDomain (167ms)
			TypeCache.Refresh (165ms)
				TypeCache.ScanAssembly (152ms)
			BuildScriptInfoCaches (0ms)
			ResolveRequiredComponents (0ms)
	FinalizeReload (364ms)
		ReleaseScriptCaches (0ms)
		RebuildScriptCaches (0ms)
		SetupLoadedEditorAssemblies (329ms)
			LogAssemblyErrors (0ms)
			InitializePlatformSupportModulesInManaged (55ms)
			SetLoadedEditorAssemblies (3ms)
			BeforeProcessingInitializeOnLoad (71ms)
			ProcessInitializeOnLoadAttributes (129ms)
			ProcessInitializeOnLoadMethodAttributes (71ms)
			AfterProcessingInitializeOnLoad (0ms)
			EditorAssembliesLoaded (0ms)
		ExecutionOrderSort2 (0ms)
		AwakeInstancesAfterBackupRestoration (0ms)
[Licensing::Client] Successfully resolved entitlement details
[Licensing::Client] Successfully resolved entitlement details
Application.AssetDatabase Initial Refresh Start
[Package Manager] Restoring resolved packages state from cache
[Licensing::Client] Successfully resolved entitlement details
[Package Manager] Registered 67 packages:
  Packages from [https://packages.unity.com]:
    com.unity.ide.rider@3.0.40 (location: D:\Unity\RVA 1\Library\PackageCache\com.unity.ide.rider@e4950c6d131b)
    com.unity.inputsystem@1.20.0 (location: D:\Unity\RVA 1\Library\PackageCache\com.unity.inputsystem@7a4e1a2a8194)
    com.unity.learn.iet-framework@6.0.2 (location: D:\Unity\RVA 1\Library\PackageCache\com.unity.learn.iet-framework@d18e3074646c)
    com.unity.mobile.android-logcat@1.4.7 (location: D:\Unity\RVA 1\Library\PackageCache\com.unity.mobile.android-logcat@a8a404f035b3)
    com.unity.xr.arcore@6.5.0 (location: D:\Unity\RVA 1\Library\PackageCache\com.unity.xr.arcore@faa8081af93f)
    com.unity.xr.arfoundation@6.5.0 (location: D:\Unity\RVA 1\Library\PackageCache\com.unity.xr.arfoundation@13d2457b468b)
    com.unity.xr.arkit@6.5.0 (location: D:\Unity\RVA 1\Library\PackageCache\com.unity.xr.arkit@f7ae96e6506f)
    com.unity.xr.interaction.toolkit@3.5.1 (location: D:\Unity\RVA 1\Library\PackageCache\com.unity.xr.interaction.toolkit@63ca3b7ce776)
    com.unity.xr.management@4.6.1 (location: D:\Unity\RVA 1\Library\PackageCache\com.unity.xr.management@df145a5bc89e)
    com.unity.xr.core-utils@2.6.0 (location: D:\Unity\RVA 1\Library\PackageCache\com.unity.xr.core-utils@a8b900321199)
    com.unity.xr.legacyinputhelpers@2.1.13 (location: D:\Unity\RVA 1\Library\PackageCache\com.unity.xr.legacyinputhelpers@9535ff2c27ac)
    com.unity.mathematics@1.3.3 (location: D:\Unity\RVA 1\Library\PackageCache\com.unity.mathematics@19a9377c4ffa)
    com.unity.editorcoroutines@1.1.0 (location: D:\Unity\RVA 1\Library\PackageCache\com.unity.editorcoroutines@87a15ed012c2)
    com.unity.settings-manager@2.1.1 (location: D:\Unity\RVA 1\Library\PackageCache\com.unity.settings-manager@0b8638c5ce86)
    com.unity.ide.visualstudio@2.0.26 (location: D:\Unity\RVA 1\Library\PackageCache\com.unity.ide.visualstudio@a99d56dec63f)
    com.unity.performance.profile-analyzer@1.4.0 (location: D:\Unity\RVA 1\Library\PackageCache\com.unity.performance.profile-analyzer@2bb26871883c)
    com.unity.testtools.codecoverage@1.3.0 (location: D:\Unity\RVA 1\Library\PackageCache\com.unity.testtools.codecoverage@19a841221620)
    com.unity.searcher@4.9.5 (location: D:\Unity\RVA 1\Library\PackageCache\com.unity.searcher@a463122f2c00)
    com.unity.burst@1.8.30 (location: D:\Unity\RVA 1\Library\PackageCache\com.unity.burst@2f3d916873ea)
    com.unity.collections@2.6.8 (location: D:\Unity\RVA 1\Library\PackageCache\com.unity.collections@84e8eb3fc12e)
    com.unity.nuget.mono-cecil@1.11.6 (location: D:\Unity\RVA 1\Library\PackageCache\com.unity.nuget.mono-cecil@ecb9724e46ff)
    com.unity.test-framework.performance@3.5.0 (location: D:\Unity\RVA 1\Library\PackageCache\com.unity.test-framework.performance@8b56083ec0f0)
  Built-in packages:
    com.unity.feature.development@1.0.2 (location: D:\Unity\RVA 1\Library\PackageCache\com.unity.feature.development@767aadbc6eb7)
    com.unity.multiplayer.center@1.0.1 (location: D:\Unity\RVA 1\Library\PackageCache\com.unity.multiplayer.center@f01f4ba8d00a)
    com.unity.render-pipelines.universal@17.3.0 (location: D:\Unity\RVA 1\Library\PackageCache\com.unity.render-pipelines.universal@a8b4b2fc3560)
    com.unity.modules.accessibility@1.0.0 (location: D:\Unity\RVA 1\Library\PackageCache\com.unity.modules.accessibility)
    com.unity.modules.adaptiveperformance@1.0.0 (location: D:\Unity\RVA 1\Library\PackageCache\com.unity.modules.adaptiveperformance)
    com.unity.modules.ai@1.0.0 (location: D:\Unity\RVA 1\Library\PackageCache\com.unity.modules.ai)
    com.unity.modules.androidjni@1.0.0 (location: D:\Unity\RVA 1\Library\PackageCache\com.unity.modules.androidjni)
    com.unity.modules.animation@1.0.0 (location: D:\Unity\RVA 1\Library\PackageCache\com.unity.modules.animation)
    com.unity.modules.assetbundle@1.0.0 (location: D:\Unity\RVA 1\Library\PackageCache\com.unity.modules.assetbundle)
    com.unity.modules.audio@1.0.0 (location: D:\Unity\RVA 1\Library\PackageCache\com.unity.modules.audio)
    com.unity.modules.cloth@1.0.0 (location: D:\Unity\RVA 1\Library\PackageCache\com.unity.modules.cloth)
    com.unity.modules.director@1.0.0 (location: D:\Unity\RVA 1\Library\PackageCache\com.unity.modules.director)
    com.unity.modules.imageconversion@1.0.0 (location: D:\Unity\RVA 1\Library\PackageCache\com.unity.modules.imageconversion)
    com.unity.modules.imgui@1.0.0 (location: D:\Unity\RVA 1\Library\PackageCache\com.unity.modules.imgui)
    com.unity.modules.jsonserialize@1.0.0 (location: D:\Unity\RVA 1\Library\PackageCache\com.unity.modules.jsonserialize)
    com.unity.modules.particlesystem@1.0.0 (location: D:\Unity\RVA 1\Library\PackageCache\com.unity.modules.particlesystem)
    com.unity.modules.physics@1.0.0 (location: D:\Unity\RVA 1\Library\PackageCache\com.unity.modules.physics)
    com.unity.modules.physics2d@1.0.0 (location: D:\Unity\RVA 1\Library\PackageCache\com.unity.modules.physics2d)
    com.unity.modules.screencapture@1.0.0 (location: D:\Unity\RVA 1\Library\PackageCache\com.unity.modules.screencapture)
    com.unity.modules.terrain@1.0.0 (location: D:\Unity\RVA 1\Library\PackageCache\com.unity.modules.terrain)
    com.unity.modules.terrainphysics@1.0.0 (location: D:\Unity\RVA 1\Library\PackageCache\com.unity.modules.terrainphysics)
    com.unity.modules.tilemap@1.0.0 (location: D:\Unity\RVA 1\Library\PackageCache\com.unity.modules.tilemap)
    com.unity.modules.ui@1.0.0 (location: D:\Unity\RVA 1\Library\PackageCache\com.unity.modules.ui)
    com.unity.modules.uielements@1.0.0 (location: D:\Unity\RVA 1\Library\PackageCache\com.unity.modules.uielements)
    com.unity.modules.umbra@1.0.0 (location: D:\Unity\RVA 1\Library\PackageCache\com.unity.modules.umbra)
    com.unity.modules.unityanalytics@1.0.0 (location: D:\Unity\RVA 1\Library\PackageCache\com.unity.modules.unityanalytics)
    com.unity.modules.unitywebrequest@1.0.0 (location: D:\Unity\RVA 1\Library\PackageCache\com.unity.modules.unitywebrequest)
    com.unity.modules.unitywebrequestassetbundle@1.0.0 (location: D:\Unity\RVA 1\Library\PackageCache\com.unity.modules.unitywebrequestassetbundle)
    com.unity.modules.unitywebrequestaudio@1.0.0 (location: D:\Unity\RVA 1\Library\PackageCache\com.unity.modules.unitywebrequestaudio)
    com.unity.modules.unitywebrequesttexture@1.0.0 (location: D:\Unity\RVA 1\Library\PackageCache\com.unity.modules.unitywebrequesttexture)
    com.unity.modules.unitywebrequestwww@1.0.0 (location: D:\Unity\RVA 1\Library\PackageCache\com.unity.modules.unitywebrequestwww)
    com.unity.modules.vectorgraphics@1.0.0 (location: D:\Unity\RVA 1\Library\PackageCache\com.unity.modules.vectorgraphics)
    com.unity.modules.vehicles@1.0.0 (location: D:\Unity\RVA 1\Library\PackageCache\com.unity.modules.vehicles)
    com.unity.modules.video@1.0.0 (location: D:\Unity\RVA 1\Library\PackageCache\com.unity.modules.video)
    com.unity.modules.vr@1.0.0 (location: D:\Unity\RVA 1\Library\PackageCache\com.unity.modules.vr)
    com.unity.modules.wind@1.0.0 (location: D:\Unity\RVA 1\Library\PackageCache\com.unity.modules.wind)
    com.unity.modules.xr@1.0.0 (location: D:\Unity\RVA 1\Library\PackageCache\com.unity.modules.xr)
    com.unity.modules.subsystems@1.0.0 (location: D:\Unity\RVA 1\Library\PackageCache\com.unity.modules.subsystems)
    com.unity.modules.hierarchycore@1.0.0 (location: D:\Unity\RVA 1\Library\PackageCache\com.unity.modules.hierarchycore)
    com.unity.ugui@2.0.0 (location: D:\Unity\RVA 1\Library\PackageCache\com.unity.ugui@b996e7548785)
    com.unity.render-pipelines.core@17.3.0 (location: D:\Unity\RVA 1\Library\PackageCache\com.unity.render-pipelines.core@0bb36005e9ba)
    com.unity.shadergraph@17.3.0 (location: D:\Unity\RVA 1\Library\PackageCache\com.unity.shadergraph@30c2e3926b79)
    com.unity.render-pipelines.universal-config@17.0.3 (location: D:\Unity\RVA 1\Library\PackageCache\com.unity.render-pipelines.universal-config@8dc1aab4af1d)
    com.unity.ext.nunit@2.0.5 (location: D:\Unity\RVA 1\Library\PackageCache\com.unity.ext.nunit@d8c07649098d)
    com.unity.test-framework@1.6.0 (location: D:\Unity\RVA 1\Library\PackageCache\com.unity.test-framework@bd7f943e9647)
[Subsystems] Looking for new subsystems at path D:\Unity\RVA 1\Library\PackageCache\com.unity.xr.arfoundation@13d2457b468b
[Subsystems] Novel subsystem found at Library/PackageCache/com.unity.xr.arfoundation@13d2457b468b/Runtime/UnitySubsystemsManifest.json
[Subsystems] Discovering subsystems at path D:/Unity/6000.3.24f1/Editor/Data/Resources/UnitySubsystems
[Subsystems] Discovering subsystems at path D:/Unity/RVA 1/Assets
[Subsystems] Discovering subsystems at path D:\Unity\RVA 1\Library\PackageCache\com.unity.xr.arfoundation@13d2457b468b
[Subsystems] No descriptors matched for  examples in Library/PackageCache/com.unity.xr.arfoundation@13d2457b468b/Runtime/UnitySubsystemsManifest.json.
[Subsystems] 1 'inputs' descriptors matched in Library/PackageCache/com.unity.xr.arfoundation@13d2457b468b/Runtime/UnitySubsystemsManifest.json
[Subsystems] No descriptors matched for  displays in Library/PackageCache/com.unity.xr.arfoundation@13d2457b468b/Runtime/UnitySubsystemsManifest.json.
[Subsystems] 1 'meshings' descriptors matched in Library/PackageCache/com.unity.xr.arfoundation@13d2457b468b/Runtime/UnitySubsystemsManifest.json
[Package Manager] Done registering packages in 0.02 seconds
[ScriptCompilation] Requested script compilation because: InitialRefresh: Force Refresh Recompile flag enabled
Starting: D:\Unity\6000.3.24f1\Editor\Data\Tools\BuildPipeline\bee_backend.exe --ipc --defer-dag-verification --dagfile="Library/Bee/1300b0aE.dag" --continue-on-failure --profile="Library/Bee/backend1.traceevents" ScriptAssemblies
WorkingDir: D:/Unity/RVA 1
ExitCode: 4 Duration: 0s33ms
[             ] Require frontend run.  Library/Bee/1300b0aE.dag couldn't be loaded
DisplayProgressbar: Compiling Scripts
Starting: D:\Unity\6000.3.24f1\Editor\Data\netcorerun\netcorerun.exe "D:\Unity\6000.3.24f1\Editor\Data\Tools\BuildPipeline\ScriptCompilationBuildProgram.exe" "Library/Bee/1300b0aE.dag.json" "Library/Bee/1300b0aE-inputdata.json" "Library\Bee\buildprogram0.traceevents"
WorkingDir: D:/Unity/RVA 1
ExitCode: 0 Duration: 0s730ms
Starting: D:\Unity\6000.3.24f1\Editor\Data\Tools\BuildPipeline\bee_backend.exe --ipc --defer-dag-verification --dagfile="Library/Bee/1300b0aE.dag" --continue-on-failure --dagfilejson="Library\Bee\1300b0aE.dag.json" --profile="Library/Bee/backend2.traceevents" ScriptAssemblies
WorkingDir: D:/Unity/RVA 1
ExitCode: 0 Duration: 18s
Finished compiling graph: 1156 nodes, 22957 flattened edges (18349 ToBuild, 186 ToUse), maximum node priority 1343
[ 132/1153  0s] WriteText Library/Bee/artifacts/1300b0aE.dag/UnityEngine.TestRunner.rsp2
[ 144/1153  0s] WriteText Library/Bee/artifacts/1300b0aE.dag/UnityEngine.TestRunner.UnityAdditionalFile.txt
[ 145/1153  0s] WriteText Library/Bee/artifacts/1300b0aE.dag/UnityEditor.TestRunner.rsp2
[ 146/1153  0s] WriteText Library/Bee/artifacts/1300b0aE.dag/UnityEngine.UI.rsp2
[ 147/1153  0s] WriteText Library/Bee/artifacts/1300b0aE.dag/UnityEngine.UI.dll.mvfrm.rsp
[ 148/1153  0s] WriteText Library/Bee/artifacts/1300b0aE.dag/UnityEngine.UI.UnityAdditionalFile.txt
[ 149/1153  0s] WriteText Library/Bee/artifacts/1300b0aE.dag/UnityEngine.TestRunner.rsp
[ 150/1153  0s] WriteText Library/Bee/artifacts/1300b0aE.dag/UnityEditor.TestRunner.UnityAdditionalFile.txt
[ 151/1153  0s] WriteText Library/Bee/artifacts/1300b0aE.dag/UnityEngine.UI.rsp
[ 152/1153  0s] WriteText Library/Bee/artifacts/1300b0aE.dag/UnityEditor.UI.UnityAdditionalFile.txt
[ 153/1153  0s] WriteText Library/Bee/artifacts/1300b0aE.dag/UnityEditor.TestRunner.rsp
[ 154/1153  0s] WriteText Library/Bee/artifacts/1300b0aE.dag/UnityEditor.UI.rsp
[ 155/1153  0s] WriteText Library/Bee/artifacts/1300b0aE.dag/UnityEditor.UI.dll.mvfrm.rsp
[ 157/1153  0s] WriteText Library/Bee/artifacts/1300b0aE.dag/Unity.Mathematics.UnityAdditionalFile.txt
[ 158/1153  0s] WriteText Library/Bee/artifacts/1300b0aE.dag/Unity.Mathematics.rsp2
[ 159/1153  0s] WriteText Library/Bee/artifacts/1300b0aE.dag/UnityEngine.TestRunner.dll.mvfrm.rsp
[ 160/1153  0s] WriteText Library/Bee/artifacts/1300b0aE.dag/Unity.Mathematics.dll.mvfrm.rsp
[ 161/1153  0s] WriteText Library/Bee/artifacts/1300b0aE.dag/Unity.Burst.dll.mvfrm.rsp
[ 162/1153  0s] WriteText Library/Bee/artifacts/1300b0aE.dag/Unity.Burst.rsp
[ 163/1153  0s] WriteText Library/Bee/artifacts/1300b0aE.dag/Unity.Burst.rsp2
[ 164/1153  0s] WriteText Library/Bee/artifacts/1300b0aE.dag/Unity.Collections.UnityAdditionalFile.txt
[ 165/1153  0s] WriteText Library/Bee/artifacts/1300b0aE.dag/Unity.InputSystem.rsp2
[ 166/1153  0s] WriteText Library/Bee/artifacts/1300b0aE.dag/Unity.Collections.rsp2
[ 167/1153  0s] WriteText Library/Bee/artifacts/1300b0aE.dag/UnityEngine.SpatialTracking.rsp2
[ 168/1153  0s] WriteText Library/Bee/artifacts/1300b0aE.dag/UnityEngine.SpatialTracking.UnityAdditionalFile.txt
[ 169/1153  0s] WriteText Library/Bee/artifacts/1300b0aE.dag/Unity.Collections.rsp
[ 170/1153  0s] WriteText Library/Bee/artifacts/1300b0aE.dag/Unity.InputSystem.UnityAdditionalFile.txt
[ 171/1153  0s] WriteText Library/Bee/artifacts/1300b0aE.dag/Unity.Collections.dll.mvfrm.rsp
[ 172/1153  0s] WriteText Library/Bee/artifacts/1300b0aE.dag/Unity.InputSystem.rsp
[ 173/1153  0s] WriteText Library/Bee/artifacts/1300b0aE.dag/UnityEngine.SpatialTracking.dll.mvfrm.rsp
[ 174/1153  0s] WriteText Library/Bee/artifacts/1300b0aE.dag/UnityEngine.SpatialTracking.rsp
[ 175/1153  0s] WriteText Library/Bee/artifacts/1300b0aE.dag/Unity.InputSystem.dll.mvfrm.rsp
[ 176/1153  0s] WriteText Library/Bee/artifacts/1300b0aE.dag/Unity.RenderPipelines.Core.Runtime.rsp2
[ 177/1153  0s] WriteText Library/Bee/artifacts/1300b0aE.dag/Unity.XR.CoreUtils.UnityAdditionalFile.txt
[ 178/1153  0s] WriteText Library/Bee/artifacts/1300b0aE.dag/Unity.RenderPipelines.Core.Runtime.dll.mvfrm.rsp
[ 179/1153  0s] WriteText Library/Bee/artifacts/1300b0aE.dag/Unity.XR.CoreUtils.dll.mvfrm.rsp
[ 180/1153  0s] WriteText Library/Bee/artifacts/1300b0aE.dag/Unity.XR.CoreUtils.rsp2
[ 181/1153  0s] WriteText Library/Bee/artifacts/1300b0aE.dag/Unity.XR.CoreUtils.rsp
[ 182/1153  0s] WriteText Library/Bee/artifacts/1300b0aE.dag/Unity.Burst.CodeGen.UnityAdditionalFile.txt
[ 183/1153  0s] WriteText Library/Bee/artifacts/1300b0aE.dag/Unity.RenderPipelines.Core.Runtime.UnityAdditionalFile.txt
[ 184/1153  0s] WriteText Library/Bee/artifacts/1300b0aE.dag/Unity.Collections.CodeGen.UnityAdditionalFile.txt
[ 185/1153  0s] WriteText Library/Bee/artifacts/1300b0aE.dag/Unity.XR.Management.rsp2
[ 186/1153  0s] WriteText Library/Bee/artifacts/1300b0aE.dag/Unity.XR.Management.UnityAdditionalFile.txt
[ 187/1153  0s] WriteText Library/Bee/artifacts/1300b0aE.dag/Unity.Burst.CodeGen.rsp2
[ 188/1153  0s] WriteText Library/Bee/artifacts/1300b0aE.dag/UnityEditor.UI.rsp2
[ 189/1153  0s] WriteText Library/Bee/artifacts/1300b0aE.dag/Unity.Burst.UnityAdditionalFile.txt
[ 190/1153  0s] WriteText Library/Bee/artifacts/1300b0aE.dag/Unity.XR.ARSubsystems.rsp2
[ 191/1153  0s] WriteText Library/Bee/artifacts/1300b0aE.dag/Unity.XR.ARSubsystems.UnityAdditionalFile.txt
[ 192/1153  0s] WriteText Library/Bee/artifacts/1300b0aE.dag/UnityEditor.TestRunner.dll.mvfrm.rsp
[ 193/1153  0s] WriteText Library/Bee/artifacts/1300b0aE.dag/Unity.Collections.CodeGen.rsp2
[ 194/1153  0s] WriteText Library/Bee/artifacts/1300b0aE.dag/Unity.RenderPipelines.GPUDriven.Runtime.UnityAdditionalFile.txt
[ 195/1153  0s] WriteText Library/Bee/artifacts/1300b0aE.dag/Unity.RenderPipelines.GPUDriven.Runtime.rsp2
[ 196/1153  0s] WriteText Library/Bee/artifacts/1300b0aE.dag/Unity.UnifiedRayTracing.Runtime.UnityAdditionalFile.txt
[ 197/1153  0s] WriteText Library/Bee/artifacts/1300b0aE.dag/Unity.UnifiedRayTracing.Runtime.rsp2
[ 198/1153  0s] WriteText Library/Bee/artifacts/1300b0aE.dag/Unity.RenderPipelines.Core.Runtime.Shared.rsp2
[ 199/1153  0s] WriteText Library/Bee/artifacts/1300b0aE.dag/Unity.RenderPipelines.Core.Runtime.Shared.UnityAdditionalFile.txt
[ 200/1153  0s] WriteText Library/Bee/artifacts/1300b0aE.dag/Unity.RenderPipeline.Universal.ShaderLibrary.rsp2
[ 201/1153  0s] WriteText Library/Bee/artifacts/1300b0aE.dag/Unity.RenderPipeline.Universal.ShaderLibrary.UnityAdditionalFile.txt
[ 202/1153  0s] WriteText Library/Bee/artifacts/1300b0aE.dag/Unity.RenderPipelines.Universal.Config.Runtime.UnityAdditionalFile.txt
[ 203/1153  0s] WriteText Library/Bee/artifacts/1300b0aE.dag/Unity.XR.Management.dll.mvfrm.rsp
[ 204/1153  0s] WriteText Library/Bee/artifacts/1300b0aE.dag/Unity.XR.Management.rsp
[ 205/1153  0s] WriteText Library/Bee/artifacts/1300b0aE.dag/Unity.RenderPipelines.GPUDriven.Runtime.dll.mvfrm.rsp
[ 206/1153  0s] WriteText Library/Bee/artifacts/1300b0aE.dag/Unity.RenderPipelines.Universal.Config.Runtime.rsp2
[ 207/1153  0s] WriteText Library/Bee/artifacts/1300b0aE.dag/Unity.XR.ARSubsystems.dll.mvfrm.rsp
[ 208/1153  0s] WriteText Library/Bee/artifacts/1300b0aE.dag/Unity.RenderPipelines.GPUDriven.Runtime.rsp
[ 209/1153  0s] WriteText Library/Bee/artifacts/1300b0aE.dag/Unity.RenderPipelines.Core.Runtime.Shared.dll.mvfrm.rsp
[ 210/1153  0s] WriteText Library/Bee/artifacts/1300b0aE.dag/Unity.UnifiedRayTracing.Runtime.rsp
[ 211/1153  0s] WriteText Library/Bee/artifacts/1300b0aE.dag/Unity.RenderPipelines.Core.Runtime.Shared.rsp
[ 212/1153  0s] WriteText Library/Bee/artifacts/1300b0aE.dag/Unity.XR.ARSubsystems.rsp
[ 216/1153  0s] WriteText Library/Bee/artifacts/1300b0aE.dag/Unity.Mathematics.rsp
[ 217/1153  0s] WriteText Library/Bee/artifacts/1300b0aE.dag/Unity.UnifiedRayTracing.Runtime.dll.mvfrm.rsp
[ 220/1153  0s] WriteText Library/Bee/artifacts/1300b0aE.dag/Unity.RenderPipelines.Universal.Config.Runtime.dll.mvfrm.rsp
[ 221/1153  0s] WriteText Library/Bee/artifacts/1300b0aE.dag/Unity.RenderPipeline.Universal.ShaderLibrary.rsp
[ 222/1153  0s] WriteText Library/Bee/artifacts/1300b0aE.dag/Unity.RenderPipelines.Universal.Runtime.rsp2
[ 223/1153  0s] WriteText Library/Bee/artifacts/1300b0aE.dag/Unity.RenderPipelines.Universal.Runtime.UnityAdditionalFile.txt
[ 224/1153  0s] WriteText Library/Bee/artifacts/1300b0aE.dag/Unity.RenderPipelines.Universal.Config.Runtime.rsp
[ 225/1153  0s] WriteText Library/Bee/artifacts/1300b0aE.dag/Unity.XR.ARFoundation.InternalUtils.rsp2
[ 226/1153  0s] WriteText Library/Bee/artifacts/1300b0aE.dag/Unity.Collections.CodeGen.rsp
[ 227/1153  0s] WriteText Library/Bee/artifacts/1300b0aE.dag/Unity.RenderPipelines.Universal.Runtime.dll.mvfrm.rsp
[ 228/1153  0s] WriteText Library/Bee/artifacts/1300b0aE.dag/Unity.Collections.CodeGen.dll.mvfrm.rsp
[ 229/1153  0s] WriteText Library/Bee/artifacts/1300b0aE.dag/Unity.XR.ARFoundation.InternalUtils.UnityAdditionalFile.txt
[ 230/1153  0s] WriteText Library/Bee/artifacts/1300b0aE.dag/Unity.Burst.CodeGen.rsp
[ 231/1153  0s] WriteText Library/Bee/artifacts/1300b0aE.dag/Unity.RenderPipelines.Universal.Runtime.rsp
[ 232/1153  0s] WriteText Library/Bee/artifacts/1300b0aE.dag/Unity.XR.CoreUtils.Editor.UnityAdditionalFile.txt
[ 233/1153  0s] WriteText Library/Bee/artifacts/1300b0aE.dag/Unity.XR.CoreUtils.Editor.rsp2
[ 234/1153  0s] WriteText Library/Bee/artifacts/1300b0aE.dag/Unity.XR.ARFoundation.InternalUtils.dll.mvfrm.rsp
[ 235/1153  0s] WriteText Library/Bee/artifacts/1300b0aE.dag/Unity.InternalAPIEngineBridge.004.UnityAdditionalFile.txt
[ 236/1153  0s] WriteText Library/Bee/artifacts/1300b0aE.dag/Unity.RenderPipeline.Universal.ShaderLibrary.dll.mvfrm.rsp
[ 237/1153  0s] WriteText Library/Bee/artifacts/1300b0aE.dag/Unity.InternalAPIEngineBridge.004.dll.mvfrm.rsp
[ 238/1153  0s] WriteText Library/Bee/artifacts/1300b0aE.dag/Unity.XR.ARFoundation.InternalUtils.rsp
[ 239/1153  0s] WriteText Library/Bee/artifacts/1300b0aE.dag/Unity.XR.ARFoundation.UnityAdditionalFile.txt
[ 240/1153  0s] WriteText Library/Bee/artifacts/1300b0aE.dag/Unity.TextMeshPro.rsp2
[ 241/1153  0s] WriteText Library/Bee/artifacts/1300b0aE.dag/Unity.InternalAPIEngineBridge.004.rsp
[ 242/1153  0s] WriteText Library/Bee/artifacts/1300b0aE.dag/Unity.XR.ARFoundation.rsp2
[ 243/1153  0s] WriteText Library/Bee/artifacts/1300b0aE.dag/Unity.TextMeshPro.UnityAdditionalFile.txt
[ 244/1153  0s] WriteText Library/Bee/artifacts/1300b0aE.dag/Unity.XR.CoreUtils.Editor.dll.mvfrm.rsp
[ 245/1153  0s] WriteText Library/Bee/artifacts/1300b0aE.dag/Unity.InputSystem.ForUI.UnityAdditionalFile.txt
[ 246/1153  0s] WriteText Library/Bee/artifacts/1300b0aE.dag/UnityEngine.XR.LegacyInputHelpers.rsp2
[ 247/1153  0s] WriteText Library/Bee/artifacts/1300b0aE.dag/UnityEngine.XR.LegacyInputHelpers.UnityAdditionalFile.txt
[ 248/1153  0s] WriteText Library/Bee/artifacts/1300b0aE.dag/Unity.XR.CoreUtils.Editor.rsp
[ 249/1153  0s] WriteText Library/Bee/artifacts/1300b0aE.dag/Unity.XR.Simulation.rsp2
[ 250/1153  0s] WriteText Library/Bee/artifacts/1300b0aE.dag/Unity.InputSystem.ForUI.rsp2
[ 251/1153  0s] WriteText Library/Bee/artifacts/1300b0aE.dag/Unity.TextMeshPro.dll.mvfrm.rsp
[ 252/1153  0s] WriteText Library/Bee/artifacts/1300b0aE.dag/Unity.XR.ARFoundation.dll.mvfrm.rsp
[ 253/1153  0s] WriteText Library/Bee/artifacts/1300b0aE.dag/Unity.Burst.CodeGen.dll.mvfrm.rsp
[ 254/1153  0s] WriteText Library/Bee/artifacts/1300b0aE.dag/Unity.InternalAPIEngineBridge.004.rsp2
[ 255/1153  0s] WriteText Library/Bee/artifacts/1300b0aE.dag/Unity.XR.ARFoundation.rsp
[ 256/1153  0s] WriteText Library/Bee/artifacts/1300b0aE.dag/Unity.TextMeshPro.rsp
[ 257/1153  0s] WriteText Library/Bee/artifacts/1300b0aE.dag/Unity.RenderPipelines.Core.Runtime.rsp
[ 258/1153  0s] WriteText Library/Bee/artifacts/1300b0aE.dag/Unity.RenderPipelines.Core.Editor.UnityAdditionalFile.txt
[ 259/1153  0s] WriteText Library/Bee/artifacts/1300b0aE.dag/Unity.RenderPipelines.Core.Editor.rsp2
[ 260/1153  0s] WriteText Library/Bee/artifacts/1300b0aE.dag/Unity.XR.Simulation.dll.mvfrm.rsp
[ 261/1153  0s] WriteText Library/Bee/artifacts/1300b0aE.dag/UnityEngine.XR.LegacyInputHelpers.dll.mvfrm.rsp
[ 262/1153  0s] WriteText Library/Bee/artifacts/1300b0aE.dag/UnityEngine.XR.LegacyInputHelpers.rsp
[ 263/1153  0s] WriteText Library/Bee/artifacts/1300b0aE.dag/Unity.XR.Simulation.rsp
[ 264/1153  0s] WriteText Library/Bee/artifacts/1300b0aE.dag/Unity.InputSystem.ForUI.rsp
[ 265/1153  0s] WriteText Library/Bee/artifacts/1300b0aE.dag/Unity.XR.Interaction.Toolkit.rsp2
[ 266/1153  0s] WriteText Library/Bee/artifacts/1300b0aE.dag/Unity.XR.Management.Editor.rsp2
[ 267/1153  0s] WriteText Library/Bee/artifacts/1300b0aE.dag/Unity.Searcher.Editor.rsp2
[ 268/1153  0s] WriteText Library/Bee/artifacts/1300b0aE.dag/Unity.RenderPipelines.Core.Editor.dll.mvfrm.rsp
[ 269/1153  0s] WriteText Library/Bee/artifacts/1300b0aE.dag/Unity.XR.Interaction.Toolkit.UnityAdditionalFile.txt
[ 270/1153  0s] WriteText Library/Bee/artifacts/1300b0aE.dag/Unity.RenderPipelines.Core.Editor.rsp
[ 271/1153  0s] WriteText Library/Bee/artifacts/1300b0aE.dag/Unity.InputSystem.ForUI.dll.mvfrm.rsp
[ 272/1153  0s] WriteResponseFile Library/Bee/artifacts/rsp/4747638433968585886.rsp
[ 273/1153  0s] WriteText Library/Bee/artifacts/1300b0aE.dag/Unity.ShaderGraph.Utilities.UnityAdditionalFile.txt
[ 274/1153  0s] WriteText Library/Bee/artifacts/1300b0aE.dag/Unity.ShaderGraph.Utilities.rsp2
[ 275/1153  0s] WriteText Library/Bee/artifacts/1300b0aE.dag/Unity.Searcher.Editor.rsp
[ 276/1153  0s] WriteText Library/Bee/artifacts/1300b0aE.dag/Unity.XR.Management.Editor.dll.mvfrm.rsp
[ 277/1153  0s] WriteText Library/Bee/artifacts/1300b0aE.dag/Unity.Searcher.Editor.dll.mvfrm.rsp
[ 278/1153  0s] WriteText Library/Bee/artifacts/1300b0aE.dag/Unity.XR.Interaction.Toolkit.dll.mvfrm.rsp
[ 279/1153  0s] WriteText Library/Bee/artifacts/1300b0aE.dag/Unity.ShaderGraph.Utilities.dll.mvfrm.rsp
[ 280/1153  0s] WriteText Library/Bee/artifacts/1300b0aE.dag/Unity.ShaderGraph.Utilities.rsp
[ 281/1153  0s] WriteText Library/Bee/artifacts/1300b0aE.dag/Unity.XR.Management.Editor.UnityAdditionalFile.txt
[ 282/1153  0s] WriteText Library/Bee/artifacts/1300b0aE.dag/Unity.Searcher.Editor.UnityAdditionalFile.txt
[ 283/1153  0s] WriteText Library/Bee/artifacts/1300b0aE.dag/Unity.XR.Management.Editor.rsp
[ 284/1153  0s] WriteText Library/Bee/artifacts/1300b0aE.dag/Unity.Burst.Editor.UnityAdditionalFile.txt
[ 285/1153  0s] WriteText Library/Bee/artifacts/1300b0aE.dag/Unity.XR.Interaction.Toolkit.rsp
[ 286/1153  0s] WriteText Library/Bee/artifacts/1300b0aE.dag/Unity.ShaderGraph.Editor.rsp2
[ 287/1153  0s] WriteText Library/Bee/artifacts/1300b0aE.dag/Unity.XR.Simulation.UnityAdditionalFile.txt
[ 288/1153  0s] WriteText Library/Bee/artifacts/1300b0aE.dag/Unity.ShaderGraph.Editor.UnityAdditionalFile.txt
[ 289/1153  0s] WriteText Library/Bee/artifacts/1300b0aE.dag/Unity.Mathematics.Editor.UnityAdditionalFile.txt
[ 290/1153  0s] WriteText Library/Bee/artifacts/1300b0aE.dag/Unity.RenderPipelines.Core.Editor.Shared.dll.mvfrm.rsp
[ 291/1153  0s] WriteText Library/Bee/artifacts/1300b0aE.dag/Unity.RenderPipelines.Universal.2D.Runtime.dll.mvfrm.rsp
[ 292/1153  0s] WriteText Library/Bee/artifacts/1300b0aE.dag/Unity.Burst.Editor.dll.mvfrm.rsp
[ 293/1153  0s] WriteText Library/Bee/artifacts/1300b0aE.dag/Unity.Mathematics.Editor.rsp2
[ 294/1153  0s] WriteText Library/Bee/artifacts/1300b0aE.dag/Unity.RenderPipelines.Core.Editor.Shared.rsp
[ 295/1153  0s] WriteText Library/Bee/artifacts/1300b0aE.dag/Unity.RenderPipelines.Universal.2D.Runtime.rsp
[ 296/1153  0s] WriteText Library/Bee/artifacts/1300b0aE.dag/Unity.Burst.Editor.rsp2
[ 297/1153  0s] WriteText Library/Bee/artifacts/1300b0aE.dag/Unity.ShaderGraph.Editor.rsp
[ 298/1153  0s] WriteText Library/Bee/artifacts/1300b0aE.dag/Unity.ShaderGraph.Editor.dll.mvfrm.rsp
[ 299/1153  0s] WriteText Library/Bee/artifacts/1300b0aE.dag/Unity.Mathematics.Editor.rsp
[ 300/1153  0s] WriteText Library/Bee/artifacts/1300b0aE.dag/Unity.EditorCoroutines.Editor.rsp2
[ 301/1153  0s] WriteText Library/Bee/artifacts/1300b0aE.dag/Unity.Burst.Editor.rsp
[ 302/1153  0s] WriteText Library/Bee/artifacts/1300b0aE.dag/Unity.XR.Interaction.Toolkit.Editor.UnityAdditionalFile.txt
[ 303/1153  0s] WriteText Library/Bee/artifacts/1300b0aE.dag/Unity.EditorCoroutines.Editor.UnityAdditionalFile.txt
[ 304/1153  0s] WriteText Library/Bee/artifacts/1300b0aE.dag/Unity.XR.Interaction.Toolkit.Editor.rsp2
[ 305/1153  0s] WriteText Library/Bee/artifacts/1300b0aE.dag/Unity.RenderPipelines.Universal.2D.Runtime.UnityAdditionalFile.txt
[ 306/1153  0s] WriteText Library/Bee/artifacts/1300b0aE.dag/Unity.XR.ARAnalytics.Editor.UnityAdditionalFile.txt
[ 307/1153  0s] WriteText Library/Bee/artifacts/1300b0aE.dag/Unity.RenderPipelines.Universal.Editor.rsp2
[ 308/1153  0s] WriteText Library/Bee/artifacts/1300b0aE.dag/Unity.XR.ARSubsystems.Editor.UnityAdditionalFile.txt
[ 309/1153  0s] WriteText Library/Bee/artifacts/1300b0aE.dag/Unity.XR.ARSubsystems.Editor.rsp2
[ 310/1153  0s] WriteText Library/Bee/artifacts/1300b0aE.dag/Unity.RenderPipelines.Universal.Editor.UnityAdditionalFile.txt
[ 311/1153  0s] WriteText Library/Bee/artifacts/1300b0aE.dag/Unity.TestTools.CodeCoverage.Editor.OpenCover.Mono.Reflection.rsp2
[ 312/1153  0s] WriteText Library/Bee/artifacts/1300b0aE.dag/Unity.Settings.Editor.rsp2
[ 313/1153  0s] WriteText Library/Bee/artifacts/1300b0aE.dag/Unity.XR.ARAnalytics.Editor.rsp2
[ 314/1153  0s] WriteText Library/Bee/artifacts/1300b0aE.dag/Unity.RenderPipelines.Universal.2D.Runtime.rsp2
[ 315/1153  0s] WriteText Library/Bee/artifacts/1300b0aE.dag/Unity.Multiplayer.Center.Common.UnityAdditionalFile.txt
[ 316/1153  0s] WriteText Library/Bee/artifacts/1300b0aE.dag/Unity.TestTools.CodeCoverage.Editor.OpenCover.Model.rsp2
[ 317/1153  0s] WriteText Library/Bee/artifacts/1300b0aE.dag/Unity.Settings.Editor.UnityAdditionalFile.txt
[ 318/1153  0s] WriteText Library/Bee/artifacts/1300b0aE.dag/Unity.XR.Interaction.Toolkit.Samples.StarterAssets.rsp2
[ 319/1153  0s] WriteText Library/Bee/artifacts/1300b0aE.dag/Unity.XR.ARCore.rsp2
[ 320/1153  0s] WriteText Library/Bee/artifacts/1300b0aE.dag/Unity.RenderPipelines.Core.Editor.Shared.rsp2
[ 321/1153  0s] WriteText Library/Bee/artifacts/1300b0aE.dag/Unity.XR.ARFoundation.VisualScripting.UnityAdditionalFile.txt
[ 322/1153  0s] WriteText Library/Bee/artifacts/1300b0aE.dag/Unity.TestTools.CodeCoverage.Editor.OpenCover.Mono.Reflection.UnityAdditionalFile.txt
[ 323/1153  0s] WriteText Library/Bee/artifacts/1300b0aE.dag/Unity.XR.Interaction.Toolkit.Analytics.Editor.rsp2
[ 324/1153  0s] WriteText Library/Bee/artifacts/1300b0aE.dag/Unity.XR.ARKit.UnityAdditionalFile.txt
[ 325/1153  0s] WriteText Library/Bee/artifacts/1300b0aE.dag/Unity.TestTools.CodeCoverage.Editor.OpenCover.Model.UnityAdditionalFile.txt
[ 326/1153  0s] WriteText Library/Bee/artifacts/1300b0aE.dag/Unity.XR.Interaction.Toolkit.Analytics.Editor.UnityAdditionalFile.txt
[ 327/1153  0s] WriteText Library/Bee/artifacts/1300b0aE.dag/Unity.XR.ARFoundation.VisualScripting.rsp2
[ 328/1153  0s] WriteText Library/Bee/artifacts/1300b0aE.dag/Unity.Tutorials.rsp2
[ 329/1153  0s] WriteText Library/Bee/artifacts/1300b0aE.dag/Unity.InternalAPIEngineBridge.007.rsp2
[ 330/1153  0s] WriteText Library/Bee/artifacts/1300b0aE.dag/Unity.Tutorials.UnityAdditionalFile.txt
[ 331/1153  0s] WriteText Library/Bee/artifacts/1300b0aE.dag/Unity.InternalAPIEditorBridge.007.UnityAdditionalFile.txt
[ 332/1153  0s] WriteText Library/Bee/artifacts/1300b0aE.dag/Unity.XR.ARCore.UnityAdditionalFile.txt
[ 333/1153  0s] WriteText Library/Bee/artifacts/1300b0aE.dag/Unity.InternalAPIEditorBridge.007.rsp2
[ 334/1153  0s] WriteText Library/Bee/artifacts/1300b0aE.dag/Unity.InternalAPIEngineBridge.007.UnityAdditionalFile.txt
[ 335/1153  0s] WriteText Library/Bee/artifacts/1300b0aE.dag/Unity.RenderPipelines.Core.Editor.Shared.UnityAdditionalFile.txt
[ 336/1153  0s] WriteText Library/Bee/artifacts/1300b0aE.dag/Unity.Mathematics.Editor.dll.mvfrm.rsp
[ 337/1153  0s] WriteText Library/Bee/artifacts/1300b0aE.dag/Unity.EditorCoroutines.Editor.dll.mvfrm.rsp
[ 338/1153  0s] WriteText Library/Bee/artifacts/1300b0aE.dag/Unity.Multiplayer.Center.Common.rsp2
[ 339/1153  0s] WriteText Library/Bee/artifacts/1300b0aE.dag/Unity.XR.ARKit.rsp2
[ 340/1153  0s] WriteText Library/Bee/artifacts/1300b0aE.dag/Unity.XR.Interaction.Toolkit.Editor.rsp
[ 341/1153  0s] WriteText Library/Bee/artifacts/1300b0aE.dag/Unity.XR.Interaction.Toolkit.Editor.dll.mvfrm.rsp
[ 342/1153  0s] WriteText Library/Bee/artifacts/1300b0aE.dag/Unity.XR.Interaction.Toolkit.Samples.StarterAssets.UnityAdditionalFile.txt
[ 343/1153  0s] WriteText Library/Bee/artifacts/1300b0aE.dag/Unity.Settings.Editor.dll.mvfrm.rsp
[ 344/1153  0s] WriteText Library/Bee/artifacts/1300b0aE.dag/Unity.XR.ARAnalytics.Editor.dll.mvfrm.rsp
[ 345/1153  0s] WriteText Library/Bee/artifacts/1300b0aE.dag/Unity.RenderPipelines.Universal.Editor.dll.mvfrm.rsp
[ 346/1153  0s] WriteText Library/Bee/artifacts/1300b0aE.dag/Unity.XR.ARSubsystems.Editor.rsp
[ 347/1153  0s] WriteText Library/Bee/artifacts/1300b0aE.dag/Unity.Tutorials.dll.mvfrm.rsp
[ 348/1153  0s] WriteText Library/Bee/artifacts/1300b0aE.dag/Unity.XR.ARKit.dll.mvfrm.rsp
[ 349/1153  0s] WriteText Library/Bee/artifacts/1300b0aE.dag/Unity.XR.Interaction.Toolkit.Samples.StarterAssets.dll.mvfrm.rsp
[ 350/1153  0s] WriteText Library/Bee/artifacts/1300b0aE.dag/Unity.EditorCoroutines.Editor.rsp
[ 351/1153  0s] WriteText Library/Bee/artifacts/1300b0aE.dag/Unity.Settings.Editor.rsp
[ 352/1153  0s] WriteText Library/Bee/artifacts/1300b0aE.dag/Unity.XR.ARFoundation.VisualScripting.dll.mvfrm.rsp
[ 353/1153  0s] WriteText Library/Bee/artifacts/1300b0aE.dag/Unity.TestTools.CodeCoverage.Editor.OpenCover.Mono.Reflection.dll.mvfrm.rsp
[ 354/1153  0s] WriteText Library/Bee/artifacts/1300b0aE.dag/Unity.TestTools.CodeCoverage.Editor.OpenCover.Model.dll.mvfrm.rsp
[ 355/1153  0s] WriteText Library/Bee/artifacts/1300b0aE.dag/Unity.XR.ARCore.dll.mvfrm.rsp
[ 356/1153  0s] WriteText Library/Bee/artifacts/1300b0aE.dag/Unity.Multiplayer.Center.Common.dll.mvfrm.rsp
[ 357/1153  0s] WriteText Library/Bee/artifacts/1300b0aE.dag/Unity.Multiplayer.Center.Common.rsp
[ 358/1153  0s] WriteText Library/Bee/artifacts/1300b0aE.dag/Unity.TestTools.CodeCoverage.Editor.OpenCover.Model.rsp
[ 359/1153  0s] WriteText Library/Bee/artifacts/1300b0aE.dag/Unity.TestTools.CodeCoverage.Editor.OpenCover.Mono.Reflection.rsp
[ 360/1153  0s] WriteText Library/Bee/artifacts/1300b0aE.dag/Unity.InternalAPIEngineBridge.007.rsp
[ 361/1153  0s] WriteText Library/Bee/artifacts/1300b0aE.dag/Unity.XR.ARFoundation.VisualScripting.rsp
[ 362/1153  0s] WriteText Library/Bee/artifacts/1300b0aE.dag/Unity.XR.ARKit.rsp
[ 363/1153  0s] WriteText Library/Bee/artifacts/1300b0aE.dag/Unity.XR.ARAnalytics.Editor.rsp
[ 364/1153  0s] WriteText Library/Bee/artifacts/1300b0aE.dag/Unity.XR.Interaction.Toolkit.Analytics.Editor.rsp
[ 365/1153  0s] WriteText Library/Bee/artifacts/1300b0aE.dag/Unity.InternalAPIEditorBridge.007.dll.mvfrm.rsp
[ 366/1153  0s] WriteText Library/Bee/artifacts/1300b0aE.dag/Unity.XR.ARCore.rsp
[ 367/1153  0s] WriteText Library/Bee/artifacts/1300b0aE.dag/Unity.Tutorials.rsp
[ 368/1153  0s] WriteText Library/Bee/artifacts/1300b0aE.dag/Unity.InternalAPIEngineBridge.007.dll.mvfrm.rsp
[ 369/1153  0s] WriteText Library/Bee/artifacts/1300b0aE.dag/Unity.XR.Interaction.Toolkit.Samples.StarterAssets.rsp
[ 370/1153  0s] WriteText Library/Bee/artifacts/1300b0aE.dag/Unity.VisualStudio.Editor.UnityAdditionalFile.txt
[ 371/1153  0s] WriteText Library/Bee/artifacts/1300b0aE.dag/Unity.InternalAPIEditorBridge.007.rsp
[ 372/1153  0s] WriteText Library/Bee/artifacts/1300b0aE.dag/Unity.Rider.Editor.rsp2
[ 373/1153  0s] WriteText Library/Bee/artifacts/1300b0aE.dag/Unity.VisualStudio.Editor.rsp2
[ 374/1153  0s] WriteText Library/Bee/artifacts/1300b0aE.dag/Unity.RenderPipelines.Universal.Editor.rsp
[ 375/1153  0s] WriteText Library/Bee/artifacts/1300b0aE.dag/Unity.Rider.Editor.UnityAdditionalFile.txt
[ 376/1153  0s] WriteText Library/Bee/artifacts/1300b0aE.dag/Unity.XR.Interaction.Toolkit.Samples.ARStarterAssets.Editor.rsp2
[ 377/1153  0s] WriteText Library/Bee/artifacts/1300b0aE.dag/Unity.XR.Interaction.Toolkit.Samples.ARStarterAssets.UnityAdditionalFile.txt
[ 378/1153  0s] WriteText Library/Bee/artifacts/1300b0aE.dag/Unity.XR.Interaction.Toolkit.Samples.ARStarterAssets.rsp2
[ 379/1153  0s] WriteText Library/Bee/artifacts/1300b0aE.dag/Unity.TestTools.CodeCoverage.Editor.UnityAdditionalFile.txt
[ 380/1153  0s] WriteText Library/Bee/artifacts/1300b0aE.dag/Unity.TestTools.CodeCoverage.Editor.rsp2
[ 381/1153  0s] WriteText Library/Bee/artifacts/1300b0aE.dag/Unity.XR.Interaction.Toolkit.Samples.StarterAssets.Editor.UnityAdditionalFile.txt
[ 382/1153  0s] WriteText Library/Bee/artifacts/1300b0aE.dag/Unity.TextMeshPro.Editor.UnityAdditionalFile.txt
[ 383/1153  0s] WriteText Library/Bee/artifacts/1300b0aE.dag/Unity.TextMeshPro.Editor.rsp2
[ 384/1153  0s] WriteText Library/Bee/artifacts/1300b0aE.dag/Unity.RenderPipelines.Core.ShaderLibrary.rsp2
[ 385/1153  0s] WriteText Library/Bee/artifacts/1300b0aE.dag/Unity.Collections.Editor.UnityAdditionalFile.txt
[ 386/1153  0s] WriteText Library/Bee/artifacts/1300b0aE.dag/Unity.Collections.Editor.rsp2
[ 387/1153  0s] WriteText Library/Bee/artifacts/1300b0aE.dag/Unity.XR.Simulation.Editor.UnityAdditionalFile.txt
[ 388/1153  0s] WriteText Library/Bee/artifacts/1300b0aE.dag/Unity.XR.ARSubsystems.Editor.dll.mvfrm.rsp
[ 389/1153  0s] WriteText Library/Bee/artifacts/1300b0aE.dag/UnityEditor.SpatialTracking.UnityAdditionalFile.txt
[ 390/1153  0s] WriteText Library/Bee/artifacts/1300b0aE.dag/Unity.Tutorials.Editor.UnityAdditionalFile.txt
[ 391/1153  0s] WriteText Library/Bee/artifacts/1300b0aE.dag/UnityEditor.SpatialTracking.rsp2
[ 392/1153  0s] WriteText Library/Bee/artifacts/1300b0aE.dag/Unity.InputSystem.ForUI.Editor.UnityAdditionalFile.txt
[ 393/1153  0s] WriteText Library/Bee/artifacts/1300b0aE.dag/Unity.InputSystem.ForUI.Editor.rsp2
[ 394/1153  0s] WriteText Library/Bee/artifacts/1300b0aE.dag/Unity.Tutorials.Editor.rsp2
[ 395/1153  0s] WriteText Library/Bee/artifacts/1300b0aE.dag/Unity.XR.Interaction.Toolkit.Analytics.Editor.dll.mvfrm.rsp
[ 396/1153  0s] WriteText Library/Bee/artifacts/1300b0aE.dag/Unity.Mobile.AndroidLogcat.Editor.rsp2
[ 397/1153  0s] WriteText Library/Bee/artifacts/1300b0aE.dag/UnityEditor.UI.Analytics.rsp2
[ 398/1153  0s] WriteText Library/Bee/artifacts/1300b0aE.dag/UnityEditor.UI.Analytics.UnityAdditionalFile.txt
[ 399/1153  0s] WriteText Library/Bee/artifacts/1300b0aE.dag/UnityEditor.XR.LegacyInputHelpers.UnityAdditionalFile.txt
[ 400/1153  0s] WriteText Library/Bee/artifacts/1300b0aE.dag/Unity.Multiplayer.Center.Editor.rsp2
[ 401/1153  0s] WriteText Library/Bee/artifacts/1300b0aE.dag/Unity.Mobile.AndroidLogcat.Editor.UnityAdditionalFile.txt
[ 402/1153  0s] WriteText Library/Bee/artifacts/1300b0aE.dag/Unity.XR.ARCore.Editor.UnityAdditionalFile.txt
[ 403/1153  0s] WriteText Library/Bee/artifacts/1300b0aE.dag/Unity.Performance.Profile-Analyzer.Editor.UnityAdditionalFile.txt
[ 404/1153  0s] WriteText Library/Bee/artifacts/1300b0aE.dag/UnityEditor.XR.LegacyInputHelpers.rsp2
[ 405/1153  0s] WriteText Library/Bee/artifacts/1300b0aE.dag/Unity.Performance.Profile-Analyzer.Editor.rsp2
[ 406/1153  0s] WriteText Library/Bee/artifacts/1300b0aE.dag/Unity.XR.ARCore.Editor.rsp2
[ 407/1153  0s] WriteText Library/Bee/artifacts/1300b0aE.dag/Unity.XR.Simulation.Editor.rsp2
[ 408/1153  0s] WriteText Library/Bee/artifacts/1300b0aE.dag/Unity.XR.ARFoundation.InternalUtils.Editor.UnityAdditionalFile.txt
[ 409/1153  0s] WriteText Library/Bee/artifacts/1300b0aE.dag/Unity.XR.ARFoundation.Editor.UnityAdditionalFile.txt
[ 410/1153  0s] WriteText Library/Bee/artifacts/1300b0aE.dag/Unity.RenderPipelines.ShaderGraph.ShaderGraphLibrary.rsp2
[ 411/1153  0s] WriteText Library/Bee/artifacts/1300b0aE.dag/Unity.RenderPipelines.ShaderGraph.ShaderGraphLibrary.UnityAdditionalFile.txt
[ 412/1153  0s] WriteText Library/Bee/artifacts/1300b0aE.dag/Unity.XR.ARFoundation.Editor.rsp2
[ 413/1153  0s] WriteText Library/Bee/artifacts/1300b0aE.dag/Unity.XR.ARFoundation.InternalUtils.Editor.rsp2
[ 414/1153  0s] WriteText Library/Bee/artifacts/1300b0aE.dag/Unity.Multiplayer.Center.Editor.UnityAdditionalFile.txt
[ 415/1153  0s] WriteText Library/Bee/artifacts/1300b0aE.dag/Unity.RenderPipelines.Universal.Shaders.rsp2
[ 416/1153  0s] WriteText Library/Bee/artifacts/1300b0aE.dag/Unity.RenderPipelines.Universal.Shaders.UnityAdditionalFile.txt
[ 417/1153  0s] WriteText Library/Bee/artifacts/1300b0aE.dag/Unity.XR.ARFoundation.VisualScripting.Editor.UnityAdditionalFile.txt
[ 418/1153  0s] WriteText Library/Bee/artifacts/1300b0aE.dag/Unity.XR.ARFoundation.VisualScripting.Editor.rsp2
[ 419/1153  0s] WriteText Library/Bee/artifacts/1300b0aE.dag/Unity.XR.ARKit.Editor.UnityAdditionalFile.txt
[ 420/1153  0s] WriteText Library/Bee/artifacts/1300b0aE.dag/Unity.RenderPipelines.Universal.2D.Editor.Overrides.rsp2
[ 421/1153  0s] WriteText Library/Bee/artifacts/1300b0aE.dag/Unity.XR.Interaction.Toolkit.Samples.StarterAssets.Editor.rsp2
[ 422/1153  0s] WriteText Library/Bee/artifacts/1300b0aE.dag/Unity.Rendering.LightTransport.Editor.UnityAdditionalFile.txt
[ 423/1153  0s] WriteText Library/Bee/artifacts/1300b0aE.dag/Unity.XR.ARKit.Editor.rsp2
[ 424/1153  0s] WriteText Library/Bee/artifacts/1300b0aE.dag/Unity.XR.ARKit.FaceTracking.UnityAdditionalFile.txt
[ 425/1153  0s] WriteText Library/Bee/artifacts/1300b0aE.dag/Unity.Rendering.LightTransport.Editor.rsp2
[ 426/1153  0s] WriteText Library/Bee/artifacts/1300b0aE.dag/Unity.XR.Interaction.Toolkit.Analytics.Hooks.Editor.rsp2
[ 427/1153  0s] WriteText Library/Bee/artifacts/1300b0aE.dag/Unity.XR.Interaction.Toolkit.Samples.ARStarterAssets.Editor.UnityAdditionalFile.txt
[ 428/1153  0s] WriteText Library/Bee/artifacts/1300b0aE.dag/Unity.Rider.Editor.dll.mvfrm.rsp
[ 429/1153  0s] WriteText Library/Bee/artifacts/1300b0aE.dag/Unity.VisualStudio.Editor.dll.mvfrm.rsp
[ 430/1153  0s] WriteText Library/Bee/artifacts/1300b0aE.dag/Unity.XR.ARKit.FaceTracking.rsp2
[ 431/1153  0s] WriteText Library/Bee/artifacts/1300b0aE.dag/Unity.RenderPipelines.ShaderGraph.ShaderGraphLibrary.dll.mvfrm.rsp
[ 432/1153  0s] WriteText Library/Bee/artifacts/1300b0aE.dag/Unity.XR.Interaction.Toolkit.Samples.ARStarterAssets.dll.mvfrm.rsp
[ 433/1153  0s] WriteText Library/Bee/artifacts/1300b0aE.dag/Unity.XR.ARFoundation.Editor.dll.mvfrm.rsp
[ 434/1153  0s] WriteText Library/Bee/artifacts/1300b0aE.dag/Unity.XR.ARKit.Editor.dll.mvfrm.rsp
[ 435/1153  0s] WriteText Library/Bee/artifacts/1300b0aE.dag/Unity.Tutorials.Editor.dll.mvfrm.rsp
[ 436/1153  0s] WriteText Library/Bee/artifacts/1300b0aE.dag/UnityEditor.XR.LegacyInputHelpers.dll.mvfrm.rsp
[ 437/1153  0s] WriteText Library/Bee/artifacts/1300b0aE.dag/Unity.InputSystem.ForUI.Editor.dll.mvfrm.rsp
[ 438/1153  0s] WriteText Library/Bee/artifacts/1300b0aE.dag/Unity.Collections.Editor.dll.mvfrm.rsp
[ 439/1153  0s] WriteText Library/Bee/artifacts/1300b0aE.dag/Unity.Mobile.AndroidLogcat.Editor.dll.mvfrm.rsp
[ 440/1153  0s] WriteText Library/Bee/artifacts/1300b0aE.dag/Unity.TextMeshPro.Editor.dll.mvfrm.rsp
[ 441/1153  0s] WriteText Library/Bee/artifacts/1300b0aE.dag/Unity.RenderPipelines.Universal.2D.Editor.Overrides.dll.mvfrm.rsp
[ 442/1153  0s] WriteText Library/Bee/artifacts/1300b0aE.dag/Unity.RenderPipelines.Universal.Shaders.dll.mvfrm.rsp
[ 443/1153  0s] WriteText Library/Bee/artifacts/1300b0aE.dag/Unity.XR.Interaction.Toolkit.Samples.ARStarterAssets.Editor.dll.mvfrm.rsp
[ 444/1153  0s] WriteText Library/Bee/artifacts/1300b0aE.dag/Unity.Performance.Profile-Analyzer.Editor.dll.mvfrm.rsp
[ 445/1153  0s] WriteText Library/Bee/artifacts/1300b0aE.dag/Unity.XR.Interaction.Toolkit.Analytics.Hooks.Editor.UnityAdditionalFile.txt
[ 446/1153  0s] WriteText Library/Bee/artifacts/1300b0aE.dag/Unity.TestTools.CodeCoverage.Editor.dll.mvfrm.rsp
[ 447/1153  0s] WriteText Library/Bee/artifacts/1300b0aE.dag/Unity.XR.Interaction.Toolkit.Analytics.Hooks.Editor.dll.mvfrm.rsp
[ 448/1153  0s] WriteText Library/Bee/artifacts/1300b0aE.dag/Unity.Rendering.LightTransport.Editor.dll.mvfrm.rsp
[ 449/1153  0s] WriteText Library/Bee/artifacts/1300b0aE.dag/Unity.RenderPipelines.Core.ShaderLibrary.dll.mvfrm.rsp
[ 450/1153  0s] WriteText Library/Bee/artifacts/1300b0aE.dag/Unity.XR.ARCore.Editor.dll.mvfrm.rsp
[ 451/1153  0s] WriteText Library/Bee/artifacts/1300b0aE.dag/Unity.Multiplayer.Center.Editor.dll.mvfrm.rsp
[ 452/1153  0s] WriteText Library/Bee/artifacts/1300b0aE.dag/Unity.XR.Interaction.Toolkit.Samples.StarterAssets.Editor.dll.mvfrm.rsp
[ 453/1153  0s] WriteText Library/Bee/artifacts/1300b0aE.dag/Unity.XR.ARFoundation.VisualScripting.Editor.dll.mvfrm.rsp
[ 454/1153  0s] WriteText Library/Bee/artifacts/1300b0aE.dag/Unity.XR.ARKit.FaceTracking.dll.mvfrm.rsp
[ 455/1153  0s] WriteText Library/Bee/artifacts/1300b0aE.dag/Unity.XR.Simulation.Editor.dll.mvfrm.rsp
[ 456/1153  0s] WriteText Library/Bee/artifacts/1300b0aE.dag/Unity.XR.ARFoundation.InternalUtils.Editor.dll.mvfrm.rsp
[ 457/1153  0s] WriteText Library/Bee/artifacts/1300b0aE.dag/UnityEditor.UI.Analytics.dll.mvfrm.rsp
[ 458/1153  0s] WriteText Library/Bee/artifacts/1300b0aE.dag/Unity.VisualStudio.Editor.rsp
[ 459/1153  0s] WriteText Library/Bee/artifacts/1300b0aE.dag/Unity.RenderPipelines.Universal.Shaders.rsp
[ 460/1153  0s] WriteText Library/Bee/artifacts/1300b0aE.dag/Unity.TextMeshPro.Editor.rsp
[ 461/1153  0s] WriteText Library/Bee/artifacts/1300b0aE.dag/Unity.RenderPipelines.Core.ShaderLibrary.UnityAdditionalFile.txt
[ 462/1153  0s] WriteText Library/Bee/artifacts/1300b0aE.dag/Unity.TestTools.CodeCoverage.Editor.rsp
[ 463/1153  0s] WriteText Library/Bee/artifacts/1300b0aE.dag/Unity.Rendering.LightTransport.Editor.rsp
[ 464/1153  0s] WriteText Library/Bee/artifacts/1300b0aE.dag/Unity.Multiplayer.Center.Editor.rsp
[ 465/1153  0s] WriteText Library/Bee/artifacts/1300b0aE.dag/Unity.Rider.Editor.rsp
[ 466/1153  0s] WriteText Library/Bee/artifacts/1300b0aE.dag/Unity.XR.ARCore.Editor.rsp
[ 467/1153  0s] WriteText Library/Bee/artifacts/1300b0aE.dag/Unity.RenderPipelines.Universal.2D.Editor.Overrides.rsp
[ 468/1153  0s] WriteText Library/Bee/artifacts/1300b0aE.dag/Unity.Tutorials.Editor.rsp
[ 469/1153  0s] WriteText Library/Bee/artifacts/1300b0aE.dag/Unity.XR.Interaction.Toolkit.Samples.ARStarterAssets.Editor.rsp
[ 470/1153  0s] WriteText Library/Bee/artifacts/1300b0aE.dag/Unity.XR.ARKit.FaceTracking.rsp
[ 471/1153  0s] WriteText Library/Bee/artifacts/1300b0aE.dag/Unity.XR.ARKit.Editor.rsp
[ 472/1153  0s] WriteText Library/Bee/artifacts/1300b0aE.dag/UnityEditor.XR.LegacyInputHelpers.rsp
[ 473/1153  0s] WriteText Library/Bee/artifacts/1300b0aE.dag/Unity.XR.Interaction.Toolkit.Samples.StarterAssets.Editor.rsp
[ 474/1153  0s] WriteText Library/Bee/artifacts/1300b0aE.dag/Unity.RenderPipelines.Universal.2D.Editor.Overrides.UnityAdditionalFile.txt
[ 475/1153  0s] WriteText Library/Bee/artifacts/1300b0aE.dag/Unity.Collections.Editor.rsp
[ 476/1153  0s] WriteText Library/Bee/artifacts/1300b0aE.dag/Unity.XR.Simulation.Editor.rsp
[ 477/1153  0s] WriteText Library/Bee/artifacts/1300b0aE.dag/Unity.XR.ARFoundation.VisualScripting.Editor.rsp
[ 478/1153  0s] WriteText Library/Bee/artifacts/1300b0aE.dag/UnityEditor.SpatialTracking.dll.mvfrm.rsp
[ 479/1153  0s] WriteText Library/Bee/artifacts/1300b0aE.dag/Unity.InputSystem.ForUI.Editor.rsp
[ 480/1153  0s] WriteText Library/Bee/artifacts/1300b0aE.dag/Unity.XR.ARFoundation.Editor.rsp
[ 481/1153  0s] WriteText Library/Bee/artifacts/1300b0aE.dag/UnityEditor.SpatialTracking.rsp
[ 482/1153  0s] WriteText Library/Bee/artifacts/1300b0aE.dag/Unity.XR.Interaction.Toolkit.Analytics.Hooks.Editor.rsp
[ 483/1153  0s] WriteText Library/Bee/artifacts/1300b0aE.dag/UnityEditor.UI.Analytics.rsp
[ 484/1153  0s] WriteText Library/Bee/artifacts/1300b0aE.dag/Unity.RenderPipelines.ShaderGraph.ShaderGraphLibrary.rsp
[ 485/1153  0s] WriteText Library/Bee/artifacts/1300b0aE.dag/PPv2URPConverters.rsp2
[ 486/1153  0s] WriteText Library/Bee/artifacts/1300b0aE.dag/Unity.PerformanceTesting.UnityAdditionalFile.txt
[ 487/1153  0s] WriteText Library/Bee/artifacts/1300b0aE.dag/PPv2URPConverters.UnityAdditionalFile.txt
[ 488/1153  0s] WriteText Library/Bee/artifacts/1300b0aE.dag/Unity.PerformanceTesting.rsp2
[ 489/1153  0s] WriteText Library/Bee/artifacts/1300b0aE.dag/Unity.PerformanceTesting.dll.mvfrm.rsp
[ 490/1153  0s] WriteText Library/Bee/artifacts/1300b0aE.dag/Assembly-CSharp.UnityAdditionalFile.txt
[ 491/1153  0s] WriteText Library/Bee/artifacts/1300b0aE.dag/Unity.PerformanceTesting.rsp
[ 492/1153  0s] WriteText Library/Bee/artifacts/1300b0aE.dag/PPv2URPConverters.dll.mvfrm.rsp
[ 493/1153  0s] WriteText Library/Bee/artifacts/1300b0aE.dag/Assembly-CSharp.rsp2
[ 494/1153  0s] WriteText Library/Bee/artifacts/1300b0aE.dag/PPv2URPConverters.rsp
[ 495/1153  0s] WriteText Library/Bee/artifacts/1300b0aE.dag/Assembly-CSharp.rsp
[ 496/1153  0s] WriteText Library/Bee/artifacts/1300b0aE.dag/Assembly-CSharp.dll.mvfrm.rsp
[ 497/1153  0s] WriteText Library/Bee/artifacts/1300b0aE.dag/Unity.PerformanceTesting.Editor.dll.mvfrm.rsp
[ 498/1153  0s] WriteText Library/Bee/artifacts/1300b0aE.dag/Unity.InputSystem.TestFramework.dll.mvfrm.rsp
[ 499/1153  0s] WriteText Library/Bee/artifacts/1300b0aE.dag/Assembly-CSharp-Editor.dll.mvfrm.rsp
[ 500/1153  0s] WriteText Library/Bee/artifacts/1300b0aE.dag/Unity.XR.Interaction.Toolkit.CodeSamples.Tests.dll.mvfrm.rsp
[ 501/1153  0s] WriteText Library/Bee/artifacts/1300b0aE.dag/Unity.InputSystem.TestFramework.UnityAdditionalFile.txt
[ 502/1153  0s] WriteText Library/Bee/artifacts/1300b0aE.dag/Unity.InputSystem.TestFramework.rsp2
[ 503/1153  0s] WriteText Library/Bee/artifacts/1300b0aE.dag/Unity.InputSystem.DocCodeSamples.dll.mvfrm.rsp
[ 504/1153  0s] WriteText Library/Bee/artifacts/1300b0aE.dag/Assembly-CSharp-Editor.UnityAdditionalFile.txt
[ 505/1153  0s] WriteText Library/Bee/artifacts/1300b0aE.dag/Assembly-CSharp-Editor.rsp2
[ 506/1153  0s] WriteText Library/Bee/artifacts/1300b0aE.dag/Unity.InputSystem.TestFramework.rsp
[ 507/1153  0s] WriteText Library/Bee/artifacts/1300b0aE.dag/Unity.XR.Interaction.Toolkit.CodeSamples.Tests.UnityAdditionalFile.txt
[ 508/1153  0s] WriteText Library/Bee/artifacts/1300b0aE.dag/Unity.XR.Interaction.Toolkit.CodeSamples.Tests.rsp2
[ 509/1153  0s] WriteText Library/Bee/artifacts/1300b0aE.dag/Unity.PerformanceTesting.Editor.UnityAdditionalFile.txt
[ 510/1153  0s] WriteText Library/Bee/artifacts/1300b0aE.dag/Unity.InputSystem.DocCodeSamples.UnityAdditionalFile.txt
[ 511/1153  0s] WriteText Library/Bee/artifacts/1300b0aE.dag/Unity.InputSystem.DocCodeSamples.rsp2
[ 512/1153  0s] WriteText Library/Bee/artifacts/1300b0aE.dag/Unity.Mobile.AndroidLogcat.Editor.rsp
[ 513/1153  0s] WriteText Library/Bee/artifacts/1300b0aE.dag/Unity.PerformanceTesting.Editor.rsp2
[ 514/1153  0s] WriteText Library/Bee/artifacts/1300b0aE.dag/Assembly-CSharp-Editor.rsp
[ 515/1153  0s] WriteText Library/Bee/artifacts/1300b0aE.dag/Unity.PerformanceTesting.Editor.rsp
[ 516/1153  0s] WriteText Library/Bee/artifacts/1300b0aE.dag/Unity.XR.Interaction.Toolkit.CodeSamples.Tests.rsp
[ 517/1153  0s] WriteResponseFile Library/Bee/artifacts/rsp/17849343244525841244.rsp
[ 518/1153  0s] WriteText Library/Bee/artifacts/1300b0aE.dag/Unity.InputSystem.DocCodeSamples.rsp
[ 519/1153  0s] WriteResponseFile Library/Bee/artifacts/rsp/10592572341192533515.rsp
[ 520/1153  0s] WriteResponseFile Library/Bee/artifacts/rsp/2855630747675663083.rsp
[ 521/1153  0s] WriteResponseFile Library/Bee/artifacts/rsp/3918881700225894028.rsp
[ 522/1153  0s] WriteResponseFile Library/Bee/artifacts/rsp/12377890525700418370.rsp
[ 523/1153  0s] WriteResponseFile Library/Bee/artifacts/rsp/6921795169620959697.rsp
[ 524/1153  0s] WriteResponseFile Library/Bee/artifacts/rsp/17426999905933582995.rsp
[ 525/1153  0s] WriteResponseFile Library/Bee/artifacts/rsp/3518005517008711857.rsp
[ 526/1153  0s] WriteResponseFile Library/Bee/artifacts/rsp/14336251148300618570.rsp
[ 527/1153  0s] WriteResponseFile Library/Bee/artifacts/rsp/10287777301456656091.rsp
[ 528/1153  0s] WriteResponseFile Library/Bee/artifacts/rsp/2905846839826360205.rsp
[ 529/1153  0s] WriteResponseFile Library/Bee/artifacts/rsp/16931096754936575283.rsp
[ 530/1153  0s] WriteResponseFile Library/Bee/artifacts/rsp/11890430726474388459.rsp
[ 531/1153  0s] WriteResponseFile Library/Bee/artifacts/rsp/7780126993663086543.rsp
[ 532/1153  0s] WriteResponseFile Library/Bee/artifacts/rsp/17973593407399556764.rsp
[ 533/1153  0s] WriteResponseFile Library/Bee/artifacts/rsp/84154127211655800.rsp
[ 534/1153  0s] WriteResponseFile Library/Bee/artifacts/rsp/13316254593911903285.rsp
[ 535/1153  0s] WriteResponseFile Library/Bee/artifacts/rsp/13465028941639940531.rsp
[ 536/1153  0s] WriteText Library/Bee/artifacts/1300b0aE.dag/Unity.Performance.Profile-Analyzer.Editor.rsp
[ 537/1153  0s] WriteResponseFile Library/Bee/artifacts/rsp/14369114347215902198.rsp
[ 538/1153  0s] WriteResponseFile Library/Bee/artifacts/rsp/3023085688436868850.rsp
[ 539/1153  0s] WriteResponseFile Library/Bee/artifacts/rsp/11636670322525036798.rsp
[ 540/1153  0s] WriteText Library/Bee/artifacts/1300b0aE.dag/Unity.XR.ARFoundation.InternalUtils.Editor.rsp
[ 541/1153  0s] WriteResponseFile Library/Bee/artifacts/rsp/2192588629496528303.rsp
[ 542/1153  0s] WriteResponseFile Library/Bee/artifacts/rsp/3107478729550022229.rsp
[ 543/1153  0s] WriteResponseFile Library/Bee/artifacts/rsp/15395031552315409884.rsp
[ 544/1153  0s] WriteResponseFile Library/Bee/artifacts/rsp/1786589184738026931.rsp
[ 545/1153  0s] WriteResponseFile Library/Bee/artifacts/rsp/5776278630737689099.rsp
[ 546/1153  0s] WriteResponseFile Library/Bee/artifacts/rsp/18083169557732820060.rsp
[ 547/1153  0s] WriteResponseFile Library/Bee/artifacts/rsp/17582761520220865613.rsp
[ 548/1153  0s] WriteText Library/Bee/artifacts/1300b0aE.dag/Unity.RenderPipelines.Core.ShaderLibrary.rsp
[ 549/1153  0s] WriteResponseFile Library/Bee/artifacts/rsp/17594018927210330302.rsp
[ 550/1153  0s] WriteResponseFile Library/Bee/artifacts/rsp/652630873148961136.rsp
[ 551/1153  0s] WriteText Library/Bee/artifacts/1300b0aE.dag/Unity.XR.Interaction.Toolkit.Samples.ARStarterAssets.rsp
[ 552/1153  0s] WriteResponseFile Library/Bee/artifacts/rsp/5662794653001366287.rsp
[ 553/1153  0s] WriteResponseFile Library/Bee/artifacts/rsp/11856401118316307353.rsp
[ 554/1153  0s] WriteResponseFile Library/Bee/artifacts/rsp/2536172375347383056.rsp
[ 555/1153  0s] WriteResponseFile Library/Bee/artifacts/rsp/18228123883807963745.rsp
[ 556/1153  0s] WriteResponseFile Library/Bee/artifacts/rsp/8025669161390045999.rsp
[ 557/1153  0s] WriteResponseFile Library/Bee/artifacts/rsp/10888462760497858608.rsp
[ 558/1153  0s] WriteResponseFile Library/Bee/artifacts/rsp/9629354950831352730.rsp
[ 559/1153  0s] WriteResponseFile Library/Bee/artifacts/rsp/41017698057876984.rsp
[ 560/1153  0s] WriteResponseFile Library/Bee/artifacts/rsp/7239542340248591632.rsp
[ 561/1153  0s] WriteResponseFile Library/Bee/artifacts/rsp/1981472465749282022.rsp
[ 562/1153  0s] WriteResponseFile Library/Bee/artifacts/rsp/15822029657000475244.rsp
[ 563/1153  0s] WriteResponseFile Library/Bee/artifacts/rsp/9577744114638637122.rsp
[ 564/1153  0s] WriteResponseFile Library/Bee/artifacts/rsp/9528647312647892727.rsp
[ 565/1153  0s] WriteResponseFile Library/Bee/artifacts/rsp/10448040221652917037.rsp
[ 566/1153  0s] WriteResponseFile Library/Bee/artifacts/rsp/1744295493734331085.rsp
[ 567/1153  0s] WriteResponseFile Library/Bee/artifacts/rsp/3118785659156641773.rsp
[ 568/1153  0s] WriteResponseFile Library/Bee/artifacts/rsp/5974930578599960779.rsp
[ 569/1153  0s] WriteResponseFile Library/Bee/artifacts/rsp/15184209867333330158.rsp
[ 570/1153  0s] WriteResponseFile Library/Bee/artifacts/rsp/16323991389508385240.rsp
[ 571/1153  0s] WriteResponseFile Library/Bee/artifacts/rsp/15763483306070338107.rsp
[ 572/1153  0s] WriteResponseFile Library/Bee/artifacts/rsp/17619925978337972561.rsp
[ 573/1153  0s] WriteResponseFile Library/Bee/artifacts/rsp/9212459627061007907.rsp
[ 574/1153  0s] WriteResponseFile Library/Bee/artifacts/rsp/16105365442891625930.rsp
[ 575/1153  0s] WriteResponseFile Library/Bee/artifacts/rsp/18239973129051649534.rsp
[ 576/1153  0s] WriteResponseFile Library/Bee/artifacts/rsp/10514843007091821179.rsp
[ 577/1153  0s] WriteResponseFile Library/Bee/artifacts/rsp/13966027777634868133.rsp
[ 578/1153  0s] WriteResponseFile Library/Bee/artifacts/rsp/7184406214830019930.rsp
[ 579/1153  0s] WriteResponseFile Library/Bee/artifacts/rsp/9935807585108435671.rsp
[ 580/1153  0s] WriteResponseFile Library/Bee/artifacts/rsp/8789678140127604791.rsp
[ 581/1153  0s] WriteResponseFile Library/Bee/artifacts/rsp/3374228670950888938.rsp
[ 582/1153  0s] WriteResponseFile Library/Bee/artifacts/rsp/9483392901509707945.rsp
[ 583/1153  0s] WriteResponseFile Library/Bee/artifacts/rsp/4195106761271592918.rsp
[ 584/1153  0s] WriteResponseFile Library/Bee/artifacts/rsp/13876257713880959502.rsp
[ 585/1153  0s] WriteResponseFile Library/Bee/artifacts/rsp/57156944320432830.rsp
[ 586/1153  0s] WriteResponseFile Library/Bee/artifacts/rsp/16265287504930863482.rsp
[ 587/1153  0s] WriteResponseFile Library/Bee/artifacts/rsp/13758412985559968985.rsp
[ 588/1153  0s] WriteResponseFile Library/Bee/artifacts/rsp/2760744808724484505.rsp
[ 589/1153  0s] WriteResponseFile Library/Bee/artifacts/rsp/17757397605094907995.rsp
[ 590/1153  0s] WriteResponseFile Library/Bee/artifacts/rsp/4795088146613915798.rsp
[ 591/1153  0s] WriteResponseFile Library/Bee/artifacts/rsp/3937067864764424448.rsp
[ 592/1153  0s] WriteResponseFile Library/Bee/artifacts/rsp/17671063171638670307.rsp
[ 593/1153  0s] WriteResponseFile Library/Bee/artifacts/rsp/3020430480085779083.rsp
[ 594/1153  0s] WriteResponseFile Library/Bee/artifacts/rsp/15412915583102750522.rsp
[ 595/1153  0s] WriteResponseFile Library/Bee/artifacts/rsp/9998886189117397936.rsp
[ 596/1153  0s] WriteResponseFile Library/Bee/artifacts/rsp/15688719832217992005.rsp
[ 597/1153  0s] WriteResponseFile Library/Bee/artifacts/rsp/17570921832983363726.rsp
[ 598/1153  0s] WriteResponseFile Library/Bee/artifacts/rsp/11855873389093322391.rsp
[ 599/1153  0s] WriteResponseFile Library/Bee/artifacts/rsp/3837960083045025138.rsp
[ 600/1153  0s] WriteResponseFile Library/Bee/artifacts/rsp/7306087262382725110.rsp
[ 601/1153  0s] WriteResponseFile Library/Bee/artifacts/rsp/2936212798879982269.rsp
[ 602/1153  0s] WriteResponseFile Library/Bee/artifacts/rsp/1333642170808217536.rsp
[ 603/1153  0s] WriteResponseFile Library/Bee/artifacts/rsp/1241983690948158776.rsp
[ 604/1153  0s] WriteResponseFile Library/Bee/artifacts/rsp/18335829681449324987.rsp
[ 605/1153  0s] WriteResponseFile Library/Bee/artifacts/rsp/8915277743769209844.rsp
[ 606/1153  0s] WriteResponseFile Library/Bee/artifacts/rsp/1188188249925086948.rsp
[ 607/1153  0s] WriteResponseFile Library/Bee/artifacts/rsp/17062328426463740352.rsp
[ 608/1153  0s] WriteResponseFile Library/Bee/artifacts/rsp/11515818914287258962.rsp
[ 609/1153  0s] MovedFromExtractor-Combine Library/Bee/artifacts/1300b0aE.dag/UnityEngine.TestRunner.dll.mvfrm
[ 610/1153  0s] MovedFromExtractor-Combine Library/Bee/artifacts/1300b0aE.dag/UnityEngine.UI.dll.mvfrm
[ 611/1153  0s] Csc Library/Bee/artifacts/1300b0aE.dag/UnityEngine.TestRunner.dll (+2 others)
[           0s] Csc Library/Bee/artifacts/1300b0aE.dag/UnityEngine.TestRunner.dll (+2 others) [CacheWrite 00000000000000000000000000000005]
[ 612/1153  0s] CopyFiles Library/ScriptAssemblies/UnityEngine.TestRunner.pdb
[ 613/1153  0s] Csc Library/Bee/artifacts/1300b0aE.dag/UnityEngine.UI.dll (+2 others)
[ 614/1153  0s] CopyFiles Library/ScriptAssemblies/UnityEngine.TestRunner.dll
[           0s] Csc Library/Bee/artifacts/1300b0aE.dag/UnityEngine.UI.dll (+2 others) [CacheWrite 00000000000000000000000000000005]
[ 615/1153  0s] MovedFromExtractor Library/Bee/artifacts/mvdfrm/UnityEngine.TestRunner.ref.dll_7423F2FBC6CF80C4.mvfrm
[ 616/1153  0s] MovedFromExtractor Library/Bee/artifacts/mvdfrm/UnityEngine.UI.ref.dll_BDDAB6C3AC1C4D86.mvfrm
[ 617/1153  0s] MovedFromExtractor-Combine Library/Bee/artifacts/1300b0aE.dag/UnityEditor.TestRunner.dll.mvfrm
[ 618/1153  0s] Csc Library/Bee/artifacts/1300b0aE.dag/UnityEditor.TestRunner.dll (+2 others)
[           0s] Csc Library/Bee/artifacts/1300b0aE.dag/UnityEditor.TestRunner.dll (+2 others) [CacheWrite 00000000000000000000000000000005]
[ 619/1153  0s] CopyFiles Library/ScriptAssemblies/UnityEditor.TestRunner.pdb
[ 620/1153  0s] CopyFiles Library/ScriptAssemblies/UnityEditor.TestRunner.dll
[ 621/1153  0s] MovedFromExtractor Library/Bee/artifacts/mvdfrm/UnityEditor.TestRunner.ref.dll_A805A84D9B0C22D9.mvfrm
[ 622/1153  0s] MovedFromExtractor-Combine Library/Bee/artifacts/1300b0aE.dag/UnityEditor.UI.dll.mvfrm
[ 623/1153  0s] Csc Library/Bee/artifacts/1300b0aE.dag/UnityEditor.UI.dll (+2 others)
[           0s] Csc Library/Bee/artifacts/1300b0aE.dag/UnityEditor.UI.dll (+2 others) [CacheWrite 00000000000000000000000000000005]
[ 624/1153  0s] MovedFromExtractor Library/Bee/artifacts/mvdfrm/UnityEditor.UI.ref.dll_0174E068A5FA251B.mvfrm
[ 625/1153  0s] MovedFromExtractor-Combine Library/Bee/artifacts/1300b0aE.dag/Unity.ShaderGraph.Utilities.dll.mvfrm
[ 626/1153  0s] MovedFromExtractor-Combine Library/Bee/artifacts/1300b0aE.dag/Unity.Burst.dll.mvfrm
[ 627/1153  0s] MovedFromExtractor-Combine Library/Bee/artifacts/1300b0aE.dag/Unity.Searcher.Editor.dll.mvfrm
[ 628/1153  0s] MovedFromExtractor-Combine Library/Bee/artifacts/1300b0aE.dag/Unity.Tutorials.dll.mvfrm
[ 629/1153  0s] MovedFromExtractor-Combine Library/Bee/artifacts/1300b0aE.dag/Unity.InputSystem.dll.mvfrm
[ 630/1153  0s] MovedFromExtractor-Combine Library/Bee/artifacts/1300b0aE.dag/Unity.Settings.Editor.dll.mvfrm
[ 631/1153  0s] MovedFromExtractor-Combine Library/Bee/artifacts/1300b0aE.dag/Unity.EditorCoroutines.Editor.dll.mvfrm
[ 632/1153  0s] MovedFromExtractor-Combine Library/Bee/artifacts/1300b0aE.dag/Unity.Mathematics.dll.mvfrm
[ 633/1153  0s] MovedFromExtractor-Combine Library/Bee/artifacts/1300b0aE.dag/Unity.TestTools.CodeCoverage.Editor.OpenCover.Model.dll.mvfrm
[ 634/1153  0s] MovedFromExtractor-Combine Library/Bee/artifacts/1300b0aE.dag/UnityEngine.SpatialTracking.dll.mvfrm
[ 635/1153  0s] MovedFromExtractor-Combine Library/Bee/artifacts/1300b0aE.dag/Unity.XR.Management.dll.mvfrm
[ 636/1153  0s] MovedFromExtractor-Combine Library/Bee/artifacts/1300b0aE.dag/Unity.InternalAPIEngineBridge.004.dll.mvfrm
[ 637/1153  0s] MovedFromExtractor-Combine Library/Bee/artifacts/1300b0aE.dag/Unity.InternalAPIEngineBridge.007.dll.mvfrm
[ 638/1153  0s] MovedFromExtractor-Combine Library/Bee/artifacts/1300b0aE.dag/Unity.InternalAPIEditorBridge.007.dll.mvfrm
[ 639/1153  0s] Csc Library/Bee/artifacts/1300b0aE.dag/Unity.ShaderGraph.Utilities.dll (+2 others)
[ 640/1153  0s] Csc Library/Bee/artifacts/1300b0aE.dag/Unity.Searcher.Editor.dll (+2 others)
[ 641/1153  0s] MovedFromExtractor-Combine Library/Bee/artifacts/1300b0aE.dag/Unity.TestTools.CodeCoverage.Editor.OpenCover.Mono.Reflection.dll.mvfrm
[ 642/1153  0s] MovedFromExtractor-Combine Library/Bee/artifacts/1300b0aE.dag/Unity.Multiplayer.Center.Common.dll.mvfrm
[ 643/1153  0s] Csc Library/Bee/artifacts/1300b0aE.dag/Unity.EditorCoroutines.Editor.dll (+2 others)
[ 644/1153  0s] Csc Library/Bee/artifacts/1300b0aE.dag/Unity.Settings.Editor.dll (+2 others)
[ 645/1153  0s] Csc Library/Bee/artifacts/1300b0aE.dag/UnityEngine.SpatialTracking.dll (+2 others)
[           0s] Csc Library/Bee/artifacts/1300b0aE.dag/Unity.Searcher.Editor.dll (+2 others) [CacheWrite 00000000000000000000000000000005]
[           0s] Csc Library/Bee/artifacts/1300b0aE.dag/Unity.ShaderGraph.Utilities.dll (+2 others) [CacheWrite 00000000000000000000000000000005]
[           0s] Csc Library/Bee/artifacts/1300b0aE.dag/Unity.Settings.Editor.dll (+2 others) [CacheWrite 00000000000000000000000000000005]
[           0s] Csc Library/Bee/artifacts/1300b0aE.dag/Unity.EditorCoroutines.Editor.dll (+2 others) [CacheWrite 00000000000000000000000000000005]
[ 646/1153  0s] Csc Library/Bee/artifacts/1300b0aE.dag/Unity.InternalAPIEngineBridge.004.dll (+2 others)
[ 647/1153  0s] Csc Library/Bee/artifacts/1300b0aE.dag/Unity.XR.Management.dll (+2 others)
[           0s] Csc Library/Bee/artifacts/1300b0aE.dag/UnityEngine.SpatialTracking.dll (+2 others) [CacheWrite 00000000000000000000000000000005]
[           0s] Csc Library/Bee/artifacts/1300b0aE.dag/Unity.InternalAPIEngineBridge.004.dll (+2 others) [CacheWrite 00000000000000000000000000000005]
[           0s] Csc Library/Bee/artifacts/1300b0aE.dag/Unity.XR.Management.dll (+2 others) [CacheWrite 00000000000000000000000000000005]
[ 648/1153  0s] MovedFromExtractor Library/Bee/artifacts/mvdfrm/Unity.Searcher.Editor.ref.dll_1D712DD21DFFF248.mvfrm
[ 649/1153  0s] MovedFromExtractor Library/Bee/artifacts/mvdfrm/Unity.ShaderGraph.Utilities.ref.dll_BC17D64B4E058897.mvfrm
[ 650/1153  0s] MovedFromExtractor Library/Bee/artifacts/mvdfrm/UnityEngine.SpatialTracking.ref.dll_CC46AD662704850F.mvfrm
[ 651/1153  0s] MovedFromExtractor Library/Bee/artifacts/mvdfrm/Unity.InternalAPIEngineBridge.004.ref.dll_03149B7CA829DDE0.mvfrm
[ 652/1153  0s] MovedFromExtractor Library/Bee/artifacts/mvdfrm/Unity.XR.Management.ref.dll_B8AA0C3955A88449.mvfrm
[ 653/1153  0s] Csc Library/Bee/artifacts/1300b0aE.dag/Unity.Multiplayer.Center.Common.dll (+2 others)
[ 654/1153  1s] Csc Library/Bee/artifacts/1300b0aE.dag/Unity.Burst.dll (+2 others)
[ 655/1153  1s] Csc Library/Bee/artifacts/1300b0aE.dag/Unity.TestTools.CodeCoverage.Editor.OpenCover.Mono.Reflection.dll (+2 others)
[ 656/1153  0s] MovedFromExtractor-Combine Library/Bee/artifacts/1300b0aE.dag/Unity.TextMeshPro.dll.mvfrm
[ 657/1153  0s] MovedFromExtractor-Combine Library/Bee/artifacts/1300b0aE.dag/UnityEngine.XR.LegacyInputHelpers.dll.mvfrm
[ 658/1153  1s] Csc Library/Bee/artifacts/1300b0aE.dag/Unity.InternalAPIEditorBridge.007.dll (+2 others)
[           0s] Csc Library/Bee/artifacts/1300b0aE.dag/Unity.Multiplayer.Center.Common.dll (+2 others) [CacheWrite 00000000000000000000000000000005]
[ 659/1153  1s] Csc Library/Bee/artifacts/1300b0aE.dag/Unity.InternalAPIEngineBridge.007.dll (+2 others)
[           0s] Csc Library/Bee/artifacts/1300b0aE.dag/Unity.Burst.dll (+2 others) [CacheWrite 00000000000000000000000000000005]
[           0s] Csc Library/Bee/artifacts/1300b0aE.dag/Unity.InternalAPIEditorBridge.007.dll (+2 others) [CacheWrite 00000000000000000000000000000005]
[           0s] Csc Library/Bee/artifacts/1300b0aE.dag/Unity.TestTools.CodeCoverage.Editor.OpenCover.Mono.Reflection.dll (+2 others) [CacheWrite 00000000000000000000000000000005]
[           0s] Csc Library/Bee/artifacts/1300b0aE.dag/Unity.InternalAPIEngineBridge.007.dll (+2 others) [CacheWrite 00000000000000000000000000000005]
[ 660/1153  0s] MovedFromExtractor Library/Bee/artifacts/mvdfrm/Unity.EditorCoroutines.Editor.ref.dll_1315E0A407C70415.mvfrm
[ 661/1153  1s] Csc Library/Bee/artifacts/1300b0aE.dag/Unity.TestTools.CodeCoverage.Editor.OpenCover.Model.dll (+2 others)
[ 662/1153  0s] Csc Library/Bee/artifacts/1300b0aE.dag/Unity.Tutorials.dll (+2 others)
[ 663/1153  0s] MovedFromExtractor Library/Bee/artifacts/mvdfrm/Unity.InternalAPIEditorBridge.007.ref.dll_FB3B27E0DB53967E.mvfrm
[ 664/1153  0s] MovedFromExtractor Library/Bee/artifacts/mvdfrm/Unity.Burst.ref.dll_3835BB91EC2C0D62.mvfrm
[ 665/1153  0s] MovedFromExtractor Library/Bee/artifacts/mvdfrm/Unity.Settings.Editor.ref.dll_8A1461A5C565B4EA.mvfrm
[ 666/1153  0s] MovedFromExtractor Library/Bee/artifacts/mvdfrm/Unity.TestTools.CodeCoverage.Editor.OpenCover.Mono.Reflection.ref.dll_39D3266F6029657A.mvfrm
[           0s] Csc Library/Bee/artifacts/1300b0aE.dag/Unity.TestTools.CodeCoverage.Editor.OpenCover.Model.dll (+2 others) [CacheWrite 00000000000000000000000000000005]
[           0s] Csc Library/Bee/artifacts/1300b0aE.dag/Unity.Tutorials.dll (+2 others) [CacheWrite 00000000000000000000000000000005]
[ 667/1153  0s] MovedFromExtractor Library/Bee/artifacts/mvdfrm/Unity.Multiplayer.Center.Common.ref.dll_FF44434556825F42.mvfrm
[ 668/1153  0s] MovedFromExtractor Library/Bee/artifacts/mvdfrm/Unity.InternalAPIEngineBridge.007.ref.dll_EDB5E08B40627DC3.mvfrm
[ 669/1153  0s] Csc Library/Bee/artifacts/1300b0aE.dag/UnityEngine.XR.LegacyInputHelpers.dll (+2 others)
[ 670/1153  0s] MovedFromExtractor-Combine Library/Bee/artifacts/1300b0aE.dag/Unity.Burst.Editor.dll.mvfrm
[ 671/1153  0s] MovedFromExtractor Library/Bee/artifacts/mvdfrm/Unity.TestTools.CodeCoverage.Editor.OpenCover.Model.ref.dll_22F664961FC0158D.mvfrm
[ 672/1153  0s] MovedFromExtractor-Combine Library/Bee/artifacts/1300b0aE.dag/Unity.Rider.Editor.dll.mvfrm
[ 673/1153  0s] MovedFromExtractor-Combine Library/Bee/artifacts/1300b0aE.dag/Unity.VisualStudio.Editor.dll.mvfrm
[ 674/1153  0s] MovedFromExtractor Library/Bee/artifacts/mvdfrm/Unity.Tutorials.ref.dll_8F938C498DF8DA07.mvfrm
[ 675/1153  0s] MovedFromExtractor-Combine Library/Bee/artifacts/1300b0aE.dag/Unity.Burst.CodeGen.dll.mvfrm
[           0s] Csc Library/Bee/artifacts/1300b0aE.dag/UnityEngine.XR.LegacyInputHelpers.dll (+2 others) [CacheWrite 00000000000000000000000000000005]
[ 676/1153  0s] MovedFromExtractor-Combine Library/Bee/artifacts/1300b0aE.dag/Unity.Multiplayer.Center.Editor.dll.mvfrm
[ 677/1153  0s] MovedFromExtractor-Combine Library/Bee/artifacts/1300b0aE.dag/UnityEditor.SpatialTracking.dll.mvfrm
[ 678/1153  0s] MovedFromExtractor-Combine Library/Bee/artifacts/1300b0aE.dag/Unity.RenderPipelines.Universal.Shaders.dll.mvfrm
[ 679/1153  0s] MovedFromExtractor-Combine Library/Bee/artifacts/1300b0aE.dag/Unity.Rendering.LightTransport.Editor.dll.mvfrm
[ 680/1153  0s] MovedFromExtractor-Combine Library/Bee/artifacts/1300b0aE.dag/Unity.Tutorials.Editor.dll.mvfrm
[ 681/1153  0s] MovedFromExtractor-Combine Library/Bee/artifacts/1300b0aE.dag/Unity.TestTools.CodeCoverage.Editor.dll.mvfrm
[ 682/1153  0s] MovedFromExtractor Library/Bee/artifacts/mvdfrm/UnityEngine.XR.LegacyInputHelpers.ref.dll_632513B3DE0B9F3C.mvfrm
[ 683/1153  2s] Csc Library/Bee/artifacts/1300b0aE.dag/Unity.InputSystem.dll (+2 others)
[ 684/1153  0s] MovedFromExtractor-Combine Library/Bee/artifacts/1300b0aE.dag/Unity.Performance.Profile-Analyzer.Editor.dll.mvfrm
[           0s] Csc Library/Bee/artifacts/1300b0aE.dag/Unity.InputSystem.dll (+2 others) [CacheWrite 00000000000000000000000000000005]
[ 685/1153  0s] MovedFromExtractor-Combine Library/Bee/artifacts/1300b0aE.dag/Unity.RenderPipelines.Core.ShaderLibrary.dll.mvfrm
[ 686/1153  0s] MovedFromExtractor-Combine Library/Bee/artifacts/1300b0aE.dag/Unity.RenderPipelines.ShaderGraph.ShaderGraphLibrary.dll.mvfrm
[ 687/1153  0s] MovedFromExtractor-Combine Library/Bee/artifacts/1300b0aE.dag/Unity.Mobile.AndroidLogcat.Editor.dll.mvfrm
[ 688/1153  1s] Csc Library/Bee/artifacts/1300b0aE.dag/Unity.TextMeshPro.dll (+2 others)
[ 689/1153  0s] MovedFromExtractor Library/Bee/artifacts/mvdfrm/Unity.InputSystem.ref.dll_7B1D397D2193763B.mvfrm
[           0s] Csc Library/Bee/artifacts/1300b0aE.dag/Unity.TextMeshPro.dll (+2 others) [CacheWrite 00000000000000000000000000000005]
[ 690/1153  0s] Csc Library/Bee/artifacts/1300b0aE.dag/Unity.Burst.CodeGen.dll (+2 others)
[ 691/1153  3s] Csc Library/Bee/artifacts/1300b0aE.dag/Unity.Mathematics.dll (+2 others)
[ 692/1153  0s] Csc Library/Bee/artifacts/1300b0aE.dag/Unity.VisualStudio.Editor.dll (+2 others)
[ 693/1153  0s] Csc Library/Bee/artifacts/1300b0aE.dag/Unity.Rider.Editor.dll (+2 others)
[ 694/1153  0s] Csc Library/Bee/artifacts/1300b0aE.dag/Unity.TestTools.CodeCoverage.Editor.dll (+2 others)
[ 695/1153  0s] MovedFromExtractor-Combine Library/Bee/artifacts/1300b0aE.dag/Unity.XR.CoreUtils.dll.mvfrm
[           0s] Csc Library/Bee/artifacts/1300b0aE.dag/Unity.Mathematics.dll (+2 others) [CacheWrite 00000000000000000000000000000005]
[           0s] Csc Library/Bee/artifacts/1300b0aE.dag/Unity.Burst.CodeGen.dll (+2 others) [CacheWrite 00000000000000000000000000000005]
[ 696/1153  0s] MovedFromExtractor-Combine Library/Bee/artifacts/1300b0aE.dag/Unity.InputSystem.ForUI.dll.mvfrm
[           0s] Csc Library/Bee/artifacts/1300b0aE.dag/Unity.TestTools.CodeCoverage.Editor.dll (+2 others) [CacheWrite 00000000000000000000000000000005]
[           0s] Csc Library/Bee/artifacts/1300b0aE.dag/Unity.VisualStudio.Editor.dll (+2 others) [CacheWrite 00000000000000000000000000000005]
[ 697/1153  0s] Csc Library/Bee/artifacts/1300b0aE.dag/Unity.RenderPipelines.Core.ShaderLibrary.dll (+2 others)
[           0s] Csc Library/Bee/artifacts/1300b0aE.dag/Unity.Rider.Editor.dll (+2 others) [CacheWrite 00000000000000000000000000000005]
[ 698/1153  0s] Csc Library/Bee/artifacts/1300b0aE.dag/Unity.RenderPipelines.ShaderGraph.ShaderGraphLibrary.dll (+2 others)
[           0s] Csc Library/Bee/artifacts/1300b0aE.dag/Unity.RenderPipelines.Core.ShaderLibrary.dll (+2 others) [CacheWrite 00000000000000000000000000000005]
[ 699/1153  0s] MovedFromExtractor Library/Bee/artifacts/mvdfrm/Unity.Mathematics.ref.dll_66DE4C1C9A03AD08.mvfrm
[ 700/1153  0s] MovedFromExtractor Library/Bee/artifacts/mvdfrm/Unity.TextMeshPro.ref.dll_02929A3ECA791895.mvfrm
[           0s] Csc Library/Bee/artifacts/1300b0aE.dag/Unity.RenderPipelines.ShaderGraph.ShaderGraphLibrary.dll (+2 others) [CacheWrite 00000000000000000000000000000005]
[ 701/1153  0s] Csc Library/Bee/artifacts/1300b0aE.dag/Unity.Mobile.AndroidLogcat.Editor.dll (+2 others)
[ 702/1153  0s] MovedFromExtractor-Combine Library/Bee/artifacts/1300b0aE.dag/Unity.Collections.dll.mvfrm
[ 703/1153  0s] MovedFromExtractor-Combine Library/Bee/artifacts/1300b0aE.dag/Unity.Mathematics.Editor.dll.mvfrm
[           0s] Csc Library/Bee/artifacts/1300b0aE.dag/Unity.Mobile.AndroidLogcat.Editor.dll (+2 others) [CacheWrite 00000000000000000000000000000005]
[ 704/1153  1s] Csc Library/Bee/artifacts/1300b0aE.dag/Unity.Performance.Profile-Analyzer.Editor.dll (+2 others)
[ 705/1153  0s] MovedFromExtractor-Combine Library/Bee/artifacts/1300b0aE.dag/UnityEditor.UI.Analytics.dll.mvfrm
[ 706/1153  0s] Csc Library/Bee/artifacts/1300b0aE.dag/Unity.RenderPipelines.Universal.Shaders.dll (+2 others)
[           0s] Csc Library/Bee/artifacts/1300b0aE.dag/Unity.Performance.Profile-Analyzer.Editor.dll (+2 others) [CacheWrite 00000000000000000000000000000005]
[ 707/1153  0s] Csc Library/Bee/artifacts/1300b0aE.dag/Unity.XR.CoreUtils.dll (+2 others)
[ 708/1153  0s] Csc Library/Bee/artifacts/1300b0aE.dag/UnityEditor.SpatialTracking.dll (+2 others)
[ 709/1153  0s] Csc Library/Bee/artifacts/1300b0aE.dag/Unity.Rendering.LightTransport.Editor.dll (+2 others)
[ 710/1153  0s] Csc Library/Bee/artifacts/1300b0aE.dag/Unity.InputSystem.ForUI.dll (+2 others)
[           0s] Csc Library/Bee/artifacts/1300b0aE.dag/Unity.RenderPipelines.Universal.Shaders.dll (+2 others) [CacheWrite 00000000000000000000000000000005]
[ 711/1153  0s] MovedFromExtractor-Combine Library/Bee/artifacts/1300b0aE.dag/Unity.PerformanceTesting.dll.mvfrm
[           0s] Csc Library/Bee/artifacts/1300b0aE.dag/Unity.Rendering.LightTransport.Editor.dll (+2 others) [CacheWrite 00000000000000000000000000000005]
[           0s] Csc Library/Bee/artifacts/1300b0aE.dag/Unity.InputSystem.ForUI.dll (+2 others) [CacheWrite 00000000000000000000000000000005]
[           0s] Csc Library/Bee/artifacts/1300b0aE.dag/UnityEditor.SpatialTracking.dll (+2 others) [CacheWrite 00000000000000000000000000000005]
[           0s] Csc Library/Bee/artifacts/1300b0aE.dag/Unity.XR.CoreUtils.dll (+2 others) [CacheWrite 00000000000000000000000000000005]
[ 712/1153  0s] Csc Library/Bee/artifacts/1300b0aE.dag/Unity.Tutorials.Editor.dll (+2 others)
[ 713/1153  0s] MovedFromExtractor Library/Bee/artifacts/mvdfrm/Unity.RenderPipelines.Universal.Shaders.ref.dll_D6FB0BA3BDF7609A.mvfrm
[ 714/1153  0s] MovedFromExtractor Library/Bee/artifacts/mvdfrm/Unity.InputSystem.ForUI.ref.dll_8456852F39E72DEA.mvfrm
[ 715/1153  0s] Csc Library/Bee/artifacts/1300b0aE.dag/Unity.Mathematics.Editor.dll (+2 others)
[ 716/1153  0s] MovedFromExtractor Library/Bee/artifacts/mvdfrm/UnityEditor.SpatialTracking.ref.dll_4005BB3EAE0C01EA.mvfrm
[ 717/1153  0s] MovedFromExtractor Library/Bee/artifacts/mvdfrm/Unity.Rendering.LightTransport.Editor.ref.dll_2C1A528DE6C1BDE8.mvfrm
[ 718/1153  0s] MovedFromExtractor Library/Bee/artifacts/mvdfrm/Unity.XR.CoreUtils.ref.dll_7BD60984F2BC85A2.mvfrm
[           0s] Csc Library/Bee/artifacts/1300b0aE.dag/Unity.Tutorials.Editor.dll (+2 others) [CacheWrite 00000000000000000000000000000005]
[ 719/1153  0s] Csc Library/Bee/artifacts/1300b0aE.dag/UnityEditor.UI.Analytics.dll (+2 others)
[ 720/1153  0s] Csc Library/Bee/artifacts/1300b0aE.dag/Unity.Multiplayer.Center.Editor.dll (+2 others)
[           0s] Csc Library/Bee/artifacts/1300b0aE.dag/Unity.Mathematics.Editor.dll (+2 others) [CacheWrite 00000000000000000000000000000005]
[           0s] Csc Library/Bee/artifacts/1300b0aE.dag/UnityEditor.UI.Analytics.dll (+2 others) [CacheWrite 00000000000000000000000000000005]
[ 721/1153  0s] MovedFromExtractor Library/Bee/artifacts/mvdfrm/Unity.Performance.Profile-Analyzer.Editor.ref.dll_8B44F821019897E5.mvfrm
[ 722/1153  0s] MovedFromExtractor-Combine Library/Bee/artifacts/1300b0aE.dag/Unity.InputSystem.ForUI.Editor.dll.mvfrm
[           0s] Csc Library/Bee/artifacts/1300b0aE.dag/Unity.Multiplayer.Center.Editor.dll (+2 others) [CacheWrite 00000000000000000000000000000005]
[ 723/1153  0s] MovedFromExtractor-Combine Library/Bee/artifacts/1300b0aE.dag/Unity.XR.CoreUtils.Editor.dll.mvfrm
[ 724/1153  0s] MovedFromExtractor Library/Bee/artifacts/mvdfrm/Unity.Mobile.AndroidLogcat.Editor.ref.dll_BE5FB0CA228210A8.mvfrm
[ 725/1153  0s] MovedFromExtractor-Combine Library/Bee/artifacts/1300b0aE.dag/Unity.XR.ARSubsystems.dll.mvfrm
[ 726/1153  0s] MovedFromExtractor Library/Bee/artifacts/mvdfrm/Unity.RenderPipelines.ShaderGraph.ShaderGraphLibrary.ref.dll_DF61AD73468C057E.mvfrm
[ 727/1153  0s] Csc Library/Bee/artifacts/1300b0aE.dag/Unity.PerformanceTesting.dll (+2 others)
[ 728/1153  0s] MovedFromExtractor Library/Bee/artifacts/mvdfrm/Unity.Mathematics.Editor.ref.dll_553CFFCCE7430329.mvfrm
[           0s] Csc Library/Bee/artifacts/1300b0aE.dag/Unity.PerformanceTesting.dll (+2 others) [CacheWrite 00000000000000000000000000000005]
[ 729/1153  0s] MovedFromExtractor Library/Bee/artifacts/mvdfrm/UnityEditor.UI.Analytics.ref.dll_F680D59C02A89143.mvfrm
[ 730/1153  0s] MovedFromExtractor Library/Bee/artifacts/mvdfrm/Unity.Multiplayer.Center.Editor.ref.dll_FC2D3B4057A989C4.mvfrm
[ 731/1153  0s] MovedFromExtractor Library/Bee/artifacts/mvdfrm/Unity.Tutorials.Editor.ref.dll_EC4D7CA250EDCB1A.mvfrm
[ 732/1153  0s] MovedFromExtractor Library/Bee/artifacts/mvdfrm/Unity.RenderPipelines.Core.ShaderLibrary.ref.dll_38159DB35CC29EFE.mvfrm
[ 733/1153  0s] CopyFiles Library/ScriptAssemblies/Unity.Rider.Editor.pdb
[ 734/1153  0s] CopyFiles Library/ScriptAssemblies/Unity.Rider.Editor.dll
[ 735/1153  0s] CopyFiles Library/ScriptAssemblies/Unity.VisualStudio.Editor.pdb
[ 736/1153  0s] CopyFiles Library/ScriptAssemblies/Unity.VisualStudio.Editor.dll
[ 737/1153  0s] CopyFiles Library/ScriptAssemblies/Unity.Burst.CodeGen.dll
[ 738/1153  0s] CopyFiles Library/ScriptAssemblies/Unity.Burst.CodeGen.pdb
[ 739/1153  0s] MovedFromExtractor Library/Bee/artifacts/mvdfrm/Unity.Rider.Editor.ref.dll_DA88E6A3E9EB6155.mvfrm
[ 740/1153  0s] MovedFromExtractor Library/Bee/artifacts/mvdfrm/Unity.VisualStudio.Editor.ref.dll_0FE027DDD6F41767.mvfrm
[ 741/1153  0s] MovedFromExtractor Library/Bee/artifacts/mvdfrm/Unity.PerformanceTesting.ref.dll_B4B9F9210D591244.mvfrm
[ 742/1153  0s] MovedFromExtractor Library/Bee/artifacts/mvdfrm/Unity.TestTools.CodeCoverage.Editor.ref.dll_C6D619E6129B87D3.mvfrm
[ 743/1153  0s] MovedFromExtractor-Combine Library/Bee/artifacts/1300b0aE.dag/Unity.InputSystem.TestFramework.dll.mvfrm
[ 744/1153  0s] MovedFromExtractor-Combine Library/Bee/artifacts/1300b0aE.dag/Unity.InputSystem.DocCodeSamples.dll.mvfrm
[ 745/1153  0s] Csc Library/Bee/artifacts/1300b0aE.dag/Unity.InputSystem.ForUI.Editor.dll (+2 others)
[ 746/1153  3s] Csc Library/Bee/artifacts/1300b0aE.dag/Unity.Burst.Editor.dll (+2 others)
[ 747/1153  0s] Csc Library/Bee/artifacts/1300b0aE.dag/Unity.XR.CoreUtils.Editor.dll (+2 others)
[           0s] Csc Library/Bee/artifacts/1300b0aE.dag/Unity.InputSystem.ForUI.Editor.dll (+2 others) [CacheWrite 00000000000000000000000000000005]
[ 748/1153  0s] MovedFromExtractor-Combine Library/Bee/artifacts/1300b0aE.dag/Unity.PerformanceTesting.Editor.dll.mvfrm
[           0s] Csc Library/Bee/artifacts/1300b0aE.dag/Unity.Burst.Editor.dll (+2 others) [CacheWrite 00000000000000000000000000000005]
[           0s] Csc Library/Bee/artifacts/1300b0aE.dag/Unity.XR.CoreUtils.Editor.dll (+2 others) [CacheWrite 00000000000000000000000000000005]
[ 749/1153  1s] Csc Library/Bee/artifacts/1300b0aE.dag/Unity.Collections.dll (+2 others)
[ 750/1153  0s] Csc Library/Bee/artifacts/1300b0aE.dag/Unity.XR.ARSubsystems.dll (+2 others)
[ 751/1153  0s] MovedFromExtractor Library/Bee/artifacts/mvdfrm/Unity.InputSystem.ForUI.Editor.ref.dll_F7A0FD3E881AE667.mvfrm
[           0s] Csc Library/Bee/artifacts/1300b0aE.dag/Unity.Collections.dll (+2 others) [CacheWrite 00000000000000000000000000000005]
[           0s] Csc Library/Bee/artifacts/1300b0aE.dag/Unity.XR.ARSubsystems.dll (+2 others) [CacheWrite 00000000000000000000000000000005]
[ 752/1153  0s] MovedFromExtractor Library/Bee/artifacts/mvdfrm/Unity.Burst.Editor.ref.dll_222C82CECB47A66F.mvfrm
[ 753/1153  0s] MovedFromExtractor Library/Bee/artifacts/mvdfrm/Unity.XR.CoreUtils.Editor.ref.dll_8144CEBFC8DD722F.mvfrm
[ 754/1153  0s] Csc Library/Bee/artifacts/1300b0aE.dag/Unity.InputSystem.DocCodeSamples.dll (+2 others)
[           0s] Csc Library/Bee/artifacts/1300b0aE.dag/Unity.InputSystem.DocCodeSamples.dll (+2 others) [CacheWrite 00000000000000000000000000000005]
[ 755/1153  0s] Csc Library/Bee/artifacts/1300b0aE.dag/Unity.InputSystem.TestFramework.dll (+2 others)
[ 756/1153  0s] MovedFromExtractor-Combine Library/Bee/artifacts/1300b0aE.dag/Unity.XR.ARAnalytics.Editor.dll.mvfrm
[ 757/1153  0s] MovedFromExtractor Library/Bee/artifacts/mvdfrm/Unity.Collections.ref.dll_E35BE511F4283487.mvfrm
[ 758/1153  0s] MovedFromExtractor-Combine Library/Bee/artifacts/1300b0aE.dag/Unity.XR.Interaction.Toolkit.Analytics.Editor.dll.mvfrm
[           0s] Csc Library/Bee/artifacts/1300b0aE.dag/Unity.InputSystem.TestFramework.dll (+2 others) [CacheWrite 00000000000000000000000000000005]
[ 759/1153  0s] MovedFromExtractor-Combine Library/Bee/artifacts/1300b0aE.dag/Unity.XR.Management.Editor.dll.mvfrm
[ 760/1153  0s] MovedFromExtractor Library/Bee/artifacts/mvdfrm/Unity.XR.ARSubsystems.ref.dll_9211631F90C2516B.mvfrm
[ 761/1153  0s] Csc Library/Bee/artifacts/1300b0aE.dag/Unity.PerformanceTesting.Editor.dll (+2 others)
[           0s] Csc Library/Bee/artifacts/1300b0aE.dag/Unity.PerformanceTesting.Editor.dll (+2 others) [CacheWrite 00000000000000000000000000000005]
[ 762/1153  0s] MovedFromExtractor-Combine Library/Bee/artifacts/1300b0aE.dag/Unity.Collections.Editor.dll.mvfrm
[ 763/1153  0s] MovedFromExtractor-Combine Library/Bee/artifacts/1300b0aE.dag/Unity.RenderPipelines.Core.Runtime.dll.mvfrm
[ 764/1153  0s] MovedFromExtractor-Combine Library/Bee/artifacts/1300b0aE.dag/Unity.Collections.CodeGen.dll.mvfrm
[ 765/1153  0s] MovedFromExtractor-Combine Library/Bee/artifacts/1300b0aE.dag/Unity.UnifiedRayTracing.Runtime.dll.mvfrm
[ 766/1153  0s] MovedFromExtractor-Combine Library/Bee/artifacts/1300b0aE.dag/Unity.XR.ARKit.FaceTracking.dll.mvfrm
[ 767/1153  0s] MovedFromExtractor-Combine Library/Bee/artifacts/1300b0aE.dag/Unity.XR.ARFoundation.InternalUtils.dll.mvfrm
[ 768/1153  0s] Csc Library/Bee/artifacts/1300b0aE.dag/Unity.XR.ARAnalytics.Editor.dll (+2 others)
[ 769/1153  0s] Csc Library/Bee/artifacts/1300b0aE.dag/Unity.XR.Interaction.Toolkit.Analytics.Editor.dll (+2 others)
[           0s] Csc Library/Bee/artifacts/1300b0aE.dag/Unity.XR.ARAnalytics.Editor.dll (+2 others) [CacheWrite 00000000000000000000000000000005]
[           0s] Csc Library/Bee/artifacts/1300b0aE.dag/Unity.XR.Interaction.Toolkit.Analytics.Editor.dll (+2 others) [CacheWrite 00000000000000000000000000000005]
[ 770/1153  0s] Csc Library/Bee/artifacts/1300b0aE.dag/Unity.XR.Management.Editor.dll (+2 others)
[ 771/1153  0s] Csc Library/Bee/artifacts/1300b0aE.dag/Unity.Collections.Editor.dll (+2 others)
[ 772/1153  0s] Csc Library/Bee/artifacts/1300b0aE.dag/Unity.XR.ARKit.FaceTracking.dll (+2 others)
[ 773/1153  0s] Csc Library/Bee/artifacts/1300b0aE.dag/Unity.Collections.CodeGen.dll (+2 others)
[ 774/1153  0s] MovedFromExtractor Library/Bee/artifacts/mvdfrm/Unity.XR.ARAnalytics.Editor.ref.dll_C69C3E1D221AB26C.mvfrm
[           0s] Csc Library/Bee/artifacts/1300b0aE.dag/Unity.XR.Management.Editor.dll (+2 others) [CacheWrite 00000000000000000000000000000005]
[ 775/1153  0s] MovedFromExtractor Library/Bee/artifacts/mvdfrm/Unity.XR.Interaction.Toolkit.Analytics.Editor.ref.dll_20E2BC96DCEEB207.mvfrm
[           0s] Csc Library/Bee/artifacts/1300b0aE.dag/Unity.Collections.Editor.dll (+2 others) [CacheWrite 00000000000000000000000000000005]
[           0s] Csc Library/Bee/artifacts/1300b0aE.dag/Unity.XR.ARKit.FaceTracking.dll (+2 others) [CacheWrite 00000000000000000000000000000005]
[           0s] Csc Library/Bee/artifacts/1300b0aE.dag/Unity.Collections.CodeGen.dll (+2 others) [CacheWrite 00000000000000000000000000000005]
[ 776/1153  0s] CopyFiles Library/ScriptAssemblies/Unity.Collections.CodeGen.pdb
[ 777/1153  0s] CopyFiles Library/ScriptAssemblies/Unity.Collections.CodeGen.dll
[ 778/1153  0s] Csc Library/Bee/artifacts/1300b0aE.dag/Unity.XR.ARFoundation.InternalUtils.dll (+2 others)
[ 779/1153  0s] Csc Library/Bee/artifacts/1300b0aE.dag/Unity.UnifiedRayTracing.Runtime.dll (+2 others)
[           0s] Csc Library/Bee/artifacts/1300b0aE.dag/Unity.XR.ARFoundation.InternalUtils.dll (+2 others) [CacheWrite 00000000000000000000000000000005]
[           0s] Csc Library/Bee/artifacts/1300b0aE.dag/Unity.UnifiedRayTracing.Runtime.dll (+2 others) [CacheWrite 00000000000000000000000000000005]
[ 780/1153  0s] MovedFromExtractor Library/Bee/artifacts/mvdfrm/Unity.Collections.Editor.ref.dll_9F654E91229F989A.mvfrm
[ 781/1153  0s] MovedFromExtractor Library/Bee/artifacts/mvdfrm/Unity.XR.Management.Editor.ref.dll_63D1283B59813AF8.mvfrm
[ 782/1153  0s] MovedFromExtractor Library/Bee/artifacts/mvdfrm/Unity.XR.ARKit.FaceTracking.ref.dll_DA66B822D4BA6803.mvfrm
[ 783/1153  0s] MovedFromExtractor Library/Bee/artifacts/mvdfrm/Unity.XR.ARFoundation.InternalUtils.ref.dll_534DC97E033D2800.mvfrm
[ 784/1153  0s] MovedFromExtractor Library/Bee/artifacts/mvdfrm/Unity.UnifiedRayTracing.Runtime.ref.dll_241FCEC466B71A86.mvfrm
[ 785/1153  0s] MovedFromExtractor-Combine Library/Bee/artifacts/1300b0aE.dag/Unity.XR.ARSubsystems.Editor.dll.mvfrm
[ 786/1153  0s] MovedFromExtractor-Combine Library/Bee/artifacts/1300b0aE.dag/Unity.XR.ARFoundation.InternalUtils.Editor.dll.mvfrm
[ 787/1153  0s] ILPP-Configuration Library/ilpp-configuration.nevergeneratedoutput
[ 788/1153  0s] Csc Library/Bee/artifacts/1300b0aE.dag/Unity.XR.ARSubsystems.Editor.dll (+2 others)
[           0s] Csc Library/Bee/artifacts/1300b0aE.dag/Unity.XR.ARSubsystems.Editor.dll (+2 others) [CacheWrite 00000000000000000000000000000005]
[ 789/1153  0s] ILPostProcess Library/Bee/artifacts/1300b0aE.dag/post-processed/Unity.XR.ARFoundation.InternalUtils.dll (+pdb)
Processing assembly Library/Bee/artifacts/1300b0aE.dag/Unity.XR.ARFoundation.InternalUtils.dll, with 149 defines and 266 references

processors: Unity.Jobs.CodeGen.JobsILPostProcessor, zzzUnity.Burst.CodeGen.BurstILPostProcessor

running Unity.Jobs.CodeGen.JobsILPostProcessor

running zzzUnity.Burst.CodeGen.BurstILPostProcessor
[ 790/1153  0s] ILPostProcess Library/Bee/artifacts/1300b0aE.dag/post-processed/Unity.XR.ARKit.FaceTracking.dll (+pdb)
Processing assembly Library/Bee/artifacts/1300b0aE.dag/Unity.XR.ARKit.FaceTracking.dll, with 149 defines and 264 references

processors: Unity.Jobs.CodeGen.JobsILPostProcessor, zzzUnity.Burst.CodeGen.BurstILPostProcessor

running Unity.Jobs.CodeGen.JobsILPostProcessor

running zzzUnity.Burst.CodeGen.BurstILPostProcessor
[ 791/1153  0s] ILPostProcess Library/Bee/artifacts/1300b0aE.dag/post-processed/Unity.InputSystem.ForUI.dll (+pdb)
Processing assembly Library/Bee/artifacts/1300b0aE.dag/Unity.InputSystem.ForUI.dll, with 149 defines and 264 references

processors: Unity.Jobs.CodeGen.JobsILPostProcessor, zzzUnity.Burst.CodeGen.BurstILPostProcessor

running Unity.Jobs.CodeGen.JobsILPostProcessor

running zzzUnity.Burst.CodeGen.BurstILPostProcessor
[ 792/1153  0s] ILPostProcess Library/Bee/artifacts/1300b0aE.dag/post-processed/Unity.XR.Management.dll (+pdb)
Processing assembly Library/Bee/artifacts/1300b0aE.dag/Unity.XR.Management.dll, with 150 defines and 263 references

processors: Unity.Jobs.CodeGen.JobsILPostProcessor, zzzUnity.Burst.CodeGen.BurstILPostProcessor

running Unity.Jobs.CodeGen.JobsILPostProcessor

running zzzUnity.Burst.CodeGen.BurstILPostProcessor
[ 793/1153  0s] ILPostProcess Library/Bee/artifacts/1300b0aE.dag/post-processed/Unity.RenderPipelines.Core.ShaderLibrary.dll (+pdb)
Processing assembly Library/Bee/artifacts/1300b0aE.dag/Unity.RenderPipelines.Core.ShaderLibrary.dll, with 149 defines and 263 references

processors: Unity.Jobs.CodeGen.JobsILPostProcessor, zzzUnity.Burst.CodeGen.BurstILPostProcessor

running Unity.Jobs.CodeGen.JobsILPostProcessor

running zzzUnity.Burst.CodeGen.BurstILPostProcessor
[ 794/1153  0s] ILPostProcess Library/Bee/artifacts/1300b0aE.dag/post-processed/Unity.XR.CoreUtils.dll (+pdb)
Processing assembly Library/Bee/artifacts/1300b0aE.dag/Unity.XR.CoreUtils.dll, with 155 defines and 265 references

processors: Unity.Jobs.CodeGen.JobsILPostProcessor, zzzUnity.Burst.CodeGen.BurstILPostProcessor

running Unity.Jobs.CodeGen.JobsILPostProcessor

running zzzUnity.Burst.CodeGen.BurstILPostProcessor
[ 795/1153  0s] ILPostProcess Library/Bee/artifacts/1300b0aE.dag/post-processed/Unity.TextMeshPro.dll (+pdb)
Processing assembly Library/Bee/artifacts/1300b0aE.dag/Unity.TextMeshPro.dll, with 150 defines and 264 references

processors: Unity.Jobs.CodeGen.JobsILPostProcessor, zzzUnity.Burst.CodeGen.BurstILPostProcessor

running Unity.Jobs.CodeGen.JobsILPostProcessor

running zzzUnity.Burst.CodeGen.BurstILPostProcessor
[ 796/1153  0s] ILPostProcess Library/Bee/artifacts/1300b0aE.dag/post-processed/UnityEngine.SpatialTracking.dll (+pdb)
Processing assembly Library/Bee/artifacts/1300b0aE.dag/UnityEngine.SpatialTracking.dll, with 149 defines and 263 references

processors: Unity.Jobs.CodeGen.JobsILPostProcessor, zzzUnity.Burst.CodeGen.BurstILPostProcessor

running Unity.Jobs.CodeGen.JobsILPostProcessor

running zzzUnity.Burst.CodeGen.BurstILPostProcessor
[ 797/1153  0s] Csc Library/Bee/artifacts/1300b0aE.dag/Unity.XR.ARFoundation.InternalUtils.Editor.dll (+2 others)
[ 798/1153  1s] Csc Library/Bee/artifacts/1300b0aE.dag/Unity.RenderPipelines.Core.Runtime.dll (+2 others)
[           0s] Csc Library/Bee/artifacts/1300b0aE.dag/Unity.XR.ARFoundation.InternalUtils.Editor.dll (+2 others) [CacheWrite 00000000000000000000000000000005]
[ 799/1153  0s] MovedFromExtractor Library/Bee/artifacts/mvdfrm/Unity.XR.ARSubsystems.Editor.ref.dll_4D2B445E1E0255F6.mvfrm
[           0s] Csc Library/Bee/artifacts/1300b0aE.dag/Unity.RenderPipelines.Core.Runtime.dll (+2 others) [CacheWrite 00000000000000000000000000000005]
[ 800/1153  0s] ILPostProcess Library/Bee/artifacts/1300b0aE.dag/post-processed/Unity.PerformanceTesting.dll (+pdb)
Processing assembly Library/Bee/artifacts/1300b0aE.dag/Unity.PerformanceTesting.dll, with 150 defines and 258 references

processors: Unity.Jobs.CodeGen.JobsILPostProcessor, zzzUnity.Burst.CodeGen.BurstILPostProcessor

running Unity.Jobs.CodeGen.JobsILPostProcessor

running zzzUnity.Burst.CodeGen.BurstILPostProcessor
[ 801/1153  0s] ILPostProcess Library/Bee/artifacts/1300b0aE.dag/post-processed/Unity.InputSystem.TestFramework.dll (+pdb)
Processing assembly Library/Bee/artifacts/1300b0aE.dag/Unity.InputSystem.TestFramework.dll, with 150 defines and 260 references

processors: Unity.Jobs.CodeGen.JobsILPostProcessor, zzzUnity.Burst.CodeGen.BurstILPostProcessor

running Unity.Jobs.CodeGen.JobsILPostProcessor

running zzzUnity.Burst.CodeGen.BurstILPostProcessor
[ 802/1153  0s] ILPostProcess Library/Bee/artifacts/1300b0aE.dag/post-processed/UnityEngine.UI.dll (+pdb)
Processing assembly Library/Bee/artifacts/1300b0aE.dag/UnityEngine.UI.dll, with 155 defines and 261 references

processors: Unity.Jobs.CodeGen.JobsILPostProcessor, zzzUnity.Burst.CodeGen.BurstILPostProcessor

running Unity.Jobs.CodeGen.JobsILPostProcessor

running zzzUnity.Burst.CodeGen.BurstILPostProcessor
[ 803/1153  0s] ILPostProcess Library/Bee/artifacts/1300b0aE.dag/post-processed/Unity.XR.ARSubsystems.dll (+pdb)
Processing assembly Library/Bee/artifacts/1300b0aE.dag/Unity.XR.ARSubsystems.dll, with 150 defines and 265 references

processors: Unity.Jobs.CodeGen.JobsILPostProcessor, zzzUnity.Burst.CodeGen.BurstILPostProcessor

running Unity.Jobs.CodeGen.JobsILPostProcessor

running zzzUnity.Burst.CodeGen.BurstILPostProcessor
[ 804/1153  0s] ILPostProcess Library/Bee/artifacts/1300b0aE.dag/post-processed/Unity.InternalAPIEngineBridge.004.dll (+pdb)
Processing assembly Library/Bee/artifacts/1300b0aE.dag/Unity.InternalAPIEngineBridge.004.dll, with 149 defines and 263 references

processors: Unity.Jobs.CodeGen.JobsILPostProcessor, zzzUnity.Burst.CodeGen.BurstILPostProcessor

running Unity.Jobs.CodeGen.JobsILPostProcessor

running zzzUnity.Burst.CodeGen.BurstILPostProcessor
[ 805/1153  0s] ILPostProcess Library/Bee/artifacts/1300b0aE.dag/post-processed/Unity.Multiplayer.Center.Common.dll (+pdb)
Processing assembly Library/Bee/artifacts/1300b0aE.dag/Unity.Multiplayer.Center.Common.dll, with 149 defines and 263 references

processors: Unity.Jobs.CodeGen.JobsILPostProcessor, zzzUnity.Burst.CodeGen.BurstILPostProcessor

running Unity.Jobs.CodeGen.JobsILPostProcessor

running zzzUnity.Burst.CodeGen.BurstILPostProcessor
[ 806/1153  0s] ILPostProcess Library/Bee/artifacts/1300b0aE.dag/post-processed/Unity.RenderPipelines.Universal.Shaders.dll (+pdb)
Processing assembly Library/Bee/artifacts/1300b0aE.dag/Unity.RenderPipelines.Universal.Shaders.dll, with 149 defines and 263 references

processors: Unity.Jobs.CodeGen.JobsILPostProcessor, zzzUnity.Burst.CodeGen.BurstILPostProcessor

running Unity.Jobs.CodeGen.JobsILPostProcessor

running zzzUnity.Burst.CodeGen.BurstILPostProcessor
[ 807/1153  0s] MovedFromExtractor Library/Bee/artifacts/mvdfrm/Unity.XR.ARFoundation.InternalUtils.Editor.ref.dll_43F6AD90E74B5FB1.mvfrm
[ 808/1153  0s] ILPostProcess Library/Bee/artifacts/1300b0aE.dag/post-processed/Unity.RenderPipelines.ShaderGraph.ShaderGraphLibrary.dll (+pdb)
Processing assembly Library/Bee/artifacts/1300b0aE.dag/Unity.RenderPipelines.ShaderGraph.ShaderGraphLibrary.dll, with 149 defines and 263 references

processors: Unity.Jobs.CodeGen.JobsILPostProcessor, zzzUnity.Burst.CodeGen.BurstILPostProcessor

running Unity.Jobs.CodeGen.JobsILPostProcessor

running zzzUnity.Burst.CodeGen.BurstILPostProcessor
[ 809/1153  0s] ILPostProcess Library/Bee/artifacts/1300b0aE.dag/post-processed/Unity.Tutorials.dll (+pdb)
Processing assembly Library/Bee/artifacts/1300b0aE.dag/Unity.Tutorials.dll, with 149 defines and 263 references

processors: Unity.Jobs.CodeGen.JobsILPostProcessor, zzzUnity.Burst.CodeGen.BurstILPostProcessor

running Unity.Jobs.CodeGen.JobsILPostProcessor

running zzzUnity.Burst.CodeGen.BurstILPostProcessor
[ 810/1153  0s] ILPostProcess Library/Bee/artifacts/1300b0aE.dag/post-processed/Unity.Mathematics.dll (+pdb)
Processing assembly Library/Bee/artifacts/1300b0aE.dag/Unity.Mathematics.dll, with 149 defines and 263 references

processors: Unity.Jobs.CodeGen.JobsILPostProcessor, zzzUnity.Burst.CodeGen.BurstILPostProcessor

running Unity.Jobs.CodeGen.JobsILPostProcessor

running zzzUnity.Burst.CodeGen.BurstILPostProcessor
[ 811/1153  0s] MovedFromExtractor Library/Bee/artifacts/mvdfrm/Unity.RenderPipelines.Core.Runtime.ref.dll_CA4A63933BEF3AB0.mvfrm
[ 812/1153  0s] ILPostProcess Library/Bee/artifacts/1300b0aE.dag/post-processed/UnityEngine.XR.LegacyInputHelpers.dll (+pdb)
Processing assembly Library/Bee/artifacts/1300b0aE.dag/UnityEngine.XR.LegacyInputHelpers.dll, with 149 defines and 264 references

processors: Unity.Jobs.CodeGen.JobsILPostProcessor, zzzUnity.Burst.CodeGen.BurstILPostProcessor

running Unity.Jobs.CodeGen.JobsILPostProcessor

running zzzUnity.Burst.CodeGen.BurstILPostProcessor
[ 813/1153  0s] ILPostProcess Library/Bee/artifacts/1300b0aE.dag/post-processed/Unity.InputSystem.dll (+pdb)
Processing assembly Library/Bee/artifacts/1300b0aE.dag/Unity.InputSystem.dll, with 160 defines and 263 references

processors: Unity.Jobs.CodeGen.JobsILPostProcessor, zzzUnity.Burst.CodeGen.BurstILPostProcessor

running Unity.Jobs.CodeGen.JobsILPostProcessor

running zzzUnity.Burst.CodeGen.BurstILPostProcessor
[ 814/1153  0s] ILPostProcess Library/Bee/artifacts/1300b0aE.dag/post-processed/Unity.Tutorials.Editor.dll (+pdb)
Processing assembly Library/Bee/artifacts/1300b0aE.dag/Unity.Tutorials.Editor.dll, with 147 defines and 280 references

processors: Unity.Jobs.CodeGen.JobsILPostProcessor, zzzUnity.Burst.CodeGen.BurstILPostProcessor

running Unity.Jobs.CodeGen.JobsILPostProcessor

running zzzUnity.Burst.CodeGen.BurstILPostProcessor
[ 815/1153  0s] ILPostProcess Library/Bee/artifacts/1300b0aE.dag/post-processed/Unity.Settings.Editor.dll (+pdb)
Processing assembly Library/Bee/artifacts/1300b0aE.dag/Unity.Settings.Editor.dll, with 147 defines and 275 references

processors: Unity.Jobs.CodeGen.JobsILPostProcessor, zzzUnity.Burst.CodeGen.BurstILPostProcessor

running Unity.Jobs.CodeGen.JobsILPostProcessor

running zzzUnity.Burst.CodeGen.BurstILPostProcessor
[ 816/1153  0s] ILPostProcess Library/Bee/artifacts/1300b0aE.dag/post-processed/UnityEditor.UI.dll (+pdb)
Processing assembly Library/Bee/artifacts/1300b0aE.dag/UnityEditor.UI.dll, with 150 defines and 274 references

processors: Unity.Jobs.CodeGen.JobsILPostProcessor, zzzUnity.Burst.CodeGen.BurstILPostProcessor

running Unity.Jobs.CodeGen.JobsILPostProcessor

running zzzUnity.Burst.CodeGen.BurstILPostProcessor
[ 817/1153  0s] ILPostProcess Library/Bee/artifacts/1300b0aE.dag/post-processed/Unity.InputSystem.DocCodeSamples.dll (+pdb)
Processing assembly Library/Bee/artifacts/1300b0aE.dag/Unity.InputSystem.DocCodeSamples.dll, with 147 defines and 272 references

processors: Unity.Jobs.CodeGen.JobsILPostProcessor, zzzUnity.Burst.CodeGen.BurstILPostProcessor

running Unity.Jobs.CodeGen.JobsILPostProcessor

running zzzUnity.Burst.CodeGen.BurstILPostProcessor
[ 818/1153  0s] ILPostProcess Library/Bee/artifacts/1300b0aE.dag/post-processed/Unity.XR.ARFoundation.InternalUtils.Editor.dll (+pdb)
Processing assembly Library/Bee/artifacts/1300b0aE.dag/Unity.XR.ARFoundation.InternalUtils.Editor.dll, with 147 defines and 276 references

processors: Unity.Jobs.CodeGen.JobsILPostProcessor, zzzUnity.Burst.CodeGen.BurstILPostProcessor

running Unity.Jobs.CodeGen.JobsILPostProcessor

running zzzUnity.Burst.CodeGen.BurstILPostProcessor
[ 819/1153  0s] MovedFromExtractor-Combine Library/Bee/artifacts/1300b0aE.dag/Unity.RenderPipelines.GPUDriven.Runtime.dll.mvfrm
[ 820/1153  0s] MovedFromExtractor-Combine Library/Bee/artifacts/1300b0aE.dag/Unity.RenderPipelines.Core.Runtime.Shared.dll.mvfrm
[ 821/1153  0s] MovedFromExtractor-Combine Library/Bee/artifacts/1300b0aE.dag/Unity.RenderPipelines.Universal.Config.Runtime.dll.mvfrm
[ 822/1153  0s] MovedFromExtractor-Combine Library/Bee/artifacts/1300b0aE.dag/Unity.TextMeshPro.Editor.dll.mvfrm
[ 823/1153  0s] MovedFromExtractor-Combine Library/Bee/artifacts/1300b0aE.dag/Unity.RenderPipeline.Universal.ShaderLibrary.dll.mvfrm
[ 824/1153  0s] ILPostProcess Library/Bee/artifacts/1300b0aE.dag/post-processed/Unity.Mobile.AndroidLogcat.Editor.dll (+pdb)
Processing assembly Library/Bee/artifacts/1300b0aE.dag/Unity.Mobile.AndroidLogcat.Editor.dll, with 147 defines and 275 references

processors: Unity.Jobs.CodeGen.JobsILPostProcessor, zzzUnity.Burst.CodeGen.BurstILPostProcessor

running Unity.Jobs.CodeGen.JobsILPostProcessor

running zzzUnity.Burst.CodeGen.BurstILPostProcessor
[ 825/1153  0s] ILPostProcess Library/Bee/artifacts/1300b0aE.dag/post-processed/UnityEditor.UI.Analytics.dll (+pdb)
Processing assembly Library/Bee/artifacts/1300b0aE.dag/UnityEditor.UI.Analytics.dll, with 147 defines and 276 references

processors: Unity.Jobs.CodeGen.JobsILPostProcessor, zzzUnity.Burst.CodeGen.BurstILPostProcessor

running Unity.Jobs.CodeGen.JobsILPostProcessor

running zzzUnity.Burst.CodeGen.BurstILPostProcessor
[ 826/1153  0s] ILPostProcess Library/Bee/artifacts/1300b0aE.dag/post-processed/UnityEditor.SpatialTracking.dll (+pdb)
Processing assembly Library/Bee/artifacts/1300b0aE.dag/UnityEditor.SpatialTracking.dll, with 148 defines and 276 references

processors: Unity.Jobs.CodeGen.JobsILPostProcessor, zzzUnity.Burst.CodeGen.BurstILPostProcessor

running Unity.Jobs.CodeGen.JobsILPostProcessor

running zzzUnity.Burst.CodeGen.BurstILPostProcessor
[ 827/1153  0s] ILPostProcess Library/Bee/artifacts/1300b0aE.dag/post-processed/Unity.XR.CoreUtils.Editor.dll (+pdb)
Processing assembly Library/Bee/artifacts/1300b0aE.dag/Unity.XR.CoreUtils.Editor.dll, with 149 defines and 277 references

processors: Unity.Jobs.CodeGen.JobsILPostProcessor, zzzUnity.Burst.CodeGen.BurstILPostProcessor

running Unity.Jobs.CodeGen.JobsILPostProcessor

running zzzUnity.Burst.CodeGen.BurstILPostProcessor
[ 828/1153  0s] Csc Library/Bee/artifacts/1300b0aE.dag/Unity.RenderPipelines.Core.Runtime.Shared.dll (+2 others)
[ 829/1153  0s] Csc Library/Bee/artifacts/1300b0aE.dag/Unity.RenderPipelines.Universal.Config.Runtime.dll (+2 others)
[           0s] Csc Library/Bee/artifacts/1300b0aE.dag/Unity.RenderPipelines.Core.Runtime.Shared.dll (+2 others) [CacheWrite 00000000000000000000000000000005]
[ 830/1153  0s] ILPostProcess Library/Bee/artifacts/1300b0aE.dag/post-processed/Unity.InternalAPIEngineBridge.007.dll (+pdb)
Processing assembly Library/Bee/artifacts/1300b0aE.dag/Unity.InternalAPIEngineBridge.007.dll, with 147 defines and 275 references

processors: Unity.Jobs.CodeGen.JobsILPostProcessor, zzzUnity.Burst.CodeGen.BurstILPostProcessor

running Unity.Jobs.CodeGen.JobsILPostProcessor

running zzzUnity.Burst.CodeGen.BurstILPostProcessor
[           0s] Csc Library/Bee/artifacts/1300b0aE.dag/Unity.RenderPipelines.Universal.Config.Runtime.dll (+2 others) [CacheWrite 00000000000000000000000000000005]
[ 831/1153  0s] ILPostProcess Library/Bee/artifacts/1300b0aE.dag/post-processed/Unity.EditorCoroutines.Editor.dll (+pdb)
Processing assembly Library/Bee/artifacts/1300b0aE.dag/Unity.EditorCoroutines.Editor.dll, with 147 defines and 275 references

processors: Unity.Jobs.CodeGen.JobsILPostProcessor, zzzUnity.Burst.CodeGen.BurstILPostProcessor

running Unity.Jobs.CodeGen.JobsILPostProcessor

running zzzUnity.Burst.CodeGen.BurstILPostProcessor
[ 832/1153  0s] Csc Library/Bee/artifacts/1300b0aE.dag/Unity.RenderPipeline.Universal.ShaderLibrary.dll (+2 others)
[ 833/1153  0s] Csc Library/Bee/artifacts/1300b0aE.dag/Unity.RenderPipelines.GPUDriven.Runtime.dll (+2 others)
[           0s] Csc Library/Bee/artifacts/1300b0aE.dag/Unity.RenderPipeline.Universal.ShaderLibrary.dll (+2 others) [CacheWrite 00000000000000000000000000000005]
[ 834/1153  0s] MovedFromExtractor Library/Bee/artifacts/mvdfrm/Unity.RenderPipelines.Core.Runtime.Shared.ref.dll_7A1EBD19F46C9779.mvfrm
[           0s] Csc Library/Bee/artifacts/1300b0aE.dag/Unity.RenderPipelines.GPUDriven.Runtime.dll (+2 others) [CacheWrite 00000000000000000000000000000005]
[ 835/1153  0s] ILPostProcess Library/Bee/artifacts/1300b0aE.dag/post-processed/Unity.RenderPipelines.Core.Runtime.Shared.dll (+pdb)
Processing assembly Library/Bee/artifacts/1300b0aE.dag/Unity.RenderPipelines.Core.Runtime.Shared.dll, with 149 defines and 264 references

processors: Unity.Jobs.CodeGen.JobsILPostProcessor, zzzUnity.Burst.CodeGen.BurstILPostProcessor

running Unity.Jobs.CodeGen.JobsILPostProcessor

running zzzUnity.Burst.CodeGen.BurstILPostProcessor
[ 836/1153  0s] MovedFromExtractor Library/Bee/artifacts/mvdfrm/Unity.RenderPipelines.Universal.Config.Runtime.ref.dll_547D2080E01BE466.mvfrm
[ 837/1153  0s] Csc Library/Bee/artifacts/1300b0aE.dag/Unity.TextMeshPro.Editor.dll (+2 others)
[           0s] Csc Library/Bee/artifacts/1300b0aE.dag/Unity.TextMeshPro.Editor.dll (+2 others) [CacheWrite 00000000000000000000000000000005]
[ 838/1153  0s] MovedFromExtractor Library/Bee/artifacts/mvdfrm/Unity.RenderPipeline.Universal.ShaderLibrary.ref.dll_D7DD283915E480F1.mvfrm
[ 839/1153  0s] ILPostProcess Library/Bee/artifacts/1300b0aE.dag/post-processed/Unity.Burst.Editor.dll (+pdb)
Processing assembly Library/Bee/artifacts/1300b0aE.dag/Unity.Burst.Editor.dll, with 147 defines and 276 references

processors: Unity.Jobs.CodeGen.JobsILPostProcessor, zzzUnity.Burst.CodeGen.BurstILPostProcessor

running Unity.Jobs.CodeGen.JobsILPostProcessor

running zzzUnity.Burst.CodeGen.BurstILPostProcessor
[ 840/1153  0s] ILPostProcess Library/Bee/artifacts/1300b0aE.dag/post-processed/Unity.RenderPipeline.Universal.ShaderLibrary.dll (+pdb)
Processing assembly Library/Bee/artifacts/1300b0aE.dag/Unity.RenderPipeline.Universal.ShaderLibrary.dll, with 149 defines and 264 references

processors: Unity.Jobs.CodeGen.JobsILPostProcessor, zzzUnity.Burst.CodeGen.BurstILPostProcessor

running Unity.Jobs.CodeGen.JobsILPostProcessor

running zzzUnity.Burst.CodeGen.BurstILPostProcessor
[ 841/1153  0s] ILPostProcess Library/Bee/artifacts/1300b0aE.dag/post-processed/Unity.RenderPipelines.Universal.Config.Runtime.dll (+pdb)
Processing assembly Library/Bee/artifacts/1300b0aE.dag/Unity.RenderPipelines.Universal.Config.Runtime.dll, with 149 defines and 264 references

processors: Unity.Jobs.CodeGen.JobsILPostProcessor, zzzUnity.Burst.CodeGen.BurstILPostProcessor

running Unity.Jobs.CodeGen.JobsILPostProcessor

running zzzUnity.Burst.CodeGen.BurstILPostProcessor
[ 842/1153  0s] MovedFromExtractor Library/Bee/artifacts/mvdfrm/Unity.RenderPipelines.GPUDriven.Runtime.ref.dll_D787A0DCFA114319.mvfrm
[ 843/1153  0s] ILPostProcess Library/Bee/artifacts/1300b0aE.dag/post-processed/Unity.Collections.Editor.dll (+pdb)
Processing assembly Library/Bee/artifacts/1300b0aE.dag/Unity.Collections.Editor.dll, with 148 defines and 276 references

processors: Unity.Jobs.CodeGen.JobsILPostProcessor, zzzUnity.Burst.CodeGen.BurstILPostProcessor

running Unity.Jobs.CodeGen.JobsILPostProcessor

running zzzUnity.Burst.CodeGen.BurstILPostProcessor
[ 844/1153  0s] MovedFromExtractor Library/Bee/artifacts/mvdfrm/Unity.TextMeshPro.Editor.ref.dll_D0BA3615D322EF6C.mvfrm
[ 845/1153  0s] ILPostProcess Library/Bee/artifacts/1300b0aE.dag/post-processed/Unity.TestTools.CodeCoverage.Editor.OpenCover.Model.dll (+pdb)
Processing assembly Library/Bee/artifacts/1300b0aE.dag/Unity.TestTools.CodeCoverage.Editor.OpenCover.Model.dll, with 147 defines and 275 references

processors: Unity.Jobs.CodeGen.JobsILPostProcessor, zzzUnity.Burst.CodeGen.BurstILPostProcessor

running Unity.Jobs.CodeGen.JobsILPostProcessor

running zzzUnity.Burst.CodeGen.BurstILPostProcessor
[ 846/1153  0s] MovedFromExtractor-Combine Library/Bee/artifacts/1300b0aE.dag/Unity.RenderPipelines.Universal.Runtime.dll.mvfrm
[ 847/1153  0s] ILPostProcess Library/Bee/artifacts/1300b0aE.dag/post-processed/Unity.TestTools.CodeCoverage.Editor.dll (+pdb)
Processing assembly Library/Bee/artifacts/1300b0aE.dag/Unity.TestTools.CodeCoverage.Editor.dll, with 148 defines and 275 references

processors: Unity.Jobs.CodeGen.JobsILPostProcessor, zzzUnity.Burst.CodeGen.BurstILPostProcessor

running Unity.Jobs.CodeGen.JobsILPostProcessor

running zzzUnity.Burst.CodeGen.BurstILPostProcessor
[ 848/1153  0s] MovedFromExtractor-Combine Library/Bee/artifacts/1300b0aE.dag/Unity.RenderPipelines.Core.Editor.dll.mvfrm
[ 849/1153  0s] ILPostProcess Library/Bee/artifacts/1300b0aE.dag/post-processed/Unity.Performance.Profile-Analyzer.Editor.dll (+pdb)
Processing assembly Library/Bee/artifacts/1300b0aE.dag/Unity.Performance.Profile-Analyzer.Editor.dll, with 147 defines and 275 references

processors: Unity.Jobs.CodeGen.JobsILPostProcessor, zzzUnity.Burst.CodeGen.BurstILPostProcessor

running Unity.Jobs.CodeGen.JobsILPostProcessor

running zzzUnity.Burst.CodeGen.BurstILPostProcessor
[ 850/1153  0s] ILPostProcess Library/Bee/artifacts/1300b0aE.dag/post-processed/Unity.ShaderGraph.Utilities.dll (+pdb)
Processing assembly Library/Bee/artifacts/1300b0aE.dag/Unity.ShaderGraph.Utilities.dll, with 147 defines and 275 references

processors: Unity.Jobs.CodeGen.JobsILPostProcessor, zzzUnity.Burst.CodeGen.BurstILPostProcessor

running Unity.Jobs.CodeGen.JobsILPostProcessor

running zzzUnity.Burst.CodeGen.BurstILPostProcessor
[ 851/1153  0s] ILPostProcess Library/Bee/artifacts/1300b0aE.dag/post-processed/Unity.InternalAPIEditorBridge.007.dll (+pdb)
Processing assembly Library/Bee/artifacts/1300b0aE.dag/Unity.InternalAPIEditorBridge.007.dll, with 147 defines and 275 references

processors: Unity.Jobs.CodeGen.JobsILPostProcessor, zzzUnity.Burst.CodeGen.BurstILPostProcessor

running Unity.Jobs.CodeGen.JobsILPostProcessor

running zzzUnity.Burst.CodeGen.BurstILPostProcessor
[ 852/1153  0s] ILPostProcess Library/Bee/artifacts/1300b0aE.dag/post-processed/Unity.XR.Interaction.Toolkit.Analytics.Editor.dll (+pdb)
Processing assembly Library/Bee/artifacts/1300b0aE.dag/Unity.XR.Interaction.Toolkit.Analytics.Editor.dll, with 147 defines and 276 references

processors: Unity.Jobs.CodeGen.JobsILPostProcessor, zzzUnity.Burst.CodeGen.BurstILPostProcessor

running Unity.Jobs.CodeGen.JobsILPostProcessor

running zzzUnity.Burst.CodeGen.BurstILPostProcessor
[ 853/1153  0s] ILPostProcess Library/Bee/artifacts/1300b0aE.dag/post-processed/Unity.TextMeshPro.Editor.dll (+pdb)
Processing assembly Library/Bee/artifacts/1300b0aE.dag/Unity.TextMeshPro.Editor.dll, with 147 defines and 277 references

processors: Unity.Jobs.CodeGen.JobsILPostProcessor, zzzUnity.Burst.CodeGen.BurstILPostProcessor

running Unity.Jobs.CodeGen.JobsILPostProcessor

running zzzUnity.Burst.CodeGen.BurstILPostProcessor
[ 854/1153  1s] ILPostProcess Library/Bee/artifacts/1300b0aE.dag/post-processed/Unity.RenderPipelines.Core.Runtime.dll (+pdb)
Processing assembly Library/Bee/artifacts/1300b0aE.dag/Unity.RenderPipelines.Core.Runtime.dll, with 152 defines and 267 references

processors: Unity.Jobs.CodeGen.JobsILPostProcessor, zzzUnity.Burst.CodeGen.BurstILPostProcessor

running Unity.Jobs.CodeGen.JobsILPostProcessor

running zzzUnity.Burst.CodeGen.BurstILPostProcessor
[ 855/1153  0s] ILPostProcess Library/Bee/artifacts/1300b0aE.dag/post-processed/Unity.Multiplayer.Center.Editor.dll (+pdb)
Processing assembly Library/Bee/artifacts/1300b0aE.dag/Unity.Multiplayer.Center.Editor.dll, with 147 defines and 276 references

processors: Unity.Jobs.CodeGen.JobsILPostProcessor, zzzUnity.Burst.CodeGen.BurstILPostProcessor

running Unity.Jobs.CodeGen.JobsILPostProcessor

running zzzUnity.Burst.CodeGen.BurstILPostProcessor
[ 856/1153  0s] ILPostProcess Library/Bee/artifacts/1300b0aE.dag/post-processed/Unity.PerformanceTesting.Editor.dll (+pdb)
Processing assembly Library/Bee/artifacts/1300b0aE.dag/Unity.PerformanceTesting.Editor.dll, with 148 defines and 272 references

processors: Unity.Jobs.CodeGen.JobsILPostProcessor, zzzUnity.Burst.CodeGen.BurstILPostProcessor

running Unity.Jobs.CodeGen.JobsILPostProcessor

running zzzUnity.Burst.CodeGen.BurstILPostProcessor
[ 857/1153  0s] ILPostProcess Library/Bee/artifacts/1300b0aE.dag/post-processed/Unity.XR.Management.Editor.dll (+pdb)
Processing assembly Library/Bee/artifacts/1300b0aE.dag/Unity.XR.Management.Editor.dll, with 149 defines and 278 references

processors: Unity.Jobs.CodeGen.JobsILPostProcessor, zzzUnity.Burst.CodeGen.BurstILPostProcessor

running Unity.Jobs.CodeGen.JobsILPostProcessor

running zzzUnity.Burst.CodeGen.BurstILPostProcessor
[ 858/1153  0s] ILPostProcess Library/Bee/artifacts/1300b0aE.dag/post-processed/Unity.InputSystem.ForUI.Editor.dll (+pdb)
Processing assembly Library/Bee/artifacts/1300b0aE.dag/Unity.InputSystem.ForUI.Editor.dll, with 147 defines and 277 references

processors: Unity.Jobs.CodeGen.JobsILPostProcessor, zzzUnity.Burst.CodeGen.BurstILPostProcessor

running Unity.Jobs.CodeGen.JobsILPostProcessor

running zzzUnity.Burst.CodeGen.BurstILPostProcessor
[ 859/1153  0s] ILPostProcess Library/Bee/artifacts/1300b0aE.dag/post-processed/Unity.XR.ARSubsystems.Editor.dll (+pdb)
Processing assembly Library/Bee/artifacts/1300b0aE.dag/Unity.XR.ARSubsystems.Editor.dll, with 147 defines and 278 references

processors: Unity.Jobs.CodeGen.JobsILPostProcessor, zzzUnity.Burst.CodeGen.BurstILPostProcessor

running Unity.Jobs.CodeGen.JobsILPostProcessor

running zzzUnity.Burst.CodeGen.BurstILPostProcessor
[ 860/1153  0s] CopyFiles Library/ScriptAssemblies/Unity.RenderPipelines.Core.ShaderLibrary.dll
[ 861/1153  0s] CopyFiles Library/ScriptAssemblies/Unity.XR.ARSubsystems.dll
[ 862/1153  0s] CopyFiles Library/ScriptAssemblies/Unity.RenderPipelines.Core.Runtime.Shared.dll
[ 863/1153  0s] CopyFiles Library/ScriptAssemblies/Unity.XR.CoreUtils.dll
[ 864/1153  0s] CopyFiles Library/ScriptAssemblies/Unity.InternalAPIEngineBridge.004.dll
[ 865/1153  0s] CopyFiles Library/ScriptAssemblies/Unity.PerformanceTesting.dll
[ 866/1153  0s] CopyFiles Library/ScriptAssemblies/Unity.InputSystem.ForUI.dll
[ 867/1153  0s] CopyFiles Library/ScriptAssemblies/Unity.XR.Management.dll
[ 868/1153  0s] CopyFiles Library/ScriptAssemblies/Unity.InputSystem.dll
[ 869/1153  0s] CopyFiles Library/ScriptAssemblies/Unity.Mathematics.dll
[ 870/1153  0s] CopyFiles Library/ScriptAssemblies/UnityEngine.XR.LegacyInputHelpers.dll
[ 871/1153  0s] CopyFiles Library/ScriptAssemblies/Unity.RenderPipelines.Core.Runtime.dll
[ 872/1153  0s] CopyFiles Library/ScriptAssemblies/Unity.XR.ARFoundation.InternalUtils.dll
[ 873/1153  0s] CopyFiles Library/ScriptAssemblies/Unity.Tutorials.dll
[ 874/1153  0s] CopyFiles Library/ScriptAssemblies/Unity.TextMeshPro.dll
[ 875/1153  0s] CopyFiles Library/ScriptAssemblies/Unity.Multiplayer.Center.Common.dll
[ 876/1153  0s] CopyFiles Library/ScriptAssemblies/UnityEngine.UI.dll
[ 877/1153  0s] CopyFiles Library/ScriptAssemblies/Unity.RenderPipelines.Universal.Config.Runtime.dll
[ 878/1153  0s] CopyFiles Library/ScriptAssemblies/UnityEngine.SpatialTracking.dll
[ 879/1153  0s] CopyFiles Library/ScriptAssemblies/Unity.InputSystem.TestFramework.dll
[ 880/1153  0s] CopyFiles Library/ScriptAssemblies/Unity.RenderPipelines.ShaderGraph.ShaderGraphLibrary.dll
[ 881/1153  0s] CopyFiles Library/ScriptAssemblies/Unity.RenderPipelines.Universal.Shaders.dll
[ 882/1153  0s] CopyFiles Library/ScriptAssemblies/Unity.XR.ARKit.FaceTracking.dll
[ 883/1153  0s] CopyFiles Library/ScriptAssemblies/Unity.RenderPipeline.Universal.ShaderLibrary.dll
[ 884/1153  0s] CopyFiles Library/ScriptAssemblies/Unity.XR.ARSubsystems.Editor.dll
[ 885/1153  0s] CopyFiles Library/ScriptAssemblies/Unity.XR.ARSubsystems.Editor.pdb
[ 886/1153  0s] CopyFiles Library/ScriptAssemblies/Unity.InputSystem.ForUI.Editor.dll
[ 887/1153  0s] CopyFiles Library/ScriptAssemblies/Unity.InputSystem.ForUI.Editor.pdb
[ 888/1153  0s] CopyFiles Library/ScriptAssemblies/Unity.XR.Management.Editor.dll
[ 889/1153  0s] CopyFiles Library/ScriptAssemblies/Unity.XR.Management.Editor.pdb
[ 890/1153  0s] CopyFiles Library/ScriptAssemblies/Unity.PerformanceTesting.Editor.dll
[ 891/1153  0s] CopyFiles Library/ScriptAssemblies/Unity.PerformanceTesting.Editor.pdb
[ 892/1153  0s] CopyFiles Library/ScriptAssemblies/Unity.Multiplayer.Center.Editor.dll
[ 893/1153  0s] CopyFiles Library/ScriptAssemblies/Unity.Multiplayer.Center.Editor.pdb
[ 894/1153  0s] CopyFiles Library/ScriptAssemblies/Unity.RenderPipelines.Core.Runtime.pdb
[ 895/1153  0s] CopyFiles Library/ScriptAssemblies/Unity.TextMeshPro.Editor.pdb
[ 896/1153  0s] CopyFiles Library/ScriptAssemblies/Unity.TextMeshPro.Editor.dll
[ 897/1153  0s] CopyFiles Library/ScriptAssemblies/Unity.XR.Interaction.Toolkit.Analytics.Editor.dll
[ 898/1153  0s] CopyFiles Library/ScriptAssemblies/Unity.XR.Interaction.Toolkit.Analytics.Editor.pdb
[ 899/1153  0s] CopyFiles Library/ScriptAssemblies/Unity.ShaderGraph.Utilities.pdb
[ 900/1153  0s] CopyFiles Library/ScriptAssemblies/Unity.ShaderGraph.Utilities.dll
[ 901/1153  0s] CopyFiles Library/ScriptAssemblies/Unity.InternalAPIEditorBridge.007.dll
[ 902/1153  0s] CopyFiles Library/ScriptAssemblies/Unity.InternalAPIEditorBridge.007.pdb
[ 903/1153  0s] CopyFiles Library/ScriptAssemblies/Unity.Performance.Profile-Analyzer.Editor.dll
[ 904/1153  0s] CopyFiles Library/ScriptAssemblies/Unity.Performance.Profile-Analyzer.Editor.pdb
[ 905/1153  0s] CopyFiles Library/ScriptAssemblies/Unity.TestTools.CodeCoverage.Editor.pdb
[ 906/1153  0s] CopyFiles Library/ScriptAssemblies/Unity.TestTools.CodeCoverage.Editor.dll
[ 907/1153  0s] CopyFiles Library/ScriptAssemblies/Unity.TestTools.CodeCoverage.Editor.OpenCover.Model.pdb
[ 908/1153  0s] CopyFiles Library/ScriptAssemblies/Unity.TestTools.CodeCoverage.Editor.OpenCover.Model.dll
[ 909/1153  0s] CopyFiles Library/ScriptAssemblies/Unity.Collections.Editor.pdb
[ 910/1153  0s] CopyFiles Library/ScriptAssemblies/Unity.Collections.Editor.dll
[ 911/1153  0s] CopyFiles Library/ScriptAssemblies/Unity.RenderPipelines.Universal.Config.Runtime.pdb
[ 912/1153  0s] CopyFiles Library/ScriptAssemblies/Unity.RenderPipeline.Universal.ShaderLibrary.pdb
[ 913/1153  0s] CopyFiles Library/ScriptAssemblies/Unity.Burst.Editor.dll
[ 914/1153  0s] CopyFiles Library/ScriptAssemblies/Unity.Burst.Editor.pdb
[ 915/1153  0s] CopyFiles Library/ScriptAssemblies/Unity.RenderPipelines.Core.Runtime.Shared.pdb
[ 916/1153  0s] CopyFiles Library/ScriptAssemblies/Unity.EditorCoroutines.Editor.dll
[ 917/1153  0s] CopyFiles Library/ScriptAssemblies/Unity.EditorCoroutines.Editor.pdb
[ 918/1153  0s] CopyFiles Library/ScriptAssemblies/Unity.InternalAPIEngineBridge.007.dll
[ 919/1153  0s] CopyFiles Library/ScriptAssemblies/Unity.InternalAPIEngineBridge.007.pdb
[ 920/1153  0s] CopyFiles Library/ScriptAssemblies/Unity.XR.CoreUtils.Editor.dll
[ 921/1153  0s] CopyFiles Library/ScriptAssemblies/Unity.XR.CoreUtils.Editor.pdb
[ 922/1153  0s] CopyFiles Library/ScriptAssemblies/UnityEditor.SpatialTracking.pdb
[ 923/1153  0s] CopyFiles Library/ScriptAssemblies/UnityEditor.SpatialTracking.dll
[ 924/1153  0s] CopyFiles Library/ScriptAssemblies/UnityEditor.UI.Analytics.dll
[ 925/1153  0s] CopyFiles Library/ScriptAssemblies/UnityEditor.UI.Analytics.pdb
[ 926/1153  0s] CopyFiles Library/ScriptAssemblies/Unity.Mobile.AndroidLogcat.Editor.pdb
[ 927/1153  0s] CopyFiles Library/ScriptAssemblies/Unity.Mobile.AndroidLogcat.Editor.dll
[ 928/1153  0s] CopyFiles Library/ScriptAssemblies/Unity.XR.ARFoundation.InternalUtils.Editor.dll
[ 929/1153  0s] CopyFiles Library/ScriptAssemblies/Unity.XR.ARFoundation.InternalUtils.Editor.pdb
[ 930/1153  0s] CopyFiles Library/ScriptAssemblies/UnityEditor.UI.dll
[ 931/1153  0s] CopyFiles Library/ScriptAssemblies/UnityEditor.UI.pdb
[ 932/1153  0s] CopyFiles Library/ScriptAssemblies/Unity.InputSystem.DocCodeSamples.dll
[ 933/1153  0s] CopyFiles Library/ScriptAssemblies/Unity.InputSystem.DocCodeSamples.pdb
[ 934/1153  0s] CopyFiles Library/ScriptAssemblies/Unity.Settings.Editor.pdb
[ 935/1153  0s] CopyFiles Library/ScriptAssemblies/Unity.Settings.Editor.dll
[ 936/1153  0s] CopyFiles Library/ScriptAssemblies/Unity.Tutorials.Editor.dll
[ 937/1153  0s] CopyFiles Library/ScriptAssemblies/Unity.Tutorials.Editor.pdb
[ 938/1153  0s] CopyFiles Library/ScriptAssemblies/Unity.InputSystem.pdb
[ 939/1153  0s] CopyFiles Library/ScriptAssemblies/UnityEngine.XR.LegacyInputHelpers.pdb
[ 940/1153  0s] CopyFiles Library/ScriptAssemblies/Unity.Tutorials.pdb
[ 941/1153  0s] CopyFiles Library/ScriptAssemblies/Unity.Mathematics.pdb
[ 942/1153  0s] CopyFiles Library/ScriptAssemblies/Unity.RenderPipelines.ShaderGraph.ShaderGraphLibrary.pdb
[ 943/1153  0s] CopyFiles Library/ScriptAssemblies/Unity.RenderPipelines.Universal.Shaders.pdb
[ 944/1153  0s] CopyFiles Library/ScriptAssemblies/Unity.Multiplayer.Center.Common.pdb
[ 945/1153  0s] CopyFiles Library/ScriptAssemblies/Unity.InternalAPIEngineBridge.004.pdb
[ 946/1153  0s] CopyFiles Library/ScriptAssemblies/Unity.XR.ARSubsystems.pdb
[ 947/1153  0s] CopyFiles Library/ScriptAssemblies/Unity.InputSystem.TestFramework.pdb
[ 948/1153  0s] CopyFiles Library/ScriptAssemblies/UnityEngine.UI.pdb
[ 949/1153  0s] ILPostProcess Library/Bee/artifacts/1300b0aE.dag/post-processed/Unity.Searcher.Editor.dll (+pdb)
Processing assembly Library/Bee/artifacts/1300b0aE.dag/Unity.Searcher.Editor.dll, with 147 defines and 275 references

processors: Unity.Jobs.CodeGen.JobsILPostProcessor, zzzUnity.Burst.CodeGen.BurstILPostProcessor

running Unity.Jobs.CodeGen.JobsILPostProcessor

running zzzUnity.Burst.CodeGen.BurstILPostProcessor
[ 950/1153  0s] CopyFiles Library/ScriptAssemblies/Unity.PerformanceTesting.pdb
[ 951/1153  0s] ILPostProcess Library/Bee/artifacts/1300b0aE.dag/post-processed/Unity.Rendering.LightTransport.Editor.dll (+pdb)
Processing assembly Library/Bee/artifacts/1300b0aE.dag/Unity.Rendering.LightTransport.Editor.dll, with 147 defines and 275 references

processors: Unity.Jobs.CodeGen.JobsILPostProcessor, zzzUnity.Burst.CodeGen.BurstILPostProcessor

running Unity.Jobs.CodeGen.JobsILPostProcessor

running zzzUnity.Burst.CodeGen.BurstILPostProcessor
[ 952/1153  0s] CopyFiles Library/ScriptAssemblies/UnityEngine.SpatialTracking.pdb
[ 953/1153  0s] ILPostProcess Library/Bee/artifacts/1300b0aE.dag/post-processed/Unity.Mathematics.Editor.dll (+pdb)
Processing assembly Library/Bee/artifacts/1300b0aE.dag/Unity.Mathematics.Editor.dll, with 147 defines and 276 references

processors: Unity.Jobs.CodeGen.JobsILPostProcessor, zzzUnity.Burst.CodeGen.BurstILPostProcessor

running Unity.Jobs.CodeGen.JobsILPostProcessor

running zzzUnity.Burst.CodeGen.BurstILPostProcessor
[ 954/1153  0s] CopyFiles Library/ScriptAssemblies/Unity.TextMeshPro.pdb
[ 955/1153  0s] CopyFiles Library/ScriptAssemblies/Unity.XR.CoreUtils.pdb
[ 956/1153  0s] CopyFiles Library/ScriptAssemblies/Unity.RenderPipelines.Core.ShaderLibrary.pdb
[ 957/1153  0s] CopyFiles Library/ScriptAssemblies/Unity.XR.Management.pdb
[ 958/1153  0s] CopyFiles Library/ScriptAssemblies/Unity.InputSystem.ForUI.pdb
[ 959/1153  0s] CopyFiles Library/ScriptAssemblies/Unity.XR.ARKit.FaceTracking.pdb
[ 960/1153  0s] CopyFiles Library/ScriptAssemblies/Unity.XR.ARFoundation.InternalUtils.pdb
[ 961/1153  0s] CopyFiles Library/ScriptAssemblies/Unity.Searcher.Editor.pdb
[ 962/1153  0s] CopyFiles Library/ScriptAssemblies/Unity.Rendering.LightTransport.Editor.pdb
[ 963/1153  0s] CopyFiles Library/ScriptAssemblies/Unity.Rendering.LightTransport.Editor.dll
[ 964/1153  0s] CopyFiles Library/ScriptAssemblies/Unity.Mathematics.Editor.pdb
[ 965/1153  0s] CopyFiles Library/ScriptAssemblies/Unity.Mathematics.Editor.dll
[ 966/1153  0s] ILPostProcess Library/Bee/artifacts/1300b0aE.dag/post-processed/Unity.TestTools.CodeCoverage.Editor.OpenCover.Mono.Reflection.dll (+pdb)
Processing assembly Library/Bee/artifacts/1300b0aE.dag/Unity.TestTools.CodeCoverage.Editor.OpenCover.Mono.Reflection.dll, with 147 defines and 275 references

processors: Unity.Jobs.CodeGen.JobsILPostProcessor, zzzUnity.Burst.CodeGen.BurstILPostProcessor

running Unity.Jobs.CodeGen.JobsILPostProcessor

running zzzUnity.Burst.CodeGen.BurstILPostProcessor
[ 967/1153  0s] CopyFiles Library/ScriptAssemblies/Unity.TestTools.CodeCoverage.Editor.OpenCover.Mono.Reflection.pdb
[ 968/1153  0s] ILPostProcess Library/Bee/artifacts/1300b0aE.dag/post-processed/Unity.XR.ARAnalytics.Editor.dll (+pdb)
Processing assembly Library/Bee/artifacts/1300b0aE.dag/Unity.XR.ARAnalytics.Editor.dll, with 147 defines and 276 references

processors: Unity.Jobs.CodeGen.JobsILPostProcessor, zzzUnity.Burst.CodeGen.BurstILPostProcessor

running Unity.Jobs.CodeGen.JobsILPostProcessor

running zzzUnity.Burst.CodeGen.BurstILPostProcessor
[ 969/1153  0s] CopyFiles Library/ScriptAssemblies/Unity.XR.ARAnalytics.Editor.dll
[ 970/1153  0s] CopyFiles Library/ScriptAssemblies/Unity.XR.ARAnalytics.Editor.pdb
[ 971/1153  0s] CopyFiles Library/ScriptAssemblies/Unity.TestTools.CodeCoverage.Editor.OpenCover.Mono.Reflection.dll
[ 972/1153  2s] ILPostProcess Library/Bee/artifacts/1300b0aE.dag/post-processed/Unity.UnifiedRayTracing.Runtime.dll (+pdb)
Processing assembly Library/Bee/artifacts/1300b0aE.dag/Unity.UnifiedRayTracing.Runtime.dll, with 150 defines and 266 references

processors: Unity.Jobs.CodeGen.JobsILPostProcessor, zzzUnity.Burst.CodeGen.BurstILPostProcessor

running Unity.Jobs.CodeGen.JobsILPostProcessor

running zzzUnity.Burst.CodeGen.BurstILPostProcessor
[ 973/1153  0s] CopyFiles Library/ScriptAssemblies/Unity.Searcher.Editor.dll
[ 974/1153  0s] CopyFiles Library/ScriptAssemblies/Unity.UnifiedRayTracing.Runtime.pdb
[ 975/1153  1s] Csc Library/Bee/artifacts/1300b0aE.dag/Unity.RenderPipelines.Universal.Runtime.dll (+2 others)
[           0s] Csc Library/Bee/artifacts/1300b0aE.dag/Unity.RenderPipelines.Universal.Runtime.dll (+2 others) [CacheWrite 00000000000000000000000000000005]
[ 976/1153  1s] Csc Library/Bee/artifacts/1300b0aE.dag/Unity.RenderPipelines.Core.Editor.dll (+2 others)
[ 977/1153  0s] CopyFiles Library/ScriptAssemblies/Unity.UnifiedRayTracing.Runtime.dll
[           0s] Csc Library/Bee/artifacts/1300b0aE.dag/Unity.RenderPipelines.Core.Editor.dll (+2 others) [CacheWrite 00000000000000000000000000000005]
[ 978/1153  0s] MovedFromExtractor Library/Bee/artifacts/mvdfrm/Unity.RenderPipelines.Universal.Runtime.ref.dll_9692FC5A7F88C564.mvfrm
[ 979/1153  0s] MovedFromExtractor Library/Bee/artifacts/mvdfrm/Unity.RenderPipelines.Core.Editor.ref.dll_AA6E4515E60A494B.mvfrm
[ 980/1153  0s] MovedFromExtractor-Combine Library/Bee/artifacts/1300b0aE.dag/Unity.XR.ARKit.dll.mvfrm
[ 981/1153  0s] MovedFromExtractor-Combine Library/Bee/artifacts/1300b0aE.dag/UnityEditor.XR.LegacyInputHelpers.dll.mvfrm
[ 982/1153  0s] MovedFromExtractor-Combine Library/Bee/artifacts/1300b0aE.dag/Unity.XR.Simulation.dll.mvfrm
[ 983/1153  0s] MovedFromExtractor-Combine Library/Bee/artifacts/1300b0aE.dag/Unity.XR.ARCore.dll.mvfrm
[ 984/1153  0s] MovedFromExtractor-Combine Library/Bee/artifacts/1300b0aE.dag/Unity.XR.ARFoundation.dll.mvfrm
[ 985/1153  0s] MovedFromExtractor-Combine Library/Bee/artifacts/1300b0aE.dag/Unity.RenderPipelines.Universal.2D.Runtime.dll.mvfrm
[ 986/1153  0s] MovedFromExtractor-Combine Library/Bee/artifacts/1300b0aE.dag/Unity.ShaderGraph.Editor.dll.mvfrm
[ 987/1153  0s] MovedFromExtractor-Combine Library/Bee/artifacts/1300b0aE.dag/Unity.RenderPipelines.Core.Editor.Shared.dll.mvfrm
[ 988/1153  0s] ILPostProcess Library/Bee/artifacts/1300b0aE.dag/post-processed/Unity.RenderPipelines.Universal.Runtime.dll (+pdb)
Processing assembly Library/Bee/artifacts/1300b0aE.dag/Unity.RenderPipelines.Universal.Runtime.dll, with 156 defines and 271 references

processors: Unity.Jobs.CodeGen.JobsILPostProcessor, zzzUnity.Burst.CodeGen.BurstILPostProcessor

running Unity.Jobs.CodeGen.JobsILPostProcessor

running zzzUnity.Burst.CodeGen.BurstILPostProcessor
[ 989/1153  0s] Csc Library/Bee/artifacts/1300b0aE.dag/Unity.XR.ARCore.dll (+2 others)
[ 990/1153  0s] Csc Library/Bee/artifacts/1300b0aE.dag/Unity.XR.Simulation.dll (+2 others)
[ 991/1153  0s] Csc Library/Bee/artifacts/1300b0aE.dag/Unity.XR.ARKit.dll (+2 others)
[ 992/1153  0s] Csc Library/Bee/artifacts/1300b0aE.dag/Unity.XR.ARFoundation.dll (+2 others)
[ 993/1153  0s] Csc Library/Bee/artifacts/1300b0aE.dag/Unity.RenderPipelines.Universal.2D.Runtime.dll (+2 others)
[           0s] Csc Library/Bee/artifacts/1300b0aE.dag/Unity.XR.ARKit.dll (+2 others) [CacheWrite 00000000000000000000000000000005]
[           0s] Csc Library/Bee/artifacts/1300b0aE.dag/Unity.XR.ARCore.dll (+2 others) [CacheWrite 00000000000000000000000000000005]
[           0s] Csc Library/Bee/artifacts/1300b0aE.dag/Unity.XR.ARFoundation.dll (+2 others) [CacheWrite 00000000000000000000000000000005]
[           0s] Csc Library/Bee/artifacts/1300b0aE.dag/Unity.XR.Simulation.dll (+2 others) [CacheWrite 00000000000000000000000000000005]
[ 994/1153  0s] Csc Library/Bee/artifacts/1300b0aE.dag/Unity.RenderPipelines.Core.Editor.Shared.dll (+2 others)
[           0s] Csc Library/Bee/artifacts/1300b0aE.dag/Unity.RenderPipelines.Universal.2D.Runtime.dll (+2 others) [CacheWrite 00000000000000000000000000000005]
[           0s] Csc Library/Bee/artifacts/1300b0aE.dag/Unity.RenderPipelines.Core.Editor.Shared.dll (+2 others) [CacheWrite 00000000000000000000000000000005]
[ 995/1153  0s] Csc Library/Bee/artifacts/1300b0aE.dag/UnityEditor.XR.LegacyInputHelpers.dll (+2 others)
[ 996/1153  0s] MovedFromExtractor Library/Bee/artifacts/mvdfrm/Unity.XR.Simulation.ref.dll_77B2E4396CE206ED.mvfrm
[ 997/1153  0s] MovedFromExtractor Library/Bee/artifacts/mvdfrm/Unity.XR.ARKit.ref.dll_279BBDF9F4878285.mvfrm
[ 998/1153  0s] MovedFromExtractor Library/Bee/artifacts/mvdfrm/Unity.XR.ARFoundation.ref.dll_F78D743A311D47CA.mvfrm
[           0s] Csc Library/Bee/artifacts/1300b0aE.dag/UnityEditor.XR.LegacyInputHelpers.dll (+2 others) [CacheWrite 00000000000000000000000000000005]
[ 999/1153  0s] MovedFromExtractor Library/Bee/artifacts/mvdfrm/Unity.XR.ARCore.ref.dll_1749A2CF26B381E6.mvfrm
[1000/1153  0s] MovedFromExtractor Library/Bee/artifacts/mvdfrm/Unity.RenderPipelines.Core.Editor.Shared.ref.dll_B38CF3A4312C0B8E.mvfrm
[1001/1153  0s] MovedFromExtractor Library/Bee/artifacts/mvdfrm/Unity.RenderPipelines.Universal.2D.Runtime.ref.dll_08FC95EA5BB50F16.mvfrm
[1002/1153  0s] ILPostProcess Library/Bee/artifacts/1300b0aE.dag/post-processed/Unity.RenderPipelines.Core.Editor.dll (+pdb)
Processing assembly Library/Bee/artifacts/1300b0aE.dag/Unity.RenderPipelines.Core.Editor.dll, with 148 defines and 281 references

processors: Unity.Jobs.CodeGen.JobsILPostProcessor, zzzUnity.Burst.CodeGen.BurstILPostProcessor

running Unity.Jobs.CodeGen.JobsILPostProcessor

running zzzUnity.Burst.CodeGen.BurstILPostProcessor
[1003/1153  0s] MovedFromExtractor-Combine Library/Bee/artifacts/1300b0aE.dag/Unity.XR.ARCore.Editor.dll.mvfrm
[1004/1153  0s] MovedFromExtractor-Combine Library/Bee/artifacts/1300b0aE.dag/Unity.XR.ARFoundation.VisualScripting.dll.mvfrm
[1005/1153  0s] MovedFromExtractor-Combine Library/Bee/artifacts/1300b0aE.dag/Unity.XR.Interaction.Toolkit.dll.mvfrm
[1006/1153  0s] MovedFromExtractor-Combine Library/Bee/artifacts/1300b0aE.dag/Unity.XR.ARFoundation.Editor.dll.mvfrm
[1007/1153  0s] MovedFromExtractor-Combine Library/Bee/artifacts/1300b0aE.dag/Unity.XR.ARKit.Editor.dll.mvfrm
[1008/1153  0s] ILPostProcess Library/Bee/artifacts/1300b0aE.dag/post-processed/Unity.XR.Simulation.dll (+pdb)
Processing assembly Library/Bee/artifacts/1300b0aE.dag/Unity.XR.Simulation.dll, with 151 defines and 271 references

processors: Unity.Jobs.CodeGen.JobsILPostProcessor, zzzUnity.Burst.CodeGen.BurstILPostProcessor

running Unity.Jobs.CodeGen.JobsILPostProcessor

running zzzUnity.Burst.CodeGen.BurstILPostProcessor
[1009/1153  0s] MovedFromExtractor Library/Bee/artifacts/mvdfrm/UnityEditor.XR.LegacyInputHelpers.ref.dll_A2957EFDA2C64C37.mvfrm
[1010/1153  0s] Csc Library/Bee/artifacts/1300b0aE.dag/Unity.XR.ARFoundation.VisualScripting.dll (+2 others)
[1011/1153  4s] ILPostProcess Library/Bee/artifacts/1300b0aE.dag/post-processed/Unity.Collections.dll (+pdb)
Processing assembly Library/Bee/artifacts/1300b0aE.dag/Unity.Collections.dll, with 151 defines and 265 references

processors: Unity.Jobs.CodeGen.JobsILPostProcessor, zzzUnity.Burst.CodeGen.BurstILPostProcessor

running Unity.Jobs.CodeGen.JobsILPostProcessor

running zzzUnity.Burst.CodeGen.BurstILPostProcessor
[1012/1153  0s] Csc Library/Bee/artifacts/1300b0aE.dag/Unity.XR.ARCore.Editor.dll (+2 others)
[1013/1153  3s] ILPostProcess Library/Bee/artifacts/1300b0aE.dag/post-processed/Unity.RenderPipelines.GPUDriven.Runtime.dll (+pdb)
Processing assembly Library/Bee/artifacts/1300b0aE.dag/Unity.RenderPipelines.GPUDriven.Runtime.dll, with 149 defines and 267 references

processors: Unity.Jobs.CodeGen.JobsILPostProcessor, zzzUnity.Burst.CodeGen.BurstILPostProcessor

running Unity.Jobs.CodeGen.JobsILPostProcessor

running zzzUnity.Burst.CodeGen.BurstILPostProcessor
[1014/1153  0s] Csc Library/Bee/artifacts/1300b0aE.dag/Unity.XR.ARFoundation.Editor.dll (+2 others)
[1015/1153  0s] ILPostProcess Library/Bee/artifacts/1300b0aE.dag/post-processed/Unity.XR.ARFoundation.dll (+pdb)
Processing assembly Library/Bee/artifacts/1300b0aE.dag/Unity.XR.ARFoundation.dll, with 152 defines and 270 references

processors: Unity.Jobs.CodeGen.JobsILPostProcessor, zzzUnity.Burst.CodeGen.BurstILPostProcessor

running Unity.Jobs.CodeGen.JobsILPostProcessor

running zzzUnity.Burst.CodeGen.BurstILPostProcessor
[1016/1153  0s] ILPostProcess Library/Bee/artifacts/1300b0aE.dag/post-processed/Unity.XR.ARCore.dll (+pdb)
Processing assembly Library/Bee/artifacts/1300b0aE.dag/Unity.XR.ARCore.dll, with 152 defines and 269 references

processors: Unity.Jobs.CodeGen.JobsILPostProcessor, zzzUnity.Burst.CodeGen.BurstILPostProcessor

running Unity.Jobs.CodeGen.JobsILPostProcessor

running zzzUnity.Burst.CodeGen.BurstILPostProcessor
[1017/1153  0s] Csc Library/Bee/artifacts/1300b0aE.dag/Unity.XR.ARKit.Editor.dll (+2 others)
[1018/1153  0s] CopyFiles Library/ScriptAssemblies/Unity.XR.ARCore.dll
[1019/1153  5s] ILPostProcess Library/Bee/artifacts/1300b0aE.dag/post-processed/Unity.Burst.dll (+pdb)
Processing assembly Library/Bee/artifacts/1300b0aE.dag/Unity.Burst.dll, with 149 defines and 260 references

processors: Unity.Jobs.CodeGen.JobsILPostProcessor, zzzUnity.Burst.CodeGen.BurstILPostProcessor

running Unity.Jobs.CodeGen.JobsILPostProcessor

running zzzUnity.Burst.CodeGen.BurstILPostProcessor
[1020/1153  1s] ILPostProcess Library/Bee/artifacts/1300b0aE.dag/post-processed/Unity.RenderPipelines.Universal.2D.Runtime.dll (+pdb)
Processing assembly Library/Bee/artifacts/1300b0aE.dag/Unity.RenderPipelines.Universal.2D.Runtime.dll, with 152 defines and 268 references

processors: Unity.Jobs.CodeGen.JobsILPostProcessor, zzzUnity.Burst.CodeGen.BurstILPostProcessor

running Unity.Jobs.CodeGen.JobsILPostProcessor

running zzzUnity.Burst.CodeGen.BurstILPostProcessor
[           0s] Csc Library/Bee/artifacts/1300b0aE.dag/Unity.XR.ARFoundation.VisualScripting.dll (+2 others) [CacheWrite 00000000000000000000000000000005]
[           0s] Csc Library/Bee/artifacts/1300b0aE.dag/Unity.XR.ARCore.Editor.dll (+2 others) [CacheWrite 00000000000000000000000000000005]
[1021/1153  0s] CopyFiles Library/ScriptAssemblies/Unity.Burst.dll
[1022/1153  0s] CopyFiles Library/ScriptAssemblies/Unity.RenderPipelines.GPUDriven.Runtime.dll
[1023/1153  0s] CopyFiles Library/ScriptAssemblies/Unity.Collections.dll
[1024/1153  0s] CopyFiles Library/ScriptAssemblies/Unity.XR.Simulation.dll
[1025/1153  0s] CopyFiles Library/ScriptAssemblies/Unity.XR.ARFoundation.dll
[           0s] Csc Library/Bee/artifacts/1300b0aE.dag/Unity.XR.ARFoundation.Editor.dll (+2 others) [CacheWrite 00000000000000000000000000000005]
[           0s] Csc Library/Bee/artifacts/1300b0aE.dag/Unity.XR.ARKit.Editor.dll (+2 others) [CacheWrite 00000000000000000000000000000005]
[1026/1153  0s] CopyFiles Library/ScriptAssemblies/Unity.RenderPipelines.Universal.2D.Runtime.dll
[1027/1153  0s] ILPostProcess Library/Bee/artifacts/1300b0aE.dag/post-processed/Unity.XR.ARKit.dll (+pdb)
Processing assembly Library/Bee/artifacts/1300b0aE.dag/Unity.XR.ARKit.dll, with 151 defines and 268 references

processors: Unity.Jobs.CodeGen.JobsILPostProcessor, zzzUnity.Burst.CodeGen.BurstILPostProcessor

running Unity.Jobs.CodeGen.JobsILPostProcessor

running zzzUnity.Burst.CodeGen.BurstILPostProcessor
[1028/1153  0s] ILPostProcess Library/Bee/artifacts/1300b0aE.dag/post-processed/Unity.RenderPipelines.Core.Editor.Shared.dll (+pdb)
Processing assembly Library/Bee/artifacts/1300b0aE.dag/Unity.RenderPipelines.Core.Editor.Shared.dll, with 147 defines and 276 references

processors: Unity.Jobs.CodeGen.JobsILPostProcessor, zzzUnity.Burst.CodeGen.BurstILPostProcessor

running Unity.Jobs.CodeGen.JobsILPostProcessor

running zzzUnity.Burst.CodeGen.BurstILPostProcessor
[1029/1153  2s] Csc Library/Bee/artifacts/1300b0aE.dag/Unity.ShaderGraph.Editor.dll (+2 others)
[1030/1153  0s] CopyFiles Library/ScriptAssemblies/Unity.XR.ARKit.dll
[1031/1153  0s] CopyFiles Library/ScriptAssemblies/Unity.RenderPipelines.Universal.Runtime.dll
[1032/1153  0s] CopyFiles Library/ScriptAssemblies/Unity.RenderPipelines.Core.Editor.Shared.pdb
[1033/1153  0s] CopyFiles Library/ScriptAssemblies/Unity.RenderPipelines.Core.Editor.Shared.dll
[1034/1153  0s] CopyFiles Library/ScriptAssemblies/Unity.XR.ARKit.pdb
[1035/1153  0s] CopyFiles Library/ScriptAssemblies/Unity.RenderPipelines.Universal.2D.Runtime.pdb
[1036/1153  0s] CopyFiles Library/ScriptAssemblies/Unity.Burst.pdb
[1037/1153  0s] CopyFiles Library/ScriptAssemblies/Unity.XR.ARCore.pdb
[1038/1153  0s] CopyFiles Library/ScriptAssemblies/Unity.XR.ARFoundation.pdb
[1039/1153  0s] CopyFiles Library/ScriptAssemblies/Unity.RenderPipelines.GPUDriven.Runtime.pdb
[1040/1153  0s] CopyFiles Library/ScriptAssemblies/Unity.Collections.pdb
[1041/1153  0s] CopyFiles Library/ScriptAssemblies/Unity.XR.Simulation.pdb
[1042/1153  0s] CopyFiles Library/ScriptAssemblies/Unity.RenderPipelines.Core.Editor.dll
[1043/1153  0s] CopyFiles Library/ScriptAssemblies/Unity.RenderPipelines.Core.Editor.pdb
[1044/1153  0s] CopyFiles Library/ScriptAssemblies/Unity.RenderPipelines.Universal.Runtime.pdb
[1045/1153  0s] MovedFromExtractor Library/Bee/artifacts/mvdfrm/Unity.XR.ARFoundation.VisualScripting.ref.dll_935193DD68817C93.mvfrm
[1046/1153  0s] MovedFromExtractor Library/Bee/artifacts/mvdfrm/Unity.XR.ARCore.Editor.ref.dll_BE9AD4175728662B.mvfrm
[1047/1153  0s] MovedFromExtractor Library/Bee/artifacts/mvdfrm/Unity.XR.ARFoundation.Editor.ref.dll_C5E1AAA9C0490A87.mvfrm
[1048/1153  0s] ILPostProcess Library/Bee/artifacts/1300b0aE.dag/post-processed/Unity.XR.ARFoundation.VisualScripting.dll (+pdb)
Processing assembly Library/Bee/artifacts/1300b0aE.dag/Unity.XR.ARFoundation.VisualScripting.dll, with 149 defines and 266 references

processors: Unity.Jobs.CodeGen.JobsILPostProcessor, zzzUnity.Burst.CodeGen.BurstILPostProcessor

running Unity.Jobs.CodeGen.JobsILPostProcessor

running zzzUnity.Burst.CodeGen.BurstILPostProcessor
[1049/1153  0s] ILPostProcess Library/Bee/artifacts/1300b0aE.dag/post-processed/Unity.XR.ARCore.Editor.dll (+pdb)
Processing assembly Library/Bee/artifacts/1300b0aE.dag/Unity.XR.ARCore.Editor.dll, with 147 defines and 282 references

processors: Unity.Jobs.CodeGen.JobsILPostProcessor, zzzUnity.Burst.CodeGen.BurstILPostProcessor

running Unity.Jobs.CodeGen.JobsILPostProcessor

running zzzUnity.Burst.CodeGen.BurstILPostProcessor
[1050/1153  0s] CopyFiles Library/ScriptAssemblies/Unity.XR.ARCore.Editor.pdb
[1051/1153  0s] CopyFiles Library/ScriptAssemblies/Unity.XR.ARFoundation.VisualScripting.pdb
[1052/1153  0s] CopyFiles Library/ScriptAssemblies/Unity.XR.ARFoundation.VisualScripting.dll
[1053/1153  0s] CopyFiles Library/ScriptAssemblies/Unity.XR.ARCore.Editor.dll
[1054/1153  0s] MovedFromExtractor Library/Bee/artifacts/mvdfrm/Unity.XR.ARKit.Editor.ref.dll_20A3730E258B747C.mvfrm
[           0s] Csc Library/Bee/artifacts/1300b0aE.dag/Unity.ShaderGraph.Editor.dll (+2 others) [CacheWrite 00000000000000000000000000000005]
[1055/1153  0s] ILPostProcess Library/Bee/artifacts/1300b0aE.dag/post-processed/Unity.XR.ARKit.Editor.dll (+pdb)
Processing assembly Library/Bee/artifacts/1300b0aE.dag/Unity.XR.ARKit.Editor.dll, with 147 defines and 283 references

processors: Unity.Jobs.CodeGen.JobsILPostProcessor, zzzUnity.Burst.CodeGen.BurstILPostProcessor

running Unity.Jobs.CodeGen.JobsILPostProcessor

running zzzUnity.Burst.CodeGen.BurstILPostProcessor
[1056/1153  0s] ILPostProcess Library/Bee/artifacts/1300b0aE.dag/post-processed/UnityEditor.XR.LegacyInputHelpers.dll (+pdb)
Processing assembly Library/Bee/artifacts/1300b0aE.dag/UnityEditor.XR.LegacyInputHelpers.dll, with 151 defines and 279 references

processors: Unity.Jobs.CodeGen.JobsILPostProcessor, zzzUnity.Burst.CodeGen.BurstILPostProcessor

running Unity.Jobs.CodeGen.JobsILPostProcessor

running zzzUnity.Burst.CodeGen.BurstILPostProcessor
[1057/1153  0s] CopyFiles Library/ScriptAssemblies/Unity.XR.ARKit.Editor.pdb
[1058/1153  0s] CopyFiles Library/ScriptAssemblies/UnityEditor.XR.LegacyInputHelpers.pdb
[1059/1153  0s] ILPostProcess Library/Bee/artifacts/1300b0aE.dag/post-processed/Unity.XR.ARFoundation.Editor.dll (+pdb)
Processing assembly Library/Bee/artifacts/1300b0aE.dag/Unity.XR.ARFoundation.Editor.dll, with 148 defines and 285 references

processors: Unity.Jobs.CodeGen.JobsILPostProcessor, zzzUnity.Burst.CodeGen.BurstILPostProcessor

running Unity.Jobs.CodeGen.JobsILPostProcessor

running zzzUnity.Burst.CodeGen.BurstILPostProcessor
[1060/1153  0s] CopyFiles Library/ScriptAssemblies/Unity.XR.ARFoundation.Editor.pdb
[1061/1153  0s] MovedFromExtractor-Combine Library/Bee/artifacts/1300b0aE.dag/Unity.XR.ARFoundation.VisualScripting.Editor.dll.mvfrm
[1062/1153  0s] CopyFiles Library/ScriptAssemblies/UnityEditor.XR.LegacyInputHelpers.dll
[1063/1153  0s] ILPostProcess Library/Bee/artifacts/1300b0aE.dag/post-processed/Unity.ShaderGraph.Editor.dll (+pdb)
Processing assembly Library/Bee/artifacts/1300b0aE.dag/Unity.ShaderGraph.Editor.dll, with 147 defines and 279 references

processors: Unity.Jobs.CodeGen.JobsILPostProcessor, zzzUnity.Burst.CodeGen.BurstILPostProcessor

running Unity.Jobs.CodeGen.JobsILPostProcessor

running zzzUnity.Burst.CodeGen.BurstILPostProcessor
[1064/1153  0s] CopyFiles Library/ScriptAssemblies/Unity.XR.ARFoundation.Editor.dll
[1065/1153  0s] CopyFiles Library/ScriptAssemblies/Unity.ShaderGraph.Editor.pdb
[1066/1153  0s] CopyFiles Library/ScriptAssemblies/Unity.XR.ARKit.Editor.dll
[1067/1153  0s] MovedFromExtractor Library/Bee/artifacts/mvdfrm/Unity.ShaderGraph.Editor.ref.dll_CA6C4521A25CEDB6.mvfrm
[1068/1153  0s] MovedFromExtractor-Combine Library/Bee/artifacts/1300b0aE.dag/Unity.RenderPipelines.Universal.2D.Editor.Overrides.dll.mvfrm
[1069/1153  0s] Csc Library/Bee/artifacts/1300b0aE.dag/Unity.XR.ARFoundation.VisualScripting.Editor.dll (+2 others)
[1070/1153  0s] MovedFromExtractor-Combine Library/Bee/artifacts/1300b0aE.dag/Unity.RenderPipelines.Universal.Editor.dll.mvfrm
[           0s] Csc Library/Bee/artifacts/1300b0aE.dag/Unity.XR.ARFoundation.VisualScripting.Editor.dll (+2 others) [CacheWrite 00000000000000000000000000000005]
[1071/1153  1s] Csc Library/Bee/artifacts/1300b0aE.dag/Unity.XR.Interaction.Toolkit.dll (+2 others)
[1072/1153  0s] ILPostProcess Library/Bee/artifacts/1300b0aE.dag/post-processed/Unity.XR.ARFoundation.VisualScripting.Editor.dll (+pdb)
Processing assembly Library/Bee/artifacts/1300b0aE.dag/Unity.XR.ARFoundation.VisualScripting.Editor.dll, with 147 defines and 278 references

processors: Unity.Jobs.CodeGen.JobsILPostProcessor, zzzUnity.Burst.CodeGen.BurstILPostProcessor

running Unity.Jobs.CodeGen.JobsILPostProcessor

running zzzUnity.Burst.CodeGen.BurstILPostProcessor
[1073/1153  0s] CopyFiles Library/ScriptAssemblies/Unity.ShaderGraph.Editor.dll
[1074/1153  0s] CopyFiles Library/ScriptAssemblies/Unity.XR.ARFoundation.VisualScripting.Editor.dll
[1075/1153  0s] CopyFiles Library/ScriptAssemblies/Unity.XR.ARFoundation.VisualScripting.Editor.pdb
[           0s] Csc Library/Bee/artifacts/1300b0aE.dag/Unity.XR.Interaction.Toolkit.dll (+2 others) [CacheWrite 00000000000000000000000000000005]
[1076/1153  0s] MovedFromExtractor Library/Bee/artifacts/mvdfrm/Unity.XR.ARFoundation.VisualScripting.Editor.ref.dll_A51FB2AAEEC9154E.mvfrm
[1077/1153  0s] Csc Library/Bee/artifacts/1300b0aE.dag/Unity.RenderPipelines.Universal.2D.Editor.Overrides.dll (+2 others)
[           0s] Csc Library/Bee/artifacts/1300b0aE.dag/Unity.RenderPipelines.Universal.2D.Editor.Overrides.dll (+2 others) [CacheWrite 00000000000000000000000000000005]
[1078/1153  0s] MovedFromExtractor Library/Bee/artifacts/mvdfrm/Unity.XR.Interaction.Toolkit.ref.dll_3BC3806C28E64DC2.mvfrm
[1079/1153  0s] ILPostProcess Library/Bee/artifacts/1300b0aE.dag/post-processed/Unity.RenderPipelines.Universal.2D.Editor.Overrides.dll (+pdb)
Processing assembly Library/Bee/artifacts/1300b0aE.dag/Unity.RenderPipelines.Universal.2D.Editor.Overrides.dll, with 149 defines and 287 references

processors: Unity.Jobs.CodeGen.JobsILPostProcessor, zzzUnity.Burst.CodeGen.BurstILPostProcessor

running Unity.Jobs.CodeGen.JobsILPostProcessor

running zzzUnity.Burst.CodeGen.BurstILPostProcessor
[1080/1153  0s] CopyFiles Library/ScriptAssemblies/Unity.RenderPipelines.Universal.2D.Editor.Overrides.pdb
[1081/1153  0s] CopyFiles Library/ScriptAssemblies/Unity.RenderPipelines.Universal.2D.Editor.Overrides.dll
[1082/1153  0s] MovedFromExtractor Library/Bee/artifacts/mvdfrm/Unity.RenderPipelines.Universal.2D.Editor.Overrides.ref.dll_4DA9BB2C7000A97E.mvfrm
[1083/1153  0s] MovedFromExtractor-Combine Library/Bee/artifacts/1300b0aE.dag/Unity.XR.Interaction.Toolkit.Editor.dll.mvfrm
[1084/1153  0s] MovedFromExtractor-Combine Library/Bee/artifacts/1300b0aE.dag/Unity.XR.Interaction.Toolkit.Samples.StarterAssets.dll.mvfrm
[1085/1153  0s] MovedFromExtractor-Combine Library/Bee/artifacts/1300b0aE.dag/Unity.XR.Interaction.Toolkit.CodeSamples.Tests.dll.mvfrm
[1086/1153  0s] Csc Library/Bee/artifacts/1300b0aE.dag/Unity.RenderPipelines.Universal.Editor.dll (+2 others)
[1087/1153  0s] Csc Library/Bee/artifacts/1300b0aE.dag/Unity.XR.Interaction.Toolkit.Samples.StarterAssets.dll (+2 others)
[1088/1153  0s] Csc Library/Bee/artifacts/1300b0aE.dag/Unity.XR.Interaction.Toolkit.CodeSamples.Tests.dll (+2 others)
[           0s] Csc Library/Bee/artifacts/1300b0aE.dag/Unity.RenderPipelines.Universal.Editor.dll (+2 others) [CacheWrite 00000000000000000000000000000005]
[           0s] Csc Library/Bee/artifacts/1300b0aE.dag/Unity.XR.Interaction.Toolkit.CodeSamples.Tests.dll (+2 others) [CacheWrite 00000000000000000000000000000005]
[1089/1153  0s] MovedFromExtractor Library/Bee/artifacts/mvdfrm/Unity.XR.Interaction.Toolkit.Samples.StarterAssets.ref.dll_DD000E33220D64F1.mvfrm
[1090/1153  0s] MovedFromExtractor Library/Bee/artifacts/mvdfrm/Unity.RenderPipelines.Universal.Editor.ref.dll_ECAA9E877BE61FD7.mvfrm
[1091/1153  0s] ILPostProcess Library/Bee/artifacts/1300b0aE.dag/post-processed/Unity.XR.Interaction.Toolkit.dll (+pdb)
Processing assembly Library/Bee/artifacts/1300b0aE.dag/Unity.XR.Interaction.Toolkit.dll, with 164 defines and 275 references

processors: Unity.Jobs.CodeGen.JobsILPostProcessor, zzzUnity.Burst.CodeGen.BurstILPostProcessor

running Unity.Jobs.CodeGen.JobsILPostProcessor

running zzzUnity.Burst.CodeGen.BurstILPostProcessor
[1092/1153  0s] CopyFiles Library/ScriptAssemblies/Unity.XR.Interaction.Toolkit.pdb
[1093/1153  0s] ILPostProcess Library/Bee/artifacts/1300b0aE.dag/post-processed/Unity.XR.Interaction.Toolkit.CodeSamples.Tests.dll (+pdb)
Processing assembly Library/Bee/artifacts/1300b0aE.dag/Unity.XR.Interaction.Toolkit.CodeSamples.Tests.dll, with 147 defines and 272 references

processors: Unity.Jobs.CodeGen.JobsILPostProcessor, zzzUnity.Burst.CodeGen.BurstILPostProcessor

running Unity.Jobs.CodeGen.JobsILPostProcessor

running zzzUnity.Burst.CodeGen.BurstILPostProcessor
[1094/1153  0s] ILPostProcess Library/Bee/artifacts/1300b0aE.dag/post-processed/Unity.XR.Interaction.Toolkit.Samples.StarterAssets.dll (+pdb)
Processing assembly Library/Bee/artifacts/1300b0aE.dag/Unity.XR.Interaction.Toolkit.Samples.StarterAssets.dll, with 149 defines and 268 references

processors: Unity.Jobs.CodeGen.JobsILPostProcessor, zzzUnity.Burst.CodeGen.BurstILPostProcessor

running Unity.Jobs.CodeGen.JobsILPostProcessor

running zzzUnity.Burst.CodeGen.BurstILPostProcessor
[1095/1153  0s] CopyFiles Library/ScriptAssemblies/Unity.XR.Interaction.Toolkit.CodeSamples.Tests.pdb
[1096/1153  0s] CopyFiles Library/ScriptAssemblies/Unity.XR.Interaction.Toolkit.Samples.StarterAssets.pdb
[1097/1153  0s] Csc Library/Bee/artifacts/1300b0aE.dag/Unity.XR.Interaction.Toolkit.Editor.dll (+2 others)
[1098/1153  0s] CopyFiles Library/ScriptAssemblies/Unity.XR.Interaction.Toolkit.CodeSamples.Tests.dll
[           0s] Csc Library/Bee/artifacts/1300b0aE.dag/Unity.XR.Interaction.Toolkit.Editor.dll (+2 others) [CacheWrite 00000000000000000000000000000005]
[1099/1153  0s] MovedFromExtractor-Combine Library/Bee/artifacts/1300b0aE.dag/Unity.XR.Interaction.Toolkit.Samples.ARStarterAssets.dll.mvfrm
[1100/1153  0s] MovedFromExtractor-Combine Library/Bee/artifacts/1300b0aE.dag/PPv2URPConverters.dll.mvfrm
[1101/1153  0s] ILPostProcess Library/Bee/artifacts/1300b0aE.dag/post-processed/Unity.RenderPipelines.Universal.Editor.dll (+pdb)
Processing assembly Library/Bee/artifacts/1300b0aE.dag/Unity.RenderPipelines.Universal.Editor.dll, with 150 defines and 287 references

processors: Unity.Jobs.CodeGen.JobsILPostProcessor, zzzUnity.Burst.CodeGen.BurstILPostProcessor

running Unity.Jobs.CodeGen.JobsILPostProcessor

running zzzUnity.Burst.CodeGen.BurstILPostProcessor
[1102/1153  0s] CopyFiles Library/ScriptAssemblies/Unity.RenderPipelines.Universal.Editor.pdb
[1103/1153  0s] CopyFiles Library/ScriptAssemblies/Unity.XR.Interaction.Toolkit.Samples.StarterAssets.dll
[1104/1153  0s] MovedFromExtractor-Combine Library/Bee/artifacts/1300b0aE.dag/Unity.XR.Simulation.Editor.dll.mvfrm
[1105/1153  0s] CopyFiles Library/ScriptAssemblies/Unity.XR.Interaction.Toolkit.dll
[1106/1153  0s] MovedFromExtractor Library/Bee/artifacts/mvdfrm/Unity.XR.Interaction.Toolkit.Editor.ref.dll_EA0A41A881A38C0F.mvfrm
[1107/1153  0s] Csc Library/Bee/artifacts/1300b0aE.dag/Unity.XR.Interaction.Toolkit.Samples.ARStarterAssets.dll (+2 others)
[1108/1153  0s] Csc Library/Bee/artifacts/1300b0aE.dag/PPv2URPConverters.dll (+2 others)
[1109/1153  0s] ILPostProcess Library/Bee/artifacts/1300b0aE.dag/post-processed/Unity.XR.Interaction.Toolkit.Editor.dll (+pdb)
Processing assembly Library/Bee/artifacts/1300b0aE.dag/Unity.XR.Interaction.Toolkit.Editor.dll, with 152 defines and 281 references

processors: Unity.Jobs.CodeGen.JobsILPostProcessor, zzzUnity.Burst.CodeGen.BurstILPostProcessor

running Unity.Jobs.CodeGen.JobsILPostProcessor

running zzzUnity.Burst.CodeGen.BurstILPostProcessor
[1110/1153  0s] CopyFiles Library/ScriptAssemblies/Unity.RenderPipelines.Universal.Editor.dll
[1111/1153  0s] CopyFiles Library/ScriptAssemblies/Unity.XR.Interaction.Toolkit.Editor.pdb
[1112/1153  0s] MovedFromExtractor-Combine Library/Bee/artifacts/1300b0aE.dag/Unity.XR.Interaction.Toolkit.Samples.StarterAssets.Editor.dll.mvfrm
[1113/1153  0s] MovedFromExtractor-Combine Library/Bee/artifacts/1300b0aE.dag/Unity.XR.Interaction.Toolkit.Samples.ARStarterAssets.Editor.dll.mvfrm
[1114/1153  0s] MovedFromExtractor-Combine Library/Bee/artifacts/1300b0aE.dag/Unity.XR.Interaction.Toolkit.Analytics.Hooks.Editor.dll.mvfrm
[           0s] Csc Library/Bee/artifacts/1300b0aE.dag/PPv2URPConverters.dll (+2 others) [CacheWrite 00000000000000000000000000000005]
[1115/1153  0s] ILPostProcess Library/Bee/artifacts/1300b0aE.dag/post-processed/Unity.XR.Interaction.Toolkit.Samples.ARStarterAssets.dll (+pdb)
Processing assembly Library/Bee/artifacts/1300b0aE.dag/Unity.XR.Interaction.Toolkit.Samples.ARStarterAssets.dll, with 150 defines and 270 references

processors: Unity.Jobs.CodeGen.JobsILPostProcessor, zzzUnity.Burst.CodeGen.BurstILPostProcessor

running Unity.Jobs.CodeGen.JobsILPostProcessor

running zzzUnity.Burst.CodeGen.BurstILPostProcessor
[1116/1153  0s] CopyFiles Library/ScriptAssemblies/Unity.XR.Interaction.Toolkit.Samples.ARStarterAssets.pdb
[1117/1153  0s] Csc Library/Bee/artifacts/1300b0aE.dag/Unity.XR.Simulation.Editor.dll (+2 others)
[1118/1153  0s] CopyFiles Library/ScriptAssemblies/Unity.XR.Interaction.Toolkit.Samples.ARStarterAssets.dll
[1119/1153  0s] MovedFromExtractor Library/Bee/artifacts/mvdfrm/Unity.XR.Interaction.Toolkit.Samples.ARStarterAssets.ref.dll_9CD312D7F1EEE400.mvfrm
[           0s] Csc Library/Bee/artifacts/1300b0aE.dag/Unity.XR.Simulation.Editor.dll (+2 others) [CacheWrite 00000000000000000000000000000005]
[1120/1153  0s] ILPostProcess Library/Bee/artifacts/1300b0aE.dag/post-processed/PPv2URPConverters.dll (+pdb)
Processing assembly Library/Bee/artifacts/1300b0aE.dag/PPv2URPConverters.dll, with 147 defines and 279 references

processors: Unity.Jobs.CodeGen.JobsILPostProcessor, zzzUnity.Burst.CodeGen.BurstILPostProcessor

running Unity.Jobs.CodeGen.JobsILPostProcessor

running zzzUnity.Burst.CodeGen.BurstILPostProcessor
[1121/1153  0s] CopyFiles Library/ScriptAssemblies/PPv2URPConverters.dll
[1122/1153  0s] CopyFiles Library/ScriptAssemblies/PPv2URPConverters.pdb
[1123/1153  0s] CopyFiles Library/ScriptAssemblies/Unity.XR.Interaction.Toolkit.Editor.dll
[1124/1153  0s] Csc Library/Bee/artifacts/1300b0aE.dag/Unity.XR.Interaction.Toolkit.Samples.ARStarterAssets.Editor.dll (+2 others)
[1125/1153  0s] Csc Library/Bee/artifacts/1300b0aE.dag/Unity.XR.Interaction.Toolkit.Samples.StarterAssets.Editor.dll (+2 others)
[1126/1153  0s] MovedFromExtractor Library/Bee/artifacts/mvdfrm/Unity.XR.Simulation.Editor.ref.dll_BCFCDE3F5A062E94.mvfrm
[1127/1153  0s] Csc Library/Bee/artifacts/1300b0aE.dag/Unity.XR.Interaction.Toolkit.Analytics.Hooks.Editor.dll (+2 others)
[1128/1153  0s] ILPostProcess Library/Bee/artifacts/1300b0aE.dag/post-processed/Unity.XR.Simulation.Editor.dll (+pdb)
Processing assembly Library/Bee/artifacts/1300b0aE.dag/Unity.XR.Simulation.Editor.dll, with 148 defines and 284 references

processors: Unity.Jobs.CodeGen.JobsILPostProcessor, zzzUnity.Burst.CodeGen.BurstILPostProcessor

running Unity.Jobs.CodeGen.JobsILPostProcessor

running zzzUnity.Burst.CodeGen.BurstILPostProcessor
[           0s] Csc Library/Bee/artifacts/1300b0aE.dag/Unity.XR.Interaction.Toolkit.Analytics.Hooks.Editor.dll (+2 others) [CacheWrite 00000000000000000000000000000005]
[1129/1153  0s] CopyFiles Library/ScriptAssemblies/Unity.XR.Simulation.Editor.pdb
[1130/1153  0s] ILPostProcess Library/Bee/artifacts/1300b0aE.dag/post-processed/Unity.XR.Interaction.Toolkit.Samples.ARStarterAssets.Editor.dll (+pdb)
Processing assembly Library/Bee/artifacts/1300b0aE.dag/Unity.XR.Interaction.Toolkit.Samples.ARStarterAssets.Editor.dll, with 147 defines and 280 references

processors: Unity.Jobs.CodeGen.JobsILPostProcessor, zzzUnity.Burst.CodeGen.BurstILPostProcessor

running Unity.Jobs.CodeGen.JobsILPostProcessor

running zzzUnity.Burst.CodeGen.BurstILPostProcessor
[1131/1153  0s] ILPostProcess Library/Bee/artifacts/1300b0aE.dag/post-processed/Unity.XR.Interaction.Toolkit.Samples.StarterAssets.Editor.dll (+pdb)
Processing assembly Library/Bee/artifacts/1300b0aE.dag/Unity.XR.Interaction.Toolkit.Samples.StarterAssets.Editor.dll, with 147 defines and 281 references

processors: Unity.Jobs.CodeGen.JobsILPostProcessor, zzzUnity.Burst.CodeGen.BurstILPostProcessor

running Unity.Jobs.CodeGen.JobsILPostProcessor

running zzzUnity.Burst.CodeGen.BurstILPostProcessor
[1132/1153  0s] CopyFiles Library/ScriptAssemblies/Unity.XR.Interaction.Toolkit.Samples.ARStarterAssets.Editor.pdb
[1133/1153  0s] CopyFiles Library/ScriptAssemblies/Unity.XR.Interaction.Toolkit.Samples.StarterAssets.Editor.pdb
[1134/1153  0s] MovedFromExtractor Library/Bee/artifacts/mvdfrm/Unity.XR.Interaction.Toolkit.Samples.StarterAssets.Editor.ref.dll_746FD716FFC21CD0.mvfrm
[1135/1153  0s] CopyFiles Library/ScriptAssemblies/Unity.XR.Interaction.Toolkit.Samples.ARStarterAssets.Editor.dll
[1136/1153  0s] MovedFromExtractor Library/Bee/artifacts/mvdfrm/Unity.XR.Interaction.Toolkit.Samples.ARStarterAssets.Editor.ref.dll_93321D1CEB8963B1.mvfrm
[1137/1153  0s] CopyFiles Library/ScriptAssemblies/Unity.XR.Interaction.Toolkit.Samples.StarterAssets.Editor.dll
[1138/1153  0s] ILPostProcess Library/Bee/artifacts/1300b0aE.dag/post-processed/Unity.XR.Interaction.Toolkit.Analytics.Hooks.Editor.dll (+pdb)
Processing assembly Library/Bee/artifacts/1300b0aE.dag/Unity.XR.Interaction.Toolkit.Analytics.Hooks.Editor.dll, with 149 defines and 282 references

processors: Unity.Jobs.CodeGen.JobsILPostProcessor, zzzUnity.Burst.CodeGen.BurstILPostProcessor

running Unity.Jobs.CodeGen.JobsILPostProcessor

running zzzUnity.Burst.CodeGen.BurstILPostProcessor
[1139/1153  0s] CopyFiles Library/ScriptAssemblies/Unity.XR.Interaction.Toolkit.Analytics.Hooks.Editor.pdb
[1140/1153  0s] CopyFiles Library/ScriptAssemblies/Unity.XR.Simulation.Editor.dll
[1141/1153  0s] MovedFromExtractor Library/Bee/artifacts/mvdfrm/Unity.XR.Interaction.Toolkit.Analytics.Hooks.Editor.ref.dll_EE9809BC52775525.mvfrm
[1142/1153  0s] CopyFiles Library/ScriptAssemblies/Unity.XR.Interaction.Toolkit.Analytics.Hooks.Editor.dll
[1143/1153  0s] MovedFromExtractor-Combine Library/Bee/artifacts/1300b0aE.dag/Assembly-CSharp-Editor.dll.mvfrm
[1144/1153  0s] MovedFromExtractor-Combine Library/Bee/artifacts/1300b0aE.dag/Assembly-CSharp.dll.mvfrm
[1145/1153  0s] Csc Library/Bee/artifacts/1300b0aE.dag/Assembly-CSharp.dll (+2 others)
[             ] Modification date of `Assets\SimpleARPlacement\Scripts\ARPlacementManager.cs` changed while running `Csc Library/Bee/artifacts/1300b0aE.dag/Assembly-CSharp.dll (+2 others)`. Old timestamp: 134354833313269697, new timestamp: 134354836441064777
[1146/1153  0s] ILPostProcess Library/Bee/artifacts/1300b0aE.dag/post-processed/Assembly-CSharp.dll (+pdb)
Processing assembly Library/Bee/artifacts/1300b0aE.dag/Assembly-CSharp.dll, with 149 defines and 339 references

processors: Unity.Jobs.CodeGen.JobsILPostProcessor, zzzUnity.Burst.CodeGen.BurstILPostProcessor

running Unity.Jobs.CodeGen.JobsILPostProcessor

running zzzUnity.Burst.CodeGen.BurstILPostProcessor
[1147/1153  0s] CopyFiles Library/ScriptAssemblies/Assembly-CSharp.pdb
[1148/1153  0s] CopyFiles Library/ScriptAssemblies/Assembly-CSharp.dll
[1149/1153  0s] Csc Library/Bee/artifacts/1300b0aE.dag/Assembly-CSharp-Editor.dll (+2 others)
[1150/1153  0s] ILPostProcess Library/Bee/artifacts/1300b0aE.dag/post-processed/Assembly-CSharp-Editor.dll (+pdb)
Processing assembly Library/Bee/artifacts/1300b0aE.dag/Assembly-CSharp-Editor.dll, with 147 defines and 355 references

processors: Unity.Jobs.CodeGen.JobsILPostProcessor, zzzUnity.Burst.CodeGen.BurstILPostProcessor

running Unity.Jobs.CodeGen.JobsILPostProcessor

running zzzUnity.Burst.CodeGen.BurstILPostProcessor
[1151/1153  0s] CopyFiles Library/ScriptAssemblies/Assembly-CSharp-Editor.pdb
[1152/1153  0s] CopyFiles Library/ScriptAssemblies/Assembly-CSharp-Editor.dll
*** Tundra build success (18.76 seconds), 1004 items updated, 1153 evaluated
AssetDatabase: script compilation time: 20.036528s
[ScriptCompilation] Requested script compilation because: Assetdatabase observed changes in script compilation related files
AssetDatabase: script compilation time: 0.000053s
Total cache size 95046620
Total cache size after purge 95046620, took 00:00:00.1094794
Starting: D:\Unity\6000.3.24f1\Editor\Data\Tools\BuildPipeline\bee_backend.exe --ipc --defer-dag-verification --dagfile="Library/Bee/1300b0aE.dag" --continue-on-failure --profile="Library/Bee/backend1.traceevents" ScriptAssemblies
WorkingDir: D:/Unity/RVA 1
ExitCode: 0 Duration: 0s273ms
[ 889/1153  0s] ILPP-Configuration Library/ilpp-configuration.nevergeneratedoutput
[1145/1153  0s] Csc Library/Bee/artifacts/1300b0aE.dag/Assembly-CSharp.dll (+2 others)
*** Tundra build success (0.25 seconds), 2 items updated, 1153 evaluated
Begin MonoManager ReloadAssembly
- Loaded All Assemblies, in  7.007 seconds
Refreshing native plugins compatible for Editor in 1.65 ms, found 1 plugins.
Native extension for Android target not found
Native extension for WindowsStandalone target not found
ScheduleIndexationOnStartup MainProcess:True IndexOnStartup:True
Mono: successfully reloaded assembly
- Finished resetting the current domain, in  2.908 seconds
Domain Reload Profiling: 9915ms
	BeginReloadAssembly (304ms)
		ExecutionOrderSort (0ms)
		DisableScriptedObjects (22ms)
		BackupInstance (0ms)
		ReleaseScriptingObjects (0ms)
		CreateAndSetChildDomain (148ms)
	RebuildCommonClasses (37ms)
	RebuildNativeTypeToScriptingClass (12ms)
	initialDomainReloadingComplete (23ms)
	LoadAllAssembliesAndSetupDomain (6629ms)
		LoadAssemblies (6499ms)
		RebuildTransferFunctionScriptingTraits (0ms)
		AnalyzeDomain (223ms)
			TypeCache.Refresh (155ms)
				TypeCache.ScanAssembly (143ms)
			BuildScriptInfoCaches (51ms)
			ResolveRequiredComponents (14ms)
	FinalizeReload (2909ms)
		ReleaseScriptCaches (0ms)
		RebuildScriptCaches (0ms)
		SetupLoadedEditorAssemblies (2605ms)
			LogAssemblyErrors (0ms)
			InitializePlatformSupportModulesInManaged (36ms)
			SetLoadedEditorAssemblies (3ms)
			BeforeProcessingInitializeOnLoad (161ms)
			ProcessInitializeOnLoadAttributes (2127ms)
			ProcessInitializeOnLoadMethodAttributes (274ms)
			AfterProcessingInitializeOnLoad (3ms)
			EditorAssembliesLoaded (1ms)
		ExecutionOrderSort2 (0ms)
		AwakeInstancesAfterBackupRestoration (30ms)
Start importing Packages/com.unity.inputsystem/InputSystem/Editor/Icons/ChevronUp@3x.png using Guid(006305b616daf47409935f3dc8a172e2) (TextureImporter) -> (artifact id: '59045e66870479452431f8f581f493ba') in 0.0417024 seconds
Start importing Packages/com.unity.render-pipelines.core/Editor/PostProcessing/LensFlareResource/PolygonFlareThumbnail@2x.png using Guid(0047263fa58f91d49a61936e94358829) (TextureImporter) -> (artifact id: '3bf9f9e108af605126dd81ed8542616e') in 0.0287371 seconds
Start importing Packages/com.unity.render-pipelines.core/Editor/Icons/MipLevels/RenderGraphViewer/d_Resources@32.png using Guid(00a734322b2ba1249b58c24b688b3108) (TextureImporter) -> (artifact id: '2706c326e1eebc37483bc6364e8f3f2c') in 0.016068 seconds
Start importing Packages/com.unity.inputsystem/InputSystem/Editor/Icons/d_ChevronDown@2x.png using Guid(0068f400a72d84c92a1b8f5889a574b2) (TextureImporter) -> (artifact id: '06b2bc73073fe91037d95ff965eb78dd') in 0.0138874 seconds
Start importing Packages/com.unity.render-pipelines.universal/Textures/BlueNoise16/L/LDR_LLL1_23.png using Guid(10b6c6d22e73dea46a8ab36b6eebd629) (TextureImporter) -> (artifact id: 'e2badc7a88d45807685a9f22830ab1c0') in 0.008034 seconds
Start importing Packages/com.unity.render-pipelines.universal/Textures/FilmGrain/Medium01.png using Guid(1097e90e1306e26439701489f391a6c0) (TextureImporter) -> (artifact id: '1e83ed8383c1e2c4618af8fed84dceea') in 0.0138035 seconds
Start importing Packages/com.unity.render-pipelines.universal/Editor/2D/Resources/LightCapBottomRight.png using Guid(108e201829ab4214383a5467adbc0086) (TextureImporter) -> (artifact id: 'fa020279bbcc27bf6922f23590d21a55') in 0.0070314 seconds
Start importing Packages/com.unity.inputsystem/InputSystem/Editor/Icons/Interactive Binding@2x.png using Guid(2027b97fd12d842d7a3169c784502a54) (TextureImporter) -> (artifact id: '8cde6a6c79d857e153b2d3ce72c342ca') in 0.0141463 seconds
Start importing Packages/com.unity.render-pipelines.core/Editor/LookDev/Icons/CenterLight.png using Guid(3092b2985cafe0b43b1f02ce1d6829d5) (TextureImporter) -> (artifact id: '03f30810d2f6a7fd997390a37a08059a') in 0.0203015 seconds
Start importing Packages/com.unity.inputsystem/InputSystem/Editor/Icons/InputSystemUIInputModule@64.png using Guid(3028dc075ba8c584d9bc7d1e0255e038) (TextureImporter) -> (artifact id: '40231ba4716a94a7fd7e36f8ce4ca5f7') in 0.0134812 seconds
Start importing Packages/com.unity.render-pipelines.universal/Editor/2D/Resources/SceneViewIcons/ParametricLight.png using Guid(302e68dd45b9b2d4194ff0f7f454436f) (TextureImporter) -> (artifact id: 'de9775fff192d73bef046c70a27d5218') in 0.0430239 seconds
Start importing Packages/com.unity.render-pipelines.core/Editor/Lighting/Icons/d_LightPlacement_Icon On@64.png using Guid(304e9d79c27b32144a95e43dc6da80a2) (TextureImporter) -> (artifact id: '64a2261eb44663212d0d827dad5a5d56') in 0.0175299 seconds
Start importing Packages/com.unity.inputsystem/InputSystem/Editor/Icons/InputAction.png using Guid(40265a896a0f341bb956e90c59025a29) (TextureImporter) -> (artifact id: '4720024766998c13cda6de144a4c4694') in 0.015011 seconds
Start importing Packages/com.unity.render-pipelines.core/Editor/LookDev/Icons/d_Layout2@2x.png using Guid(50f7a3e9878119a4da02f38cf05d75ba) (TextureImporter) -> (artifact id: 'a3e2e07aa734452a47c426e7d57d5da4') in 0.0156419 seconds
Start importing Packages/com.unity.shadergraph/Editor/Resources/GraphView/Nodes/NodeChevronRight@2x.png using Guid(50cbcd05e61c4e54ea797ec88e91f1b0) (TextureImporter) -> (artifact id: '9af370360614f3ef21225dddf0f29634') in 0.0095739 seconds
Start importing Packages/com.unity.render-pipelines.core/Editor/Lighting/Icons/LightUnitIcons/BlueSky.png using Guid(60d4d0573fefbf24198d33863004e7f9) (TextureImporter) -> (artifact id: '41ab77accdf5ff152d45b095d64a8614') in 0.0141113 seconds
Start importing Packages/com.unity.render-pipelines.core/Editor/Icons/RenderGraphViewer/d_MultipleUsage.png using Guid(60e80b0fa23ea904b92263803d64319c) (TextureImporter) -> (artifact id: 'd9d00270355b2cca9664d3b3da35d7a2') in 0.0159681 seconds
Start importing Packages/com.unity.render-pipelines.core/Editor/LookDev/Icons/d_Camera1@2x.png using Guid(603d01d730be24147adda7897e463598) (TextureImporter) -> (artifact id: 'e1bcc7488f5bcb566f7deb9b39bef585') in 0.0146432 seconds
Start importing Packages/com.unity.learn.iet-framework/Editor/UI/Images/Icons/AssetTypes/d_MaskingPreset.png using Guid(60bfa1a5ba9a04201a77014aa72af74a) (TextureImporter) -> (artifact id: '6403771acb7781b48e27f5c966737578') in 0.0313174 seconds
Start importing Packages/com.unity.render-pipelines.universal/Editor/2D/Resources/SceneViewIcons/SpriteLight.png using Guid(70d16a5f04690d74ab9b1ddcbefd47bb) (TextureImporter) -> (artifact id: '01972ba4074aa766bac06eda5d2382ed') in 0.0445905 seconds
Start importing Packages/com.unity.shadergraph/GraphTemplates/Cross Pipeline/UnlitParticleTemplateThumbnail.png using Guid(70e6da54cdf71264da5954a5fe327e3a) (TextureImporter) -> (artifact id: '1717d44abde2619a0911ffa27c93af79') in 0.6712034 seconds
Start importing Packages/com.unity.learn.iet-framework/Editor/UI/Images/Tutorials/Headers/HeaderWWW.png using Guid(7047302abcab8496488f93b3f766350d) (TextureImporter) -> (artifact id: '888e5a91b078233c8b5f96285bbe9d42') in 0.0203615 seconds
Start importing Packages/com.unity.render-pipelines.core/Editor/Icons/RenderGraphViewer/Resources@2x.png using Guid(701c4a9737150564681d632d05a7a83e) (TextureImporter) -> (artifact id: '05c3cbf7a928104550caac67db286c1a') in 0.2526909 seconds
Start importing Packages/com.unity.render-pipelines.universal/Editor/ShaderGraph/GraphTemplates/UITKBasicTemplate.png using Guid(8052b80993fff1242975e48e123bb767) (TextureImporter) -> (artifact id: 'fff6b498f754f98826370be2656ca600') in 0.7139463 seconds
Start importing Packages/com.unity.render-pipelines.core/Editor/LookDev/Icons/CenterLight@2x.png using Guid(8063050a249eef441beb8cbbd04c086c) (TextureImporter) -> (artifact id: '6dc621b98df8fbf935e574ea81dbb96d') in 0.0221488 seconds
Start importing Packages/com.unity.render-pipelines.core/Editor/Lighting/Icons/LightUnitIcons/d_Overcast.png using Guid(80a48b3afafdc644fb4e3319f6f19fc8) (TextureImporter) -> (artifact id: '6a4d2e6844514fac91e17a6ab3201359') in 0.0188598 seconds
Start importing Packages/com.unity.render-pipelines.core/Editor/PostProcessing/LensFlareResource/CircleFlareThumbnail.png using Guid(80b74a073fa3027458f3b3ff5346f10b) (TextureImporter) -> (artifact id: 'a049078a9e7461ce6aa624d268d80735') in 0.0233049 seconds
Start importing Packages/com.unity.render-pipelines.core/Editor/LookDev/Icons/d_LeftArrow@2x.png using Guid(90335e5423c010749a50f906b965fa54) (TextureImporter) -> (artifact id: '786d9883307aceac8992c59762c9fccd') in 0.0146596 seconds
Start importing Packages/com.unity.xr.arcore/Tests/Editor/Assets/one.png using Guid(90a79eef6393246e88d11f6201a42bf8) (TextureImporter) -> (artifact id: '6f793924abc1ca350c4d0e51cc7df6bf') in 0.1532346 seconds
Start importing Packages/com.unity.inputsystem/InputSystem/Editor/Icons/Mouse@4x.png using Guid(a0b78c5ab9d654a9daba91ff774b4931) (TextureImporter) -> (artifact id: 'e5ee558065a1149e390e2d55ff63ca41') in 0.0132149 seconds
Start importing Packages/com.unity.learn.iet-framework/Editor/UI/Images/Tutorials/Icons/EditColors.png using Guid(a048dbbd2a1d14858a3d6a35a462a637) (TextureImporter) -> (artifact id: 'c5da1e08039762809c786ad436b7ca8e') in 0.013451 seconds
Start importing Packages/com.unity.render-pipelines.core/Editor/Lighting/Icons/LightUnitIcons/ClearSky@2x.png using Guid(a01d783415aa03a449e3408eb92d8505) (TextureImporter) -> (artifact id: 'a6e015c1aba09f00eceb538dffe394a8') in 0.0164095 seconds
Start importing Packages/com.unity.inputsystem/InputSystem/Editor/Icons/InputActionAsset.png using Guid(b025a2a0f9e554d1e88a93b5649dfc3f) (TextureImporter) -> (artifact id: '8b0a96136e7550e47a252fe2a0d694e9') in 0.0164586 seconds
Start importing Packages/com.unity.learn.iet-framework/Editor/UI/Images/Icons/ErrorDark@2x.png using Guid(b0e6ebb29ca08074bb38029434e4003d) (TextureImporter) -> (artifact id: '0b1a676f463ff4420571bbddc2f106e4') in 0.0145776 seconds
Start importing Packages/com.unity.inputsystem/InputSystem/Editor/AssetEditor/PackageResources/pro/propertiesBackground.png using Guid(b02e3f0c0798a4f1789a89a7697660be) (TextureImporter) -> (artifact id: '1239b6366cca35760d854df63e0649fd') in 0.0149325 seconds
Start importing Packages/com.unity.render-pipelines.core/Editor/Lighting/Icons/LightUnitIcons/Overcast.png using Guid(c0e6cc200fb1dda4388b13d9f5828d06) (TextureImporter) -> (artifact id: '89a54cdec965cc7b55bcb8ab50bfc78d') in 0.0098263 seconds
Start importing Packages/com.unity.inputsystem/InputSystem/Editor/AssetEditor/PackageResources/pro/foldoutBackground.png using Guid(c0996bc290ff74bf4834f4a8b7dc8c3e) (TextureImporter) -> (artifact id: '31c715500063b65719430353dee33a7a') in 0.0122531 seconds
Start importing Packages/com.unity.render-pipelines.universal/Textures/BlueNoise256/LDR_LLL1_2.png using Guid(c06cc21c692f94f5fb5206247191eeee) (TextureImporter) -> (artifact id: '4b916873ef585bec5ec83a7c4b284a40') in 0.008427 seconds
Start importing Packages/com.unity.inputsystem/InputSystem/Editor/Icons/Axis@2x.png using Guid(d0006d51a864248adba0238883f8c71e) (TextureImporter) -> (artifact id: '2be695d0f4732d05108ed8653acc1f16') in 0.0137142 seconds
Start importing Packages/com.unity.xr.arfoundation/Editor/Icons/ArrowCaretRight@2x.png using Guid(d063466193bd7d849a39c4fe3a4291a0) (TextureImporter) -> (artifact id: 'e0155c826c3c4fd46adb20f3b29f2809') in 0.0158344 seconds
Start importing Packages/com.unity.xr.arcore/Tests/Editor/Unity.XR.ARCore.Editor.Tests-UnityLogo White On Black.jpg using Guid(e0b604dee94974948961f7c5ce96485d) (TextureImporter) -> (artifact id: '9b2e0b8de5fd9e8c046729882f43f8fe') in 0.0904293 seconds
Start importing Packages/com.unity.render-pipelines.core/Editor/Lighting/Icons/LightUnitIcons/d_SoftAreaLight@2x.png using Guid(e0171afec971f2343be8d5b4b14ab6eb) (TextureImporter) -> (artifact id: '547ff235c405bc434c78ccda725e5151') in 0.0143112 seconds
Start importing Packages/com.unity.searcher/Editor/Resources/FlatSkin/SearchSmallDownOff.png using Guid(e0f8b9d001b669a43b3c9f7b90891d96) (TextureImporter) -> (artifact id: '4ee95e4d910e4d7885957b983e37c1c6') in 0.0081427 seconds
Start importing Packages/com.unity.shadergraph/GraphTemplates/DefaultTemplateImage.png using Guid(e079a17a0b2b93647a84cebdde8f3c21) (TextureImporter) -> (artifact id: '827466df10060fdd5a70ca68d55ab909') in 0.1907252 seconds
Start importing Packages/com.unity.inputsystem/InputSystem/Editor/Icons/d_Axis@4x.png using Guid(e01ab4b854c6d4fa3a8d869b67ecd643) (TextureImporter) -> (artifact id: '18fa837a4db3a66cd2a8375fa068501a') in 0.0139723 seconds
Start importing Packages/com.unity.ugui/Editor Resources/Textures/btn_AlignRight_Light.psd using Guid(e05ace3bd15740cda0bad60d89092a5b) (TextureImporter) -> (artifact id: 'e023dcd0358c019cb5e9e18774071904') in 0.0119956 seconds
Start importing Packages/com.unity.render-pipelines.core/Editor/LookDev/Icons/LeftArrow@2x.png using Guid(f0106cef986be534181a8582cffd29da) (TextureImporter) -> (artifact id: '2a0680c95d4f7ba271dd6bc7567a5f2a') in 0.0146454 seconds
Start importing Packages/com.unity.render-pipelines.core/Editor/PostProcessing/LensFlareResource/PolygonFlareThumbnail.png using Guid(f0326f07dd50365439f552e7f29218e5) (TextureImporter) -> (artifact id: '2bce279ad7299f8c167799ad80d71557') in 0.0198601 seconds
Start importing Packages/com.unity.render-pipelines.universal/Textures/FilmGrain/Medium02.png using Guid(f0b67500f7fad3b4c9f2b13e8f41ba6e) (TextureImporter) -> (artifact id: '129872815d508cccc209a0b7276235ae') in 0.013531 seconds
Start importing Packages/com.unity.render-pipelines.core/Editor/Icons/MipLevels/d_VolumeProfile@32.png using Guid(f05a6898ed8b6df43be9b7fbb34d0517) (TextureImporter) -> (artifact id: '6e3e54687568521223a2eadb4cefd35f') in 0.0137857 seconds
Start importing Packages/com.unity.collections/Unity.Collections.PerformanceTests/Unity.PerformanceTesting.Benchmark/PerformanceTestFrameworkOutput.png using Guid(0175a7523f9f1754ca406f92afcfcbc6) (TextureImporter) -> (artifact id: 'd3c9575659dd649039f59ea53eec6918') in 0.1131703 seconds
Start importing Packages/com.unity.render-pipelines.universal/Textures/BlueNoise16/L/LDR_LLL1_2.png using Guid(1134690bf9216164dbc75050e35b7900) (TextureImporter) -> (artifact id: 'f5d8927df7b7642a60a75065e53d9482') in 0.0066682 seconds
Start importing Packages/com.unity.render-pipelines.core/Runtime/Sampling/Textures/SobolBlueNoise/ScramblingTile256SPP.png using Guid(11fcf3c83299e814cbb25c4d74cd045d) (TextureImporter) -> (artifact id: '8a90d0a361db4a19ec266d5c04604562') in 0.0098017 seconds
Start importing Packages/com.unity.render-pipelines.universal/Textures/2D/Sparkle.png using Guid(119f93d0bcbf1e743bf5fcf237507d39) (TextureImporter) -> (artifact id: '54a51c4f99add3a70cd2ce6ac8c2c0c4') in 0.025925 seconds
Start importing Packages/com.unity.shadergraph/Editor/Resources/Icons/blackboard_dark.png using Guid(2162b791346804a7792168e6fc526ced) (TextureImporter) -> (artifact id: 'a1ddc2299bc05082c2cf58dc225021ad') in 0.0065665 seconds
Start importing Packages/com.unity.learn.iet-framework/Editor/UI/Images/Icons/Authoring/TutorialsWindowIcon.png using Guid(21052389052c64025ab6a66655f99290) (TextureImporter) -> (artifact id: 'c5935bc6068998d6c93bba67973b348e') in 0.0154563 seconds
Start importing Assets/TextMesh Pro/Resources/Sprite Assets/InlineIcons.png using Guid(215687feeab0b7445b4a1cd86c82c2e1) (TextureImporter) -> (artifact id: '7d570f069aa838c7740f6186437585e3') in 25.7907802 seconds
Start importing Packages/com.unity.inputsystem/InputSystem/Editor/Icons/Interactive Binding.png using Guid(2196c18f03faf4184b1aeb2c61d5571d) (TextureImporter) -> (artifact id: 'b26e661595558807dc89552db4d38bb8') in 0.0263617 seconds
Start importing Packages/com.unity.shadergraph/Editor/Resources/Icons/settings_button.png using Guid(3140f217cba5a6f4ca8d41675ac44819) (TextureImporter) -> (artifact id: 'e4b682c99a4f018afb67211ed079ffb1') in 0.0232333 seconds
Start importing Packages/com.unity.render-pipelines.core/Editor/Icons/RenderGraphViewer/d_Global@2x.png using Guid(31d206dcb4d01ca4295149458ec19c38) (TextureImporter) -> (artifact id: '3045a8c0684e61d37ba5467b10bf00f3') in 0.0317439 seconds
Start importing Packages/com.unity.multiplayer.center/Editor/MultiplayerCenterWindow/UI/Icons/d_PackageInstalled@2x.png using Guid(318df756abab5463e9aa361360784865) (TextureImporter) -> (artifact id: 'aadb43d4b813476763e4a2379c3c6fea') in 0.0277534 seconds
Start importing Packages/com.unity.render-pipelines.core/Editor/Lighting/Icons/LightUnitIcons/Moonlight.png using Guid(41c40f1973262eb41a56a66faaf2154d) (TextureImporter) -> (artifact id: 'cd0d9a1f1ddae73544ac9d8301e90e00') in 0.0325894 seconds
Start importing Packages/com.unity.ugui/Editor Resources/Textures/btn_AlignMiddle.psd using Guid(41b96614b2e6494ba995ddcd252d11ae) (TextureImporter) -> (artifact id: '6a653ab61b2b54a6829339291ffa1f96') in 0.0218958 seconds
Start importing Packages/com.unity.inputsystem/InputSystem/Editor/Icons/d_Dpad@4x.png using Guid(41edf25d451a744e6ad1172a677603bd) (TextureImporter) -> (artifact id: 'a06879d37bb2948645308d109b62bf0f') in 0.0313324 seconds
Start importing Packages/com.unity.render-pipelines.core/Editor/Lighting/Icons/d_LightPlacement_Icon.png using Guid(518057398db7dd043928f01f4fbad1b9) (TextureImporter) -> (artifact id: 'afe30aeb89dc85a52207f27824c52f50') in 0.037017 seconds
Start importing Assets/MobileARTemplateAssets/UI/Sprites/Icon-MoveAxisGizmos.png using Guid(51013162d2e1a4a09ae16e48154ceb5f) (TextureImporter) -> (artifact id: '4746e8f0d23c561830003ee5d409d98b') in 0.1151183 seconds
Start importing Packages/com.unity.render-pipelines.universal/Textures/FilmGrain/Medium05.png using Guid(510a2f57334933e4a8dbabe4c30204e4) (TextureImporter) -> (artifact id: '134e4fb658b87f4b4f9d3243341ee8b1') in 0.0374085 seconds
Start importing Packages/com.unity.render-pipelines.core/Editor/LookDev/Icons/Environment@2x.png using Guid(515b65dc95319f3409d6b0b5f866ac33) (TextureImporter) -> (artifact id: 'fb62875b0a146ffb61e1ed40a326047a') in 0.0535916 seconds
Start importing Packages/com.unity.render-pipelines.universal/Textures/SMAA/SearchTex.tga using Guid(51eee22c2a633ef4aada830eed57c3fd) (TextureImporter) -> (artifact id: '11925bf7720bea6caf1243bd26c167ee') in 0.0146674 seconds
Start importing Packages/com.unity.learn.iet-framework/Editor/UI/Images/Icons/ErrorLight@2x.png using Guid(517f54bf89ddf354493698683251bd68) (TextureImporter) -> (artifact id: '7ff605c60f44bd00448f37329f452f99') in 0.0286496 seconds
Start importing Packages/com.unity.inputsystem/InputSystem/Editor/Icons/Keyboard@3x.png using Guid(6191a40940a3e46899ecf82fa8389d01) (TextureImporter) -> (artifact id: '76856d916ea1ab24fb3c1319a65643eb') in 0.0516119 seconds
Start importing Packages/com.unity.inputsystem/InputSystem/Editor/Icons/d_Mouse@3x.png using Guid(6164e492ad3164525ab8ecd9968c3a64) (TextureImporter) -> (artifact id: '15c50f79225432d9a334dacd143dd58a') in 0.0308279 seconds
Start importing Packages/com.unity.render-pipelines.core/Editor/Lighting/Icons/LightUnitIcons/Shade.png using Guid(7146ed2a10f80c340b4c181e2892c87a) (TextureImporter) -> (artifact id: '03c0e3f94d75e7dd8d6719e4c1f2a25b') in 0.0333742 seconds
Start importing Packages/com.unity.shadergraph/Editor/Resources/Icons/sg_graph_icon_gray_dark.png using Guid(7129268cf102b2f45809905bcb27ce8b) (TextureImporter) -> (artifact id: 'e1a2d9db7bca99e98244c3d623e1d4f5') in 0.0179598 seconds
Start importing Packages/com.unity.render-pipelines.core/Editor/Lighting/Icons/LightUnitIcons/d_MoonlessNight.png using Guid(71cd3069e265067478f8e99589235fd6) (TextureImporter) -> (artifact id: 'cc9d653b98d47a1ebe9ecd8d62f2dbfb') in 0.0260618 seconds
Start importing Packages/com.unity.render-pipelines.universal/Textures/BlueNoise16/L/LDR_LLL1_0.png using Guid(81200413a40918d4d8702e94db29911c) (TextureImporter) -> (artifact id: 'a741caa079105d985ab9584cf97fbbe5') in 0.0119736 seconds
Start importing Packages/com.unity.render-pipelines.core/Editor/Lighting/Icons/LightUnitIcons/Fluorescent@2x.png using Guid(81321ffad3c324c42806d47efb84d4d1) (TextureImporter) -> (artifact id: 'a33aa5655aa05142c56878d8e1907112') in 0.0404482 seconds
Start importing Packages/com.unity.learn.iet-framework/Editor/UI/Images/Icons/AssetTypes/WelcomePage.png using Guid(817de844bb27e4710a47965ed4768dff) (TextureImporter) -> (artifact id: '00b2d631e3fdcc7029f351d4d7342c84') in 0.0623785 seconds
Start importing Packages/com.unity.ugui/Editor Resources/Textures/btn_AlignCenter.psd using Guid(81ed8c76d2bc4a4c95d092c98af4e58f) (TextureImporter) -> (artifact id: '20af596c6548577b0546914e5b75f34f') in 0.019252 seconds
Start importing Assets/MobileARTemplateAssets/UI/Sprites/MixedCorners.png using Guid(811ff44a671c34f55ab743fc4f8c3319) (TextureImporter) -> (artifact id: 'c24eae8e4a38a530ef52d6f3fd4fd639') in 0.0644884 seconds
Start importing Packages/com.unity.shadergraph/GraphTemplates/default_normal.png using Guid(9154b3a500851e04494b08c0a363964a) (TextureImporter) -> (artifact id: '945c9933cbdd7125fb7ea6d250620ecf') in 0.0247446 seconds
Start importing Packages/com.unity.render-pipelines.core/Editor/Icons/MipLevels/VolumeProfile@16.png using Guid(9109dcac13c1b6a4cadf6e9e63be42f7) (TextureImporter) -> (artifact id: 'aceb8908380a884b58fc1b682809d752') in 0.0239235 seconds
Start importing Packages/com.unity.render-pipelines.universal/Editor/Gizmos/Camera_PostProcessing.png using Guid(916f43e9d8e15c448a2c8a5d30b26dbd) (TextureImporter) -> (artifact id: 'a3e23a395f4cd64ec65a4428259f24a4') in 0.0397839 seconds
Start importing Packages/com.unity.render-pipelines.core/Editor/LookDev/Icons/Duplicate@2x.png using Guid(91ffd37b0545bf6448f8d937736130a1) (TextureImporter) -> (artifact id: '694e50e9fe072367539e7e3eb6b49c3f') in 0.0315366 seconds
Start importing Packages/com.unity.inputsystem/InputSystem/Editor/Icons/d_Dpad@3x.png using Guid(a1b7d9ffed68a47128c5622c13ba4752) (TextureImporter) -> (artifact id: '61b339f3889e36798aa1006a317f6fb0') in 0.025971 seconds
Start importing Packages/com.unity.render-pipelines.core/Editor/LookDev/Icons/d_CenterLight@2x.png using Guid(a14e6ee680df42f4c99bf69bc3d6b9ca) (TextureImporter) -> (artifact id: '11081f4f0b1c68cc1fda7ab3fe93cf0a') in 0.0251404 seconds
Start importing Packages/com.unity.render-pipelines.universal/Editor/ShaderGraph/GraphTemplates/2D/2DSpriteUnlitTemplateThumbnail.png using Guid(a1be7992c1f7b0947bc2f9b045098f9e) (TextureImporter) -> (artifact id: '160d0c4c90ab14b876994140704adf98') in 0.2492001 seconds
Start importing Packages/com.unity.render-pipelines.core/Editor/Lighting/Icons/UpSnatch.png using Guid(a1fe8ebe91e101d47af42adec440c3e5) (TextureImporter) -> (artifact id: 'b7dc668bdb06ce9ea32babff44127003') in 0.0207834 seconds
Start importing Packages/com.unity.render-pipelines.core/Editor/Lighting/Icons/LightUnitIcons/d_InteriorLight@2x.png using Guid(b1a064fab2aa93e47bd8d558a6ca655b) (TextureImporter) -> (artifact id: '21a34517e175e3a419f9d07076372d50') in 0.0272744 seconds
Start importing Packages/com.unity.shadergraph/Editor/Resources/Icons/SettingsIcons_hover@2x.png using Guid(b1b079d053c3d0c41952dadf32a89ffd) (TextureImporter) -> (artifact id: '5cc50290c32e32e38dbdbd22149ed9f6') in 0.0150965 seconds
Start importing Packages/com.unity.render-pipelines.core/Editor/Lighting/Icons/LightUnitIcons/d_MediumAreaLight.png using Guid(b1826d69c1fcad9488491937a1ef4d84) (TextureImporter) -> (artifact id: '15ac6384e7003319ee8179e58c5281b6') in 0.0168795 seconds
Start importing Packages/com.unity.render-pipelines.core/Editor/Icons/MipLevels/Volume@256.png using Guid(b1737e8dd5ce0104ca1f1c05b481fad9) (TextureImporter) -> (artifact id: '6d60146b55b202e4909740cd6c14a5a1') in 0.0372367 seconds
Start importing Packages/com.unity.render-pipelines.core/Editor/Icons/MipLevels/RenderPipelineResources@64.png using Guid(b1c49d259b9089743b6272150f77b8fe) (TextureImporter) -> (artifact id: '252a9a3f196f9cc1c2b05ebd7a4f203d') in 0.0233967 seconds
Start importing Packages/com.unity.render-pipelines.core/Editor/Lighting/Icons/LightUnitIcons/SoftAreaLight@2x.png using Guid(b14c34aa843e4a14e957505ae407e8c3) (TextureImporter) -> (artifact id: '422ab36e2565fa255bbd8bb9ddf57b17') in 0.0246208 seconds
Start importing Packages/com.unity.shadergraph/Editor/Resources/Icons/sg_graph_icon@2x.png using Guid(c1e1b751487e43d43923f055990214ea) (TextureImporter) -> (artifact id: '3f1d9ccd57193c06fa291db532117d7f') in 0.0268198 seconds
Start importing Packages/com.unity.render-pipelines.core/Editor/Lighting/Icons/LightPlacement_Icon@128.png using Guid(c1c8308c6609eff48841494a187bfb72) (TextureImporter) -> (artifact id: '943468bfd070644a52f97f3cadaa9e24') in 0.0624069 seconds
Start importing Packages/com.unity.render-pipelines.core/Editor/Lighting/Icons/Advanced_Pressed_mini.png using Guid(c1d870384c7ed3c49b30d01278bf3949) (TextureImporter) -> (artifact id: 'bf5b080de0b9b48109c4e1b1b7727044') in 0.0309141 seconds
Start importing Packages/com.unity.render-pipelines.core/Editor/Lighting/Icons/LightPlacement_Icon@2x.png using Guid(c179f13951d25f646887d38fa53e6e65) (TextureImporter) -> (artifact id: 'e16eea30be1cda701ac6146dff484de1') in 0.0309407 seconds
Start importing Packages/com.unity.render-pipelines.universal/Textures/SMAA/AreaTex.tga using Guid(d1f1048909d55cd4fa1126ab998f617e) (TextureImporter) -> (artifact id: 'd8994bef3bbe521ac19eb9afad3920a6') in 0.0160226 seconds
Start importing Assets/MobileARTemplateAssets/UI/Sprites/Icon-Cube_Lift.png using Guid(d156fc03d649f4bc99679bac977609a3) (TextureImporter) -> (artifact id: '4eb9415f3a096f343efa54792cf1da97') in 0.0642702 seconds
Start importing Packages/com.unity.render-pipelines.universal/Textures/BlueNoise16/L/LDR_LLL1_26.png using Guid(d18a24d7b4ed50f4387993566d9d3ae2) (TextureImporter) -> (artifact id: 'f1e07e3b849ac0f2f10d2630b71c8071') in 0.0145374 seconds
Start importing Packages/com.unity.inputsystem/InputSystem/Editor/Icons/ChevronDown@4x.png using Guid(d1acbe0a708dc40dc80254764e67ecfa) (TextureImporter) -> (artifact id: '6ef38152e5f1ed969eadbb7598ff74a2') in 0.0230509 seconds
Start importing Packages/com.unity.render-pipelines.core/Editor/Lighting/Icons/LightUnitIcons/d_DecorativeLight@2x.png using Guid(e194061ed57dcf6478bc4a4079ac3998) (TextureImporter) -> (artifact id: 'd9d123bce6d0e48b4be27d1c7cd3cb56') in 0.0262592 seconds
Start importing Packages/com.unity.render-pipelines.core/Editor/LookDev/Icons/RightArrow@2x.png using Guid(e194270977977b24da0c6e1c962a5ce9) (TextureImporter) -> (artifact id: '530972932505ae56cb5764338ab68b9c') in 0.0270132 seconds
Start importing Packages/com.unity.inputsystem/InputSystem/Editor/Icons/d_Position@3x.png using Guid(e1da124f7cbda41a4925397406076a42) (TextureImporter) -> (artifact id: '976a34840336e5269bc8ea041dd87958') in 0.0241954 seconds
Start importing Packages/com.unity.render-pipelines.core/Editor/Lighting/Icons/LightUnitIcons/SoftAreaLight.png using Guid(e10d9c07adc061a448e00b3e33fad966) (TextureImporter) -> (artifact id: '3109c182e71060bff8c5143fda076709') in 0.0240438 seconds
Start importing Packages/com.unity.render-pipelines.universal/Editor/2D/Resources/SceneViewIcons/PointLight.png using Guid(e1feb27120f96ae4ea48e922cbfd93da) (TextureImporter) -> (artifact id: '7e9be68341819d31dc53f8efbbd39cec') in 0.0620947 seconds
Start importing Packages/com.unity.inputsystem/InputSystem/Editor/Icons/d_Keyboard@2x.png using Guid(f14e3a4027f834f16b235498ac15bb3f) (TextureImporter) -> (artifact id: 'c0291f4fa7af8ddb56f8a0a9e3a72862') in 0.0222733 seconds
Start importing Packages/com.unity.render-pipelines.universal/Editor/2D/Resources/LightCapDown.png using Guid(02232385c7b444348987d74db8dd7b2e) (TextureImporter) -> (artifact id: '6d030154fdff4684888101d05eda8d9b') in 0.0143475 seconds
Start importing Packages/com.unity.render-pipelines.core/Editor/Lighting/Icons/IESProfile.png using Guid(0283fe60f65159b4a86ebabf444e23f9) (TextureImporter) -> (artifact id: '256230633f98136a6e7ac4a58e9048c8') in 0.0385527 seconds
Start importing Packages/com.unity.render-pipelines.core/Editor/LookDev/Icons/d_LayoutVertical.png using Guid(02c3588c32f640d47bb70ee3fa774fce) (TextureImporter) -> (artifact id: 'b12f7daec3fcbcf1ab147257fc369821') in 0.0198823 seconds
Start importing Packages/com.unity.render-pipelines.core/Runtime/Debugging/Prefabs/Textures/White1px.png using Guid(127279d577f25ac4ea17dae3782e5074) (TextureImporter) -> (artifact id: 'a5667d7044eaf48b57926ec6e8b21ac6') in 0.0343035 seconds
Start importing Packages/com.unity.ugui/Editor Resources/Textures/btn_AlignLeft_Light.psd using Guid(12736c98af174f91827a26b66d2b01b9) (TextureImporter) -> (artifact id: '31e79e9bb1bc7a43fa4a5cc9ad05dce9') in 0.0192664 seconds
Start importing Packages/com.unity.inputsystem/InputSystem/Editor/Icons/d_Keyboard@4x.png using Guid(123b6218ad27a41af933311ee524dcdc) (TextureImporter) -> (artifact id: '07a65c884505fd1c3bb0dc2eb08225ed') in 0.0317807 seconds
Start importing Packages/com.unity.render-pipelines.core/Editor/Icons/RenderGraphViewer/d_Texture@2x.png using Guid(126e291066d6c934e99b244ec88e813a) (TextureImporter) -> (artifact id: 'ac47bdb508735f146521e6cbfc9aaa2e') in 0.0276319 seconds
Start importing Packages/com.unity.render-pipelines.core/Editor/Icons/MipLevels/d_Volume@256.png using Guid(32b23d5d74f3aee4f9364e34e2f59379) (TextureImporter) -> (artifact id: 'c291adc1e435e256cdf00a6b2c2cfa0b') in 0.024189 seconds
Start importing Packages/com.unity.testtools.codecoverage/Editor/Icons/d_FolderOpened@2x.png using Guid(327ac160fa4588b4ab06124fe53fdbd1) (TextureImporter) -> (artifact id: '8b65102dcd7b8adc89ba4ce2b786eb08') in 0.0287472 seconds
Start importing Packages/com.unity.shadergraph/GraphTemplates/BuiltIn/BuiltInLitBasicTemplateThumbnail.png using Guid(325e807a2af3f5f4691c7d9da76963f6) (TextureImporter) -> (artifact id: 'd1b09f410cff83f1433aeed7a2ae2014') in 0.2626011 seconds
Start importing Packages/com.unity.render-pipelines.core/Editor/Icons/RenderGraphViewer/Buffer@2x.png using Guid(42f2be07082fcb641bfabb2ccd126ac0) (TextureImporter) -> (artifact id: '9459be0ee3075df98bb5cc834ca9875b') in 0.0274573 seconds
Start importing Assets/MobileARTemplateAssets/UI/Sprites/Icon-Cube_Move.png using Guid(4216aa950c3d04665ba85191ced11370) (TextureImporter) -> (artifact id: 'e888f429d582f75f2bf3041147c63cf0') in 0.0630916 seconds
Start importing Packages/com.unity.render-pipelines.core/Editor/Lighting/Icons/LightUnitIcons/BlueSky@2x.png using Guid(42382485181c7b4429560828f54a2bae) (TextureImporter) -> (artifact id: '1b2d29e8105ff79975947b5385b40980') in 0.0263581 seconds
Start importing Packages/com.unity.render-pipelines.universal/Editor/SceneTemplates/Standard/ReflectionProbe-0.exr using Guid(42c8d975867dbb34299217c9b3a62677) (TextureImporter)Starting cubemap convolution for '' (size 128)
...took 0.086 seconds
 -> (artifact id: 'd13ac6301983cf8bf7af4d7d4d8befea') in 3.5760451 seconds
Start importing Assets/MobileARTemplateAssets/Tutorial/Images/ARMobileTemplateImage.png using Guid(42994e90d97cd4279be774deb5789e39) (TextureImporter) -> (artifact id: '7971b0cbfe2e75c2bb24bba52e77a9dc') in 0.2020697 seconds
Start importing Packages/com.unity.multiplayer.center/Editor/MultiplayerCenterWindow/UI/Icons/Loading.png using Guid(424a8de5def3b46dcb08edd00ad1c7bd) (TextureImporter) -> (artifact id: '2bd5d1cb0f02d9da99500ac0bde17078') in 0.0295518 seconds
Start importing Packages/com.unity.inputsystem/InputSystem/Editor/Icons/d_Orientation@3x.png using Guid(424bff4d3ea64400e9b384cb8bebfb96) (TextureImporter) -> (artifact id: '26f1b27d670ae91d5d0831c5b0cd1a10') in 0.0209449 seconds
Start importing Packages/com.unity.xr.arfoundation/Assets/Textures/DialogBackground@4x.png using Guid(52a208bb46e934bb5aba0a4973595f80) (TextureImporter) -> (artifact id: 'fd956cde10dbac7ec69d67024130b113') in 0.0336752 seconds
Start importing Packages/com.unity.render-pipelines.core/Editor/LookDev/Icons/Camera1@2x.png using Guid(52b3ad4181ffbec4cad6eb26d07127f6) (TextureImporter) -> (artifact id: 'b43512bd29bc13ee8693871264c1c481') in 0.0237456 seconds
Start importing Packages/com.unity.multiplayer.center/Editor/MultiplayerCenterWindow/UI/Icons/d_Package.png using Guid(525a6cca8dd9a4d28875a8fe824710d9) (TextureImporter) -> (artifact id: 'b63fc34e7c5e999053227dac268ec7fd') in 0.0249193 seconds
Start importing Packages/com.unity.render-pipelines.core/Editor/Lighting/Icons/LightUnitIcons/Fluorescent.png using Guid(52dd14d6fa6ca2d46b942c8289a898eb) (TextureImporter) -> (artifact id: '2e0cfe1540013577473cc2a67fdef824') in 0.0222995 seconds
Start importing Packages/com.unity.inputsystem/InputSystem/Editor/Icons/Stick.png using Guid(6234dae5cf6f04acb9a51e04d448e444) (TextureImporter) -> (artifact id: 'd52e7a0d21916ca3f227dabb09eac8c8') in 0.0275051 seconds
Start importing Packages/com.unity.inputsystem/InputSystem/Editor/Icons/d_Axis@3x.png using Guid(62c846073cb844a2b926e4bbd3189647) (TextureImporter) -> (artifact id: 'c1afea3d81f0d6a2e90627a4109e2db5') in 0.0255201 seconds
Start importing Packages/com.unity.inputsystem/InputSystem/Editor/Icons/Orientation@2x.png using Guid(62f8dda50382d487597224e197cbd34f) (TextureImporter) -> (artifact id: '371ea458c3e2a76fb38060d02c70634e') in 0.0294018 seconds
Start importing Packages/com.unity.inputsystem/InputSystem/Editor/Icons/InputControl@2x.png using Guid(62ce957ca99fe4fcba573a5b141eb113) (TextureImporter) -> (artifact id: '8aee645df459d3167774768df08551b5') in 0.0313117 seconds
Start importing Packages/com.unity.render-pipelines.core/Editor/LookDev/Icons/Layout1@2x.png using Guid(8263f1f26524404498d51bfe0b819925) (TextureImporter) -> (artifact id: '46a58fe8b0b3fd030bb3d6a28e07d365') in 0.0299231 seconds
Start importing Packages/com.unity.xr.arfoundation/Editor/Icons/d_ARVR@4x.png using Guid(8236c695e72414e7889fb3f4d8226fde) (TextureImporter) -> (artifact id: '37a6787130e85df235921b689db17e05') in 0.0273593 seconds
Start importing Packages/com.unity.shadergraph/Editor/Resources/Icons/sg_subgraph_icon_gray_light.png using Guid(82b6560ff26e58d48aa33e2869ad14e4) (TextureImporter) -> (artifact id: '604e7aafbedafef01b715be8b76348ba') in 0.014828 seconds
Start importing Packages/com.unity.inputsystem/InputSystem/Editor/Icons/Touch@2x.png using Guid(82073a8bfd6b8488a89b8796d500d12d) (TextureImporter) -> (artifact id: '5c87d7c89e58673ae8e94680a2dede4e') in 0.0230367 seconds
Start importing Packages/com.unity.ugui/Editor Resources/Textures/btn_AlignJustified.psd using Guid(92027f7f8cfc4feaa477da0dc38d3d46) (TextureImporter) -> (artifact id: '8829360c60ef8cefb7684464cbdf8945') in 0.0175474 seconds
Start importing Packages/com.unity.render-pipelines.core/Editor/Icons/MipLevels/RenderPipelineResources@16.png using Guid(9204b01f48caab948aca3a4531851d40) (TextureImporter) -> (artifact id: 'fbe39acb6275fcfc1ea9332041f90863') in 0.0201426 seconds
Start importing Packages/com.unity.ugui/Editor Resources/Textures/btn_AlignLeft.psd using Guid(9288066c33474b94b6ee5465f4df1cc0) (TextureImporter) -> (artifact id: '4949249e48b9f7b34606504f9d77e20c') in 0.0145812 seconds
Start importing Packages/com.unity.xr.arfoundation/Editor/Icons/d_ArrowCaretLeft@2x.png using Guid(a23489f7f0d4e364c964361e900e4be6) (TextureImporter) -> (artifact id: 'f28dd23df930c59031be5806dc966ac5') in 0.0164754 seconds
Start importing Packages/com.unity.xr.arfoundation/Editor/Icons/d_XREnvironment@2x.png using Guid(a2691ee365c36ea429319fe131fd85aa) (TextureImporter) -> (artifact id: '35c93070e5df475f19fd8af86b97a88d') in 0.0212086 seconds
Start importing Packages/com.unity.render-pipelines.core/Editor/Lighting/Icons/LightUnitIcons/d_IntenseAreaLight.png using Guid(a20ce10a62e5d924a84f1a723e96c07e) (TextureImporter) -> (artifact id: '52ec727fe6580b5386c1daf168a26663') in 0.0172269 seconds
Start importing Packages/com.unity.multiplayer.center/Editor/MultiplayerCenterWindow/UI/Icons/CloudCode@2x.png using Guid(a23c0dd570fd44b57a03a8880002fcca) (TextureImporter) -> (artifact id: '461315a480b5806b5ba6e7cfa9233513') in 0.0240004 seconds
Start importing Packages/com.unity.render-pipelines.universal/Textures/BlueNoise16/L/LDR_LLL1_24.png using Guid(a2ec5cbf5a9b64345ad3fab0912ddf7b) (TextureImporter) -> (artifact id: '49ebea9c4cfd8b8da79c52167fcc0177') in 0.0146583 seconds
Start importing Packages/com.unity.multiplayer.center/Editor/MultiplayerCenterWindow/UI/Icons/ClientHosted.png using Guid(b2ce704e56cc84fb3b347499263c6244) (TextureImporter) -> (artifact id: 'ab3a311bc8e3cc5119378b99b4629743') in 0.0289334 seconds
Start importing Packages/com.unity.ugui/Editor Resources/Textures/btn_AlignMidLine.psd using Guid(c2f7f6a88b4c4f20a53deb72f3d9144c) (TextureImporter) -> (artifact id: 'caf204a43157687f20326071c782b4f8') in 0.0206601 seconds
Start importing Packages/com.unity.inputsystem/InputSystem/Editor/Icons/Joystick.png using Guid(c28849deb3e3b45c98965e7efd26f7be) (TextureImporter) -> (artifact id: '2a061c18e7e5602fa53014da3b24abe1') in 0.0213781 seconds
Start importing Packages/com.unity.shadergraph/GraphTemplates/Cross Pipeline/UnlitSimpleTemplateThumbnail.png using Guid(c21eaaec4c8575e47a9b342ce260b9ed) (TextureImporter) -> (artifact id: '0292559774ed50b1aa7cd87a1ad9e463') in 0.2425171 seconds
Start importing Packages/com.unity.learn.iet-framework/Editor/UI/Images/Icons/AssetTypes/TutorialPage.png using Guid(e2c6c6729439040c99ca9e0d569018f2) (TextureImporter) -> (artifact id: '20d4d67f6ee0e0249f5e3394c6b94fac') in 0.0491946 seconds
Start importing Packages/com.unity.inputsystem/InputSystem/Editor/Icons/d_InputControl@4x.png using Guid(e2078613efd9e410c8771cbd2717f4e7) (TextureImporter) -> (artifact id: '2a72933a92707c2559357a9145d9f8f3') in 0.0285686 seconds
Start importing Packages/com.unity.render-pipelines.core/Editor/Lighting/Icons/d_LightPlacement_Icon@64.png using Guid(e20f6d92d0ae13040bfcbe8ef57da036) (TextureImporter) -> (artifact id: '9549e93cf42af1f71f0e86a79cadc50f') in 0.0310155 seconds
Start importing Packages/com.unity.render-pipelines.core/Runtime/Debugging/Prefabs/Textures/UIArrowDown.png using Guid(f224bfd122877a34aa49c63693fc317b) (TextureImporter) -> (artifact id: 'f77c416941939cadc7d6b423e2a335b1') in 0.0212548 seconds
Start importing Packages/com.unity.inputsystem/InputSystem/Editor/Icons/d_Stick@4x.png using Guid(f2fd4d7aa99c94a67a6a137fe979a760) (TextureImporter) -> (artifact id: 'f65212037a940509a58e074e938eb8d9') in 0.0241932 seconds
Start importing Packages/com.unity.inputsystem/InputSystem/Editor/Icons/d_Stick@3x.png using Guid(03c3559bb64164f7785cd1250e475250) (TextureImporter) -> (artifact id: 'a2d1cee1fa8c68f208df40cec16f9721') in 0.0249448 seconds
Start importing Packages/com.unity.shadergraph/Editor/Resources/GraphView/Nodes/PreviewCollapse.png using Guid(03d3df9748467354ab39a973710a3a30) (TextureImporter) -> (artifact id: '940a84e920c9828c656f7c3f98654107') in 0.0112994 seconds
Start importing Packages/com.unity.multiplayer.center/Editor/MultiplayerCenterWindow/UI/Icons/DistributedAuthority@2x.png using Guid(0354877031b64465ea7e5cafea1a2653) (TextureImporter) -> (artifact id: 'b6fee469988209959444ece476e9b2d3') in 0.0323035 seconds
Start importing Packages/com.unity.inputsystem/InputSystem/Editor/Icons/d_Button.png using Guid(0309256f03c114697813e2296f0a1f18) (TextureImporter) -> (artifact id: '6f3926f48b6a22f4d238852d71fdf0b5') in 0.0224418 seconds
Start importing Packages/com.unity.render-pipelines.core/Editor/Lighting/Icons/LightUnitIcons/DirectSunlight@2x.png using Guid(03ea000956f47584c872d8b4df47f5ee) (TextureImporter) -> (artifact id: '86cd9cea8274d05430e02e93c015bbcd') in 0.0270412 seconds
Start importing Packages/com.unity.render-pipelines.core/Editor/Lighting/Icons/LightUnitIcons/d_Overcast@2x.png using Guid(036f58abb8f232d41b3928a31433cf81) (TextureImporter) -> (artifact id: 'e46c648f547aff749b2ee2158949ff49') in 0.026297 seconds
Start importing Packages/com.unity.render-pipelines.core/Editor/Icons/MipLevels/VolumeProfile@128.png using Guid(13d6273ce5597af4f841001aa751c423) (TextureImporter) -> (artifact id: 'ae17ea2421ac967ff8c2233aa23011d6') in 0.0180272 seconds
Start importing Packages/com.unity.inputsystem/InputSystem/Editor/Icons/Pen@2x.png using Guid(13fb345befe624412ac0bd0138d7bcf2) (TextureImporter) -> (artifact id: '7580a694174692ba66d9385d4e8f863a') in 0.0213633 seconds
Start importing Packages/com.unity.render-pipelines.core/Editor/Icons/RenderGraphViewer/Global@2x.png using Guid(13acc8e36620f0c499762b092afc9538) (TextureImporter) -> (artifact id: '0b3667f05ed654a1a3ce5a8d1ee524a4') in 0.0254614 seconds
Start importing Packages/com.unity.render-pipelines.core/Editor/LookDev/Icons/Camera1.png using Guid(2384eb5de05269b44a58f8dd1d83d725) (TextureImporter) -> (artifact id: 'e3e0cd947b4aaa200e6a0a2cce8ba683') in 0.0213201 seconds
Start importing Assets/MobileARTemplateAssets/UI/Sprites/Icon-Cube_Rotate.png using Guid(23564d3378a9d4983988576f242089eb) (TextureImporter) -> (artifact id: '6a7c1af261495db86d16a7b2d7ad79d5') in 0.0548837 seconds
Start importing Packages/com.unity.render-pipelines.core/Editor/Icons/RenderGraphViewer/Import@2x.png using Guid(23d6b8595de0e04429daf108638fe785) (TextureImporter) -> (artifact id: 'acd6165580b6c9eb9de61247e8901983') in 0.0254797 seconds
Start importing Packages/com.unity.render-pipelines.universal/Textures/BlueNoise256/LDR_LLL1_5.png using Guid(3302065f671a8450b82c9ddf07426f3a) (TextureImporter) -> (artifact id: 'b8943a009d46b1697a865579e77633f2') in 0.0143992 seconds
Start importing Packages/com.unity.inputsystem/InputSystem/Editor/AssetEditor/PackageResources/blue.png using Guid(33f32142c2c2d4662be5f5274db27158) (TextureImporter) -> (artifact id: '3e41b3fb978a8f7ad79c81597fbd21ed') in 0.0207333 seconds
Start importing Packages/com.unity.render-pipelines.core/Editor/Lighting/Icons/LightUnitIcons/Candlelight@2x.png using Guid(3387986904fe97b4cb1a1b607d1e7039) (TextureImporter) -> (artifact id: 'ef57d28dec89619e1c9cc49076839f15') in 0.0200545 seconds
Start importing Packages/com.unity.render-pipelines.core/Editor/Icons/RenderGraphViewer/d_Import@2x.png using Guid(33191aa3ed97cff4aa04bf4719f713ed) (TextureImporter) -> (artifact id: '045b49fc3c84f7e9e60c2010190b1d62') in 0.0230137 seconds
Start importing Packages/com.unity.render-pipelines.universal/Textures/BlueNoise256/LDR_LLL1_7.png using Guid(331c5658939a2461d8c7a0b3691eb7d5) (TextureImporter) -> (artifact id: 'c3d17ca9049190e1e7443d8ae6d75b6f') in 0.0142066 seconds
Start importing Packages/com.unity.render-pipelines.core/Editor/Icons/RenderGraphViewer/dash.png using Guid(33ff6e2aa12671544bb4df30e6443789) (TextureImporter) -> (artifact id: 'ae8b3519bf8e1db48a5c70c3e2e0d198') in 0.023785 seconds
Start importing Packages/com.unity.shadergraph/Editor/Resources/Icons/SettingsIcons.png using Guid(53bf71ace226b574d88c828e8b631aae) (TextureImporter) -> (artifact id: 'ab9a984322e0cfdc744cb006d2ef81f0') in 0.0111929 seconds
Start importing Packages/com.unity.learn.iet-framework/Editor/UI/Images/Icons/Checkmark@2x.png using Guid(636f2942b90a040949e09d2e2475edd2) (TextureImporter) -> (artifact id: 'c3c93bc0392d61ea90e1ca930ba383e6') in 0.0240174 seconds
Start importing Assets/Samples/XR Interaction Toolkit/3.5.1/AR Starter Assets/DemoAssets/Sprites/Button - Circular BG.png using Guid(7347b6042ec9e40c4a3cbd7077c91e67) (TextureImporter) -> (artifact id: 'c5ca6f72921df3a5c2dfb9682d13c59e') in 0.046156 seconds
Start importing Packages/com.unity.render-pipelines.core/Editor/Lighting/Icons/LightUnitIcons/d_DecorativeLight.png using Guid(73e9cf59769215c4892d0a8008f39737) (TextureImporter) -> (artifact id: 'e08c4856c0997d8e7c5504b1fca5e04e') in 0.0200543 seconds
Start importing Packages/com.unity.xr.arfoundation/Assets/Textures/Gear@2x.png using Guid(735ab448bda81490bac50b756bc317a8) (TextureImporter) -> (artifact id: '090cf9cc9319ac55d5b80c1ebb0b927b') in 0.0296163 seconds
Start importing Packages/com.unity.render-pipelines.core/Runtime/Debug/ProbeVolumeNumbersDisplayTex.png using Guid(73fe53b428c5b3440b7e87ee830b608a) (TextureImporter) -> (artifact id: '549f7316e998cb48d4902ed3478ab582') in 0.0973384 seconds
Start importing Packages/com.unity.shadergraph/GraphTemplates/Cross Pipeline/DecalSimpleTemplateThumbnail.png using Guid(73df811908489f1408d1bec44aab3a80) (TextureImporter) -> (artifact id: '5bd0a812d28f743fe3d7d59543fca6a4') in 0.2497705 seconds
Start importing Packages/com.unity.xr.arfoundation/Assets/Textures/Info@2x.png using Guid(837129fe064064a0ea8a498d72e05698) (TextureImporter) -> (artifact id: 'c9b6fdcf420a55c1c1d224df4aeaa1c7') in 0.0329318 seconds
Start importing Packages/com.unity.multiplayer.center/Editor/MultiplayerCenterWindow/UI/Icons/NGO@2x.png using Guid(83b28bcaaf34b4fd580114fb05d9f160) (TextureImporter) -> (artifact id: '42a6951dd248db50f8a377340fe41f3a') in 0.041423 seconds
Start importing Packages/com.unity.inputsystem/InputSystem/Editor/Icons/d_Gamepad@4x.png using Guid(83438053370c84456a73f7f95ef821fb) (TextureImporter) -> (artifact id: 'c0ef5412386218478e6e86d04bf4fac0') in 0.0292706 seconds
Start importing Packages/com.unity.inputsystem/InputSystem/Editor/Icons/d_Keyboard.png using Guid(83382fb171da648c594229ca6fa7ad94) (TextureImporter) -> (artifact id: 'ecb53a76748421ac970e76b6864492d1') in 0.0284307 seconds
Start importing Packages/com.unity.render-pipelines.core/Editor/LookDev/Icons/d_LayoutHorizontal.png using Guid(83cbec96661199e408a744d4c3e586e2) (TextureImporter) -> (artifact id: '9dc2ae3f9d9dd73520a7371a292762fa') in 0.0253754 seconds
Start importing Assets/Samples/XR Interaction Toolkit/3.5.1/AR Starter Assets/DemoAssets/Sprites/Icon - Object - Rounded Cube.png using Guid(930e939e9def94ef69711892eaa9af81) (TextureImporter) -> (artifact id: '8eaf4831bb163c9725b5d53a9604c1f4') in 0.1203964 seconds
Start importing Packages/com.unity.xr.arfoundation/Assets/Textures/Camera Settings@2x.png using Guid(a377d1d9197e5184e93545d3fce9c427) (TextureImporter) -> (artifact id: '0b89952b0b264e7c426c0ca073b86f53') in 0.0336701 seconds
Start importing Packages/com.unity.inputsystem/InputSystem/Editor/Icons/Position@2x.png using Guid(a3fa73829479e4b41965e749fcca7c12) (TextureImporter) -> (artifact id: 'b45ce85307fa9928a46ccc0d2ab1097a') in 0.0312164 seconds
Start importing Packages/com.unity.render-pipelines.core/Editor/Lighting/Icons/LightUnitIcons/ExteriorLight@2x.png using Guid(a3fe770bc25a98540958d57e10f2a5fd) (TextureImporter) -> (artifact id: 'b60962c3be1e68810d779bb0dd627aa4') in 0.0334795 seconds
Start importing Packages/com.unity.render-pipelines.core/Runtime/Debugging/Prefabs/Textures/UICheckMark.png using Guid(b346b2a2df1d290438be3287b6419408) (TextureImporter) -> (artifact id: 'a0ecfef663bc80a215267dbce796ba8e') in 0.0255141 seconds
Start importing Packages/com.unity.render-pipelines.core/Editor/Lighting/Icons/Advanced_UnPressed_mini.png using Guid(b356b95f05b77cf49a1b8241134f44c4) (TextureImporter) -> (artifact id: 'f4ef68f63318f16507b35b45026c8e75') in 0.0229643 seconds
Start importing Packages/com.unity.xr.arfoundation/Editor/Icons/d_ViewEnvironment.png using Guid(b30afb642173c7f469ddab60c0c5561a) (TextureImporter) -> (artifact id: '841cc0b307625ae609c8c86aef714fca') in 0.0236072 seconds
Start importing Packages/com.unity.render-pipelines.core/Editor/Lighting/Icons/LightUnitIcons/CloudySky@2x.png using Guid(c30d00a81d6542c40ae1837621e3969e) (TextureImporter) -> (artifact id: '8aad22c2df1b3136bd58b6e6094e0392') in 0.0192195 seconds
Start importing Packages/com.unity.render-pipelines.core/Editor/Icons/MipLevels/Volume@32.png using Guid(d35462a3f88c67241b7b7cd6dc624ccb) (TextureImporter) -> (artifact id: '6329321e3bc59a7eca97a307dfe12253') in 0.0224518 seconds
Start importing Packages/com.unity.learn.iet-framework/Editor/UI/Images/Icons/Authoring/SkipToEnd.png using Guid(d325bfc5bc8cd4226927d7687abdea28) (TextureImporter) -> (artifact id: '07444e750678f1a99decedbee91589df') in 0.0260186 seconds
Start importing Packages/com.unity.render-pipelines.universal/Textures/BlueNoise16/L/LDR_LLL1_18.png using Guid(d36f0fe53425e08499a2333cf423634c) (TextureImporter) -> (artifact id: '11f0bc89ec02eb12b095efd4ac531033') in 0.009313 seconds
Start importing Packages/com.unity.ugui/Editor Resources/Textures/SectionHeader_Light.psd using Guid(e3b0f810fdea84e40ab4ba20f256f7e8) (TextureImporter) -> (artifact id: '5cd6a83dcf2ae9e6804933e8d48d6d27') in 0.0200599 seconds
Start importing Packages/com.unity.render-pipelines.universal/Textures/BlueNoise256/LDR_LLL1_4.png using Guid(e32226222ff144b24bf3a5a451de54bc) (TextureImporter) -> (artifact id: '281f26a80744f8efe24505defc893363') in 0.014378 seconds
Start importing Packages/com.unity.render-pipelines.universal/Textures/BlueNoise64/L/LDR_LLL1_0.png using Guid(e3d24661c1e055f45a7560c033dbb837) (TextureImporter) -> (artifact id: '5f9965629beb0bc75717e94e8c7c2165') in 0.0291782 seconds
Start importing Packages/com.unity.render-pipelines.universal/Editor/SceneTemplates/Indoors/ReflectionProbe-0.exr using Guid(e375ace14cc3b5b448ca85ba2455930c) (TextureImporter)Starting cubemap convolution for '' (size 128)
...took 0.077 seconds
 -> (artifact id: '0f2cc96a88e06e2e06c97480307d51fa') in 3.3888485 seconds
Start importing Packages/com.unity.render-pipelines.universal/Editor/Gizmos/Camera_UI.png using Guid(e3c6759aa8004ae458959d7fe48d6a74) (TextureImporter) -> (artifact id: '6abb1c22334d81c56f7aef01090eb3d3') in 0.038554 seconds
Start importing Packages/com.unity.xr.arfoundation/Editor/Icons/ViewEnvironment@2x.png using Guid(e36b1a9f22adf014b86cc28756509ecb) (TextureImporter) -> (artifact id: '5942f90f4f124224362790c0f76d5243') in 0.0183934 seconds
Start importing Packages/com.unity.xr.arfoundation/Editor/Icons/NoViewEnvironment.png using Guid(e35cc332c6211ec449f15ac0cb835f78) (TextureImporter) -> (artifact id: '232d220b70447b63996754efd1327a09') in 0.0197885 seconds
Start importing Packages/com.unity.searcher/Editor/Resources/FlatSkin/SearchSmallDownOn.png using Guid(f353e9d22eb9164499dd70cb41b00244) (TextureImporter) -> (artifact id: 'ef3a40efa74fa0c92ff764e39c8f1c6a') in 0.011535 seconds
Start importing Assets/Samples/XR Interaction Toolkit/3.5.1/Starter Assets/DemoAssets/Textures/Concrete_Metallic.tif using Guid(f3fb518ec70eb4047b1c6ec34933fbce) (TextureImporter) -> (artifact id: '2663e8e5eb19ceeed571588c56a29f5a') in 0.4602211 seconds
Start importing Packages/com.unity.render-pipelines.core/Editor/LookDev/Icons/LayoutHorizontal@2x.png using Guid(f3fe1e478135ed34db9a1f6707f52c6a) (TextureImporter) -> (artifact id: 'f3a9f9d8a08476fe20f95cc1f0d2bb6c') in 0.0274422 seconds
Start importing Packages/com.unity.multiplayer.center/Editor/MultiplayerCenterWindow/UI/Icons/PackageInstalled@2x.png using Guid(0423146d9f51c4563a0f2a8200b6cd38) (TextureImporter) -> (artifact id: 'f526d7eea16ac6a07d0f88de121bc381') in 0.0209044 seconds
Start importing Packages/com.unity.render-pipelines.core/Editor/Lighting/Icons/LightUnitIcons/d_IntenseAreaLight@2x.png using Guid(0493fb4c3bbfd6a4396f7f221b5ce034) (TextureImporter) -> (artifact id: '369224fccb9286941a9fa32d5015e23c') in 0.017549 seconds
Start importing Packages/com.unity.render-pipelines.core/Editor/Lighting/Icons/LightUnitIcons/BrightSky@2x.png using Guid(04c70b69874deb746a4c63f1a29f7715) (TextureImporter) -> (artifact id: '82e6f9f23c6f217c5bc1c23e1b69469f') in 0.0234365 seconds
Start importing Packages/com.unity.render-pipelines.core/Editor/LookDev/Icons/Remove@2x.png using Guid(049c8a7821177594692244298d82e4af) (TextureImporter) -> (artifact id: '309bc3bc9587d69f75811317e08172c4') in 0.0194761 seconds
Start importing Packages/com.unity.render-pipelines.universal/Textures/BlueNoise16/L/LDR_LLL1_17.png using Guid(14381521ff11cb74abe3fe65401c23be) (TextureImporter) -> (artifact id: '03b0d2d724166ac3ea4b3033d097372f') in 0.0101159 seconds
Start importing Packages/com.unity.render-pipelines.universal/Editor/Gizmos/Camera_Base.png using Guid(24b1fe14c2b41d6489a7e7819483df6b) (TextureImporter) -> (artifact id: 'f6df3c72ef833e5045f6af2db45de8fc') in 0.0412782 seconds
Start importing Packages/com.unity.learn.iet-framework/Editor/UI/Images/Icons/IconLink.png using Guid(34f8353def45a477789cf4128242e8ea) (TextureImporter) -> (artifact id: 'a9c68961585629df9bc20583280c2eef') in 0.0273342 seconds
Start importing Packages/com.unity.inputsystem/InputSystem/Editor/Icons/d_Axis.png using Guid(34f9452ba2ee14c0b9c976800caef571) (TextureImporter) -> (artifact id: '1bb45b38c4097e6b09dac82e5bd69c10') in 0.0263816 seconds
Start importing Packages/com.unity.ugui/Editor Resources/Textures/btn_AlignRight.psd using Guid(342a0f8aca7f4f0691338912faec0494) (TextureImporter) -> (artifact id: '734894ca90b33bfe40654c412ff257a2') in 0.0198625 seconds
Start importing Packages/com.unity.render-pipelines.core/Editor/Lighting/Icons/d_LightPlacement_Icon On@256.png using Guid(4439e27e7ae7188468effbc23418e0e1) (TextureImporter) -> (artifact id: '6180c846d0e3648fb46081511b1d7afd') in 0.0609098 seconds
Start importing Packages/com.unity.inputsystem/InputSystem/Editor/Icons/d_Interactive Binding@3x.png using Guid(542599ad529004327a7b18f7b2a4aeb8) (TextureImporter) -> (artifact id: '900b1e2f0ca384a89e4efa31d3e266ce') in 0.0293904 seconds
Start importing Packages/com.unity.learn.iet-framework/Editor/UI/Images/Icons/AssetTypes/d_TutorialStyles.png using Guid(545b8b6317ade42c7869cdd09dfef0e9) (TextureImporter) -> (artifact id: 'd4f5773e0bbb1947c8a1b813460e15d1') in 0.0400294 seconds
Start importing Packages/com.unity.ugui/Editor Resources/Textures/btn_AlignFlush_Light.psd using Guid(64b9fad609434c489c32b1cdf2004a1c) (TextureImporter) -> (artifact id: 'e2836aa424b8fdee26b161dd18a93e40') in 0.0236975 seconds
Start importing Packages/com.unity.xr.arfoundation/Editor/Icons/d_ArrowCaretRight.png using Guid(74a4a74438cd46a4f816b9f34fe1e709) (TextureImporter) -> (artifact id: '226edd78285ece454368e3318ca31716') in 0.0286427 seconds
Start importing Packages/com.unity.multiplayer.center/Editor/MultiplayerCenterWindow/UI/Icons/d_Questionnaire.png using Guid(741761e72e6f24446bd8ba03ea3d0261) (TextureImporter) -> (artifact id: 'd2dcce46fcada1be510d240eba17f5aa') in 0.0258268 seconds
Start importing Packages/com.unity.multiplayer.center/Editor/MultiplayerCenterWindow/UI/Icons/EmptyViewIcon.png using Guid(84e4bbd00035e4671bf14e0380a89001) (TextureImporter) -> (artifact id: 'a7ec3e586d24bb120c6d75641723f624') in 0.0283829 seconds
Start importing Packages/com.unity.render-pipelines.core/Editor/Lighting/Icons/PresetFill_Left.png using Guid(84767f608f72f5a4090837fc328dd75f) (TextureImporter) -> (artifact id: 'b9056b944f6d3bca84675e504ad8e7a6') in 0.0223516 seconds
Start importing Packages/com.unity.render-pipelines.core/Editor/LookDev/Icons/d_LeftArrow.png using Guid(84189b4c7caeef3419b6b031b8812685) (TextureImporter) -> (artifact id: 'fb9b59681117658299a036dd9d41643d') in 0.0246126 seconds
Start importing Packages/com.unity.render-pipelines.universal/Editor/ShaderGraph/GraphTemplates/FullscreenBasicTemplateThumbnail.png using Guid(9410f8b043e30fe4da99295d950c470f) (TextureImporter) -> (artifact id: 'b08b4d62104bf8b9fa718b2b699f8485') in 0.2541983 seconds
Start importing Packages/com.unity.multiplayer.center/Editor/MultiplayerCenterWindow/UI/Icons/PackageManager@2x.png using Guid(9431e8221045c4af189b2fa7174b9e9f) (TextureImporter) -> (artifact id: '2bdef4d2cad76c6d2cb8441799d8e7c1') in 0.0225469 seconds
Start importing Packages/com.unity.shadergraph/Editor/Resources/GraphView/Nodes/NodeChevronUp@2x.png using Guid(94c5e3f4e8affed4285a0c674a431b9e) (TextureImporter) -> (artifact id: 'e4f287021bf9039625b11555e950e14e') in 0.0127668 seconds
Start importing Packages/com.unity.render-pipelines.core/Editor/Lighting/Icons/LightUnitIcons/d_SoftAreaLight.png using Guid(940a20d919196f1408474a7b7057f4b9) (TextureImporter) -> (artifact id: 'c84ecfc03ef79db274f18b5dea9bd2f6') in 0.0189136 seconds
Start importing Packages/com.unity.inputsystem/InputSystem/Editor/Icons/d_Touch.png using Guid(94fa2e214a138425e8afbbe1329e0b55) (TextureImporter) -> (artifact id: '6b3d027112d9bdfca6acd57e06ce24d8') in 0.0179825 seconds
Start importing Packages/com.unity.render-pipelines.core/Editor/LookDev/Icons/d_Link.png using Guid(94ec4fdf9502c3747b5c0754ca18919e) (TextureImporter) -> (artifact id: 'a3e8f67470b41d4329755896195cff62') in 0.0203037 seconds
Start importing Packages/com.unity.inputsystem/InputSystem/Editor/AssetEditor/PackageResources/pro/actionTreeBackgroundWithoutBorder.png using Guid(943deaaee9c9347e0a455aa208526c42) (TextureImporter) -> (artifact id: 'bd371f757e7bc29edd9c629fd3bf6393') in 0.0219298 seconds
Start importing Packages/com.unity.inputsystem/InputSystem/Editor/Icons/Joystick@3x.png using Guid(a4610f64a5a4e4625b1ddbd44b04c5a6) (TextureImporter) -> (artifact id: '85fe1fd3a0918e79c2ed5b3ce3133eac') in 0.0177219 seconds
Start importing Packages/com.unity.render-pipelines.core/Editor/LookDev/Icons/d_Environment@2x.png using Guid(a4638c6b8e07c0b49822ed7a91a96d0a) (TextureImporter) -> (artifact id: '80489addf4067d61e1157a41a008bb21') in 0.0190683 seconds
Start importing Packages/com.unity.inputsystem/InputSystem/Editor/Icons/TrackedPoseDriver.png using Guid(a4d5a38cb01e9c54aa75431f797059cb) (TextureImporter) -> (artifact id: '4ce8f60414d1d2ea908b6d4e1eb9d397') in 0.0211288 seconds
Start importing Packages/com.unity.inputsystem/InputSystem/Editor/Icons/d_Add Binding.png using Guid(a4bbff684804d4c84b61cd0256cd2360) (TextureImporter) -> (artifact id: '9ac495b42c8bfe980f01b977eceab7eb') in 0.0172861 seconds
Start importing Packages/com.unity.inputsystem/InputSystem/Editor/Icons/Position@3x.png using Guid(a43c2c10c85c448b584c8f2840f86915) (TextureImporter) -> (artifact id: 'c65d04fae7de7aaf72a7cfd3970a417a') in 0.0166429 seconds
Start importing Packages/com.unity.inputsystem/InputSystem/Editor/Icons/Stick@3x.png using Guid(a4deca3e01bf64bfc9136f4cb3b41c9f) (TextureImporter) -> (artifact id: 'e0cf6753453862eefd0248e1753c47f1') in 0.0151286 seconds
Start importing Packages/com.unity.render-pipelines.core/Editor/Resources/Gizmos/ProbeVolume.png using Guid(a4aff83690b661e4fab719effabef2a9) (TextureImporter) -> (artifact id: 'c0e72111dbe1d6269cdfae964c0683fb') in 0.0527223 seconds
Start importing Packages/com.unity.render-pipelines.universal/Textures/FilmGrain/Medium06.png using Guid(b4db8180660810945bf8d55ab44352ad) (TextureImporter) -> (artifact id: '54a76bf5f68d98d02765613cc2b9bef2') in 0.0147116 seconds
Start importing Packages/com.unity.render-pipelines.universal/Editor/2D/Resources/LightCapTopRight.png using Guid(b42c95bdd7efefc43900dbbedc4a39f8) (TextureImporter) -> (artifact id: '300cf642c8a93dab7966998e19790eb9') in 0.0131057 seconds
Start importing Packages/com.unity.inputsystem/InputSystem/Editor/Icons/d_InputControl@2x.png using Guid(c4235c4abfa134435bd4c8c1f8fd8c56) (TextureImporter) -> (artifact id: 'd89414f18e11812d6a5baf534494d17c') in 0.0195676 seconds
Start importing Packages/com.unity.inputsystem/InputSystem/Editor/AssetEditor/PackageResources/pro/actionTreeBackground.png using Guid(c4b66e31395c54087a2fbc13ae7e0f3c) (TextureImporter) -> (artifact id: 'ee355de679e7baed3ce86a7efa691d41') in 0.0172536 seconds
Start importing Packages/com.unity.inputsystem/InputSystem/Editor/Icons/ChevronUp@4x.png using Guid(c4f7551c56dfb47a7a105b6579646d2f) (TextureImporter) -> (artifact id: '15599012807afa20a7b0d24e73b6f0cd') in 0.0115823 seconds
Start importing Packages/com.unity.render-pipelines.core/Editor/Lighting/Icons/d_LightPlacement_Icon@32.png using Guid(c4f74ec1885109d438846c229989bcf9) (TextureImporter) -> (artifact id: '73b8c164bf9750417ac0f050c4677eb6') in 0.0204987 seconds
Start importing Packages/com.unity.render-pipelines.universal/Textures/BlueNoise16/L/LDR_LLL1_19.png using Guid(d4044ea2490d63b43aa1765f8efbf8a9) (TextureImporter) -> (artifact id: 'cb9149bf83c91fc823030f9cbcef2a10') in 0.0078974 seconds
Start importing Packages/com.unity.render-pipelines.core/Editor/Icons/MipLevels/VolumeProfile@32.png using Guid(d437cf5f006f8e74eb25c84d04daa681) (TextureImporter) -> (artifact id: 'c6b8362fb9ec4b9817f01e58621eccb4') in 0.013036 seconds
Start importing Packages/com.unity.learn.iet-framework/Editor/UI/Images/Tutorials/Headers/HeaderPlay.png using Guid(d4dab764bb81e44bd9443cdee2776015) (TextureImporter) -> (artifact id: '9d753a2776841e9f90b2a05e09708c27') in 0.0258428 seconds
Start importing Packages/com.unity.render-pipelines.core/Runtime/Debugging/Prefabs/Textures/UIElement8px.png using Guid(d49e78756811bfa4aafb8b6535417991) (TextureImporter) -> (artifact id: 'd55ef867142630bda5e4ff2d9e64a2a3') in 0.0453113 seconds
Start importing Assets/MobileARTemplateAssets/UI/Sprites/ActivationButtonOpaque.png using Guid(d4af31c9cd405426488b1eaf34c38a9e) (TextureImporter) -> (artifact id: 'aa43a1030e33c8fabb709b5e308df269') in 0.0483986 seconds
Start importing Packages/com.unity.render-pipelines.core/Editor/Lighting/Icons/LightUnitIcons/IntenseAreaLight.png using Guid(d4df75c76c1661847b6902f889b44bcb) (TextureImporter) -> (artifact id: 'aaa9acf468b6082a3732b5090891852b') in 0.0220214 seconds
Start importing Packages/com.unity.render-pipelines.core/Editor/Lighting/Icons/LightUnitIcons/d_VeryBrightSun@2x.png using Guid(e4e685bec200b3c45a29e88e2eeb8ddb) (TextureImporter) -> (artifact id: 'e782e7de1b40173c9b59a13c2a6ce679') in 0.0247532 seconds
Start importing Packages/com.unity.inputsystem/InputSystem/Editor/Icons/d_ChevronUp@4x.png using Guid(e46ad23216d074f828f3437b21912c64) (TextureImporter) -> (artifact id: '4115d72494f2446366ecfa5846df101b') in 0.0165848 seconds
Start importing Packages/com.unity.xr.arfoundation/Editor/Icons/ViewEnvironment.png using Guid(e42d949d3f5591c48a800d05c708e4d3) (TextureImporter) -> (artifact id: '86b06a12bb86844bed5563ff98e1dd9b') in 0.0200229 seconds
Start importing Assets/Samples/XR Interaction Toolkit/3.5.1/Starter Assets/DemoAssets/Sprites/Circle_60x60_Horizontal.png using Guid(e45f8f823c093d941855bb23b53b9414) (TextureImporter) -> (artifact id: '665e066acb7f06b6044d49ff14cce152') in 0.0510492 seconds
Start importing Packages/com.unity.inputsystem/InputSystem/Editor/Icons/d_Interactive Binding@4x.png using Guid(f4e6ca70dd9734da1a812be882c6364e) (TextureImporter) -> (artifact id: '87b80f19705889518c936807b7ec08bf') in 0.021153 seconds
Start importing Packages/com.unity.render-pipelines.universal/Editor/2D/Resources/LightCapTopLeft.png using Guid(f4f779c88fa8c514d970afbd68ff6b3f) (TextureImporter) -> (artifact id: 'c83ccde15b8d682dfab6f37f8532ae97') in 0.0140819 seconds
Start importing Packages/com.unity.learn.iet-framework/Editor/UI/Images/Icons/AssetTypes/d_TutorialSettings.png using Guid(f41e68d7d0bd546ffaf0e731346e60c2) (TextureImporter) -> (artifact id: 'aa68054f6a1fe937e4362d07110d3eec') in 0.0426482 seconds
Start importing Packages/com.unity.learn.iet-framework/Editor/UI/Images/Icons/AssetTypes/d_WelcomePage.png using Guid(f42f0352812eb4b8fa1fcab4814f484a) (TextureImporter) -> (artifact id: '4b632bbc4bc2324ab824b14472d7bce1') in 0.0402984 seconds
Start importing Packages/com.unity.render-pipelines.core/Editor/Lighting/Icons/DownSnatch.png using Guid(f4efccbcc00042141b8f7f63392439b5) (TextureImporter) -> (artifact id: '2f97083ee43272821d39fe82c18b0cbe') in 0.0202432 seconds
Start importing Packages/com.unity.learn.iet-framework/Editor/UI/Images/Icons/Back@2x.png using Guid(05d8f4337a726d042a80a8ed72e2cd35) (TextureImporter) -> (artifact id: 'fd5eafe4c2c662387c77afc8701c18c6') in 0.0311094 seconds
Start importing Packages/com.unity.inputsystem/InputSystem/Editor/Icons/Mouse@3x.png using Guid(05bbafd21bf3c4cca93cb8ddfbbd4070) (TextureImporter) -> (artifact id: 'c75966d3c674998d57b8edfa08305fbe') in 0.0221419 seconds
Start importing Packages/com.unity.inputsystem/InputSystem/Editor/Icons/ChevronDown@2x.png using Guid(153c8e15f7f6c452ca50f6795813ed39) (TextureImporter) -> (artifact id: '54f102ec0fc692ed11667b0d18832501') in 0.0133414 seconds
Start importing Packages/com.unity.inputsystem/InputSystem/Editor/Icons/d_Position@2x.png using Guid(2552e303d22424da2ad62552efbd06e8) (TextureImporter) -> (artifact id: 'a4adb216bef9d7bd698949beabf3ec3e') in 0.0192357 seconds
Start importing Packages/com.unity.learn.iet-framework/Editor/UI/Images/Icons/Authoring/Autocomplete.png using Guid(250a228068a094627aceaf4fae5ef032) (TextureImporter) -> (artifact id: '62870310026049f76c0fb28933e111a5') in 0.0235709 seconds
Start importing Packages/com.unity.learn.iet-framework/Editor/UI/Images/Icons/Back.png using Guid(351201bc69c64cb408fc099cb51d51e1) (TextureImporter) -> (artifact id: '89a31db6786ca82d7c8d1d4dd6160a69') in 0.0182584 seconds
Start importing Packages/com.unity.render-pipelines.core/Editor/Icons/RenderGraphViewer/FramebufferFetch@2x.png using Guid(35a75acf988224d4da424a5a42cdaaf9) (TextureImporter) -> (artifact id: 'f97bd177a752718034e6c2740a434133') in 0.0214215 seconds
Start importing Packages/com.unity.render-pipelines.core/Editor/LookDev/Icons/Layout2@2x.png using Guid(356caeb1305bf794e94ecd5161f8e6e3) (TextureImporter) -> (artifact id: 'eb1da669b5e38040f7de17e1a802fd77') in 0.0215718 seconds
Start importing Packages/com.unity.render-pipelines.core/Editor/LookDev/Icons/Duplicate.png using Guid(352dd7fc77ee28c479bf6504efe94f16) (TextureImporter) -> (artifact id: '97e6e1c1179e67e5e74bf766606c0967') in 0.0216617 seconds
Start importing Packages/com.unity.learn.iet-framework/Editor/UI/Images/Icons/AssetTypes/MaskingPreset On.png using Guid(356e28397c81f491aa9089daa985d526) (TextureImporter) -> (artifact id: 'aca408e5144c20e9af5ad043c79e9c07') in 0.038075 seconds
Start importing Assets/MobileARTemplateAssets/UI/Sprites/Icon-Surface.png using Guid(352fdbaa1c67149599d5f4976e8ea978) (TextureImporter) -> (artifact id: '96e8e0605b6a15b99589a9117da3b7d2') in 0.0494448 seconds
Start importing Packages/com.unity.ugui/Editor Resources/Textures/btn_AlignCenterGeo_Light.psd using Guid(35ff0937876540d3bd4b6a941df62a92) (TextureImporter) -> (artifact id: '3833994e5fd35eb47417c30739852997') in 0.0131607 seconds
Start importing Packages/com.unity.render-pipelines.core/Editor/LookDev/Icons/Link.png using Guid(45751a4124f67c443bf96ed1df7c550b) (TextureImporter) -> (artifact id: '12b4c00db61404a0cd60233cf926578a') in 0.0182123 seconds
Start importing Packages/com.unity.inputsystem/InputSystem/Editor/Icons/d_Stick.png using Guid(55040e210fa9b426b861a26909ab4de7) (TextureImporter) -> (artifact id: 'cb9808f4e792853dd08aa2d9c2c900a3') in 0.0176306 seconds
Start importing Packages/com.unity.render-pipelines.universal/Textures/FilmGrain/Thin01.png using Guid(654c582f7f8a5a14dbd7d119cbde215d) (TextureImporter) -> (artifact id: 'c5cb5817320ebe85fbd49940c377ce35') in 0.0150314 seconds
Start importing Packages/com.unity.inputsystem/InputSystem/Editor/Icons/Gamepad@4x.png using Guid(7543bb6341c2140f292c8c852e7a3bbf) (TextureImporter) -> (artifact id: '79fe5bc973eae636a75f828461c4d42f') in 0.0289892 seconds
Start importing Assets/Samples/XR Interaction Toolkit/3.5.1/Starter Assets/Textures/DefaultMaterial_AO.png using Guid(85e675893a909864d9c237e20202651b) (TextureImporter) -> (artifact id: 'fd8f3693009683e00e48ef9924cdefa7') in 1.3919304 seconds
Start importing Assets/Samples/XR Interaction Toolkit/3.5.1/AR Starter Assets/DemoAssets/Sprites/Icon - Delete.png using Guid(85f8bee1bf27748239fb5488c40a5e4c) (TextureImporter) -> (artifact id: 'c589c699bb0128ca3f065e461a7b4509') in 0.0363998 seconds
Start importing Packages/com.unity.render-pipelines.core/Editor/LookDev/Icons/LookDev.png using Guid(85099cb723efe4444a23b08281d721c2) (TextureImporter) -> (artifact id: '62788463c5fac5a15c1f0bb7a143ec74') in 0.015396 seconds
Start importing Packages/com.unity.shadergraph/Editor/Resources/GraphView/Nodes/NodeChevronRight.png using Guid(951848ba8b6205940a9bd1b8fdd4d796) (TextureImporter) -> (artifact id: '73ace5d9fa85b2afeaee1161098020d4') in 0.0124566 seconds
Start importing Packages/com.unity.inputsystem/InputSystem/Editor/Icons/Add Binding.png using Guid(958a10dec4f3a4764bb345b0aa03510b) (TextureImporter) -> (artifact id: '5f0ecbc24bfd0ee3253c6cc115f4f78f') in 0.0171947 seconds
Start importing Packages/com.unity.shadergraph/Editor/Resources/Icons/blackboard.png using Guid(954de74b6fa234cfbb474898019e0acf) (TextureImporter) -> (artifact id: '79694d5cd562b19b3dea2671e90bc0e3') in 0.0139499 seconds
Start importing Packages/com.unity.render-pipelines.core/Editor/Lighting/Icons/LightUnitIcons/d_BrightSky.png using Guid(a543c2d2147884347a1846e862efa72f) (TextureImporter) -> (artifact id: '8de058a8672dcc9e36efdfc752b250ef') in 0.0264763 seconds
Start importing Packages/com.unity.render-pipelines.core/Editor/LookDev/Icons/Remove.png using Guid(a5c48bfebeb031a4b8d66da4be0e27b9) (TextureImporter) -> (artifact id: '1057c73245c3ff28d84ca351ddd5b279') in 0.0169091 seconds
Start importing Packages/com.unity.render-pipelines.universal/Editor/2D/Resources/LightCapUp.png using Guid(a58fea03b14b2be4295b11f21a57a6f7) (TextureImporter) -> (artifact id: '52bf4242d70b4148227766e04320b9a7') in 0.0089755 seconds
Start importing Packages/com.unity.render-pipelines.core/Editor/Lighting/Icons/LightUnitIcons/d_InteriorLight.png using Guid(b5a2e773c2799aa42a4e99429158896e) (TextureImporter) -> (artifact id: '713e6ca822898ab28f096b78cf741a52') in 0.0184097 seconds
Start importing Packages/com.unity.multiplayer.center/Editor/MultiplayerCenterWindow/UI/Icons/NoNetcode@2x.png using Guid(b58a826ca804e4c67bab4283ad5a6102) (TextureImporter) -> (artifact id: '4da75d8c0789e4aa4e16ebdb6660d729') in 0.0200598 seconds
Start importing Packages/com.unity.searcher/Editor/Resources/FlatSkin/SearchSmallDownOn@2x.png using Guid(c5b36095078d8694ba9e3ae3fd867b2e) (TextureImporter) -> (artifact id: 'cde8e9cd88e16f18490deb72704acec7') in 0.0096751 seconds
Start importing Assets/MobileARTemplateAssets/UI/Sprites/Icon-Cube_Mask.png using Guid(c5569763ab98341e98527947a9a50f49) (TextureImporter) -> (artifact id: '18d540ad0ebd10cb1bd482c626c77e0c') in 0.0480671 seconds
Start importing Packages/com.unity.xr.arfoundation/Editor/Icons/d_ViewEnvironment@2x.png using Guid(c5e76041ab3100f488b9e8122b0d7bff) (TextureImporter) -> (artifact id: 'e0ed6aee913f357241fe165193a52ec1') in 0.0193891 seconds
Start importing Packages/com.unity.render-pipelines.core/Editor/Lighting/Icons/HorizontalGradient.png using Guid(c56daa0c35d8542449aea902efda87ce) (TextureImporter) -> (artifact id: '8a671a86a7e4c4cf2623b98a8cf855b2') in 0.0326396 seconds
Start importing Assets/Samples/XR Interaction Toolkit/3.5.1/AR Starter Assets/DemoAssets/Sprites/Button - Rounded Highlight.png using Guid(c5adfe294554543868fc7cf60dded650) (TextureImporter) -> (artifact id: '830da7618c81f7a8132ffb71940d5642') in 0.0345748 seconds
Start importing Packages/com.unity.inputsystem/InputSystem/Editor/Icons/d_Position.png using Guid(c5bdeae4dabac4bf19f7a1afcf5ca678) (TextureImporter) -> (artifact id: 'baa858d35b7d1281d87472fce8006ddd') in 0.0200811 seconds
Start importing Packages/com.unity.xr.arfoundation/Assets/Textures/SlideToggleBackground@4x.png using Guid(c5ef8db4d37ba4c0fb5e17dbb0e044ba) (TextureImporter) -> (artifact id: 'd48bec172f4e6eac194b0c4a59c9a455') in 0.0267424 seconds
Start importing Packages/com.unity.render-pipelines.universal/Textures/BlueNoise16/L/LDR_LLL1_13.png using Guid(d512512f4af60a442ab3458489412954) (TextureImporter) -> (artifact id: 'f03339bb5658c822d2695822241b1d6b') in 0.008097 seconds
Start importing Packages/com.unity.render-pipelines.universal/Textures/BlueNoise16/L/LDR_LLL1_21.png using Guid(d5c9b274310e5524ebe32a4e4da3df1f) (TextureImporter) -> (artifact id: '8f3ab61a9839600a128beaa29be022c5') in 0.0133398 seconds
Start importing Packages/com.unity.render-pipelines.core/Editor/Lighting/Icons/LightUnitIcons/d_MoonlessNight@2x.png using Guid(d56ac7ee03f65c7408f8f3d5aeecdb86) (TextureImporter) -> (artifact id: '1e6084abeb428cef0298dfaed2814e52') in 0.0267315 seconds
Start importing Packages/com.unity.render-pipelines.universal/Textures/BlueNoise16/L/LDR_LLL1_1.png using Guid(d50c5e07c9911a74982bddf7f3075e7b) (TextureImporter) -> (artifact id: '7c145472d457bbc279c2f9d237fd47c6') in 0.0149079 seconds
Start importing Packages/com.unity.shadergraph/Editor/Resources/GraphView/Nodes/UITKShaderPreview-Texture.png using Guid(e5c0078b94743b5468d137f0728f414e) (TextureImporter) -> (artifact id: 'dece7d95eafb774fe6bc5801e5c05c50') in 0.1883771 seconds
Start importing Packages/com.unity.render-pipelines.core/Editor/Lighting/Icons/d_LightPlacement_Icon On@2x.png using Guid(e59f66416f4ecf3429053a0274b589a0) (TextureImporter) -> (artifact id: '01952205d54de98d0448551843d618d4') in 0.0267342 seconds
Start importing Packages/com.unity.render-pipelines.core/Editor/Lighting/Icons/LightUnitIcons/d_Moonlight@2x.png using Guid(f520337c0c5dde34fa2d4207d953a31f) (TextureImporter) -> (artifact id: '0bb25326b66201336930b100cefd0487') in 0.0240023 seconds
Start importing Packages/com.unity.render-pipelines.core/Editor/Lighting/Icons/d_LightPlacement_Icon On@32.png using Guid(f5d08e5c109deb84a9fcf7b2365cb537) (TextureImporter) -> (artifact id: '7db110eb6fc3759eecefc4fdfac36845') in 0.0184762 seconds
Start importing Packages/com.unity.render-pipelines.core/Editor/Lighting/Icons/LightUnitIcons/MoonlessNight.png using Guid(f50a266376427a041b4e1b629d07611d) (TextureImporter) -> (artifact id: '77e7a00391dfb8eeb9d1a4a5a5c81311') in 0.0242777 seconds
Start importing Packages/com.unity.inputsystem/InputSystem/Editor/Icons/Joystick@4x.png using Guid(f58c918f135bd4b8abe5fdb06bda7f4d) (TextureImporter) -> (artifact id: '35d684c733305fc2c181490c7540910a') in 0.0338585 seconds
Start importing Packages/com.unity.inputsystem/InputSystem/Editor/Icons/Stick@4x.png using Guid(f5ace3d653812436a812bebfe7f9a242) (TextureImporter) -> (artifact id: '600a4aacb01f9b235cb16913cde075a5') in 0.0220388 seconds
Start importing Packages/com.unity.render-pipelines.core/Editor/LookDev/Icons/d_LookDev.png using Guid(0615fe8910911be4299d5604a54db99a) (TextureImporter) -> (artifact id: '295fc1cc27f9c4f860484127c5f6daf4') in 0.0162183 seconds
Start importing Packages/com.unity.ugui/Editor Resources/Textures/btn_AlignMiddle_Light.psd using Guid(066619c9c9c84f89acb1b48c11a7efe2) (TextureImporter) -> (artifact id: '4bb2fed00aa54af54c2756f02b407435') in 0.0105969 seconds
Start importing Packages/com.unity.xr.arfoundation/Editor/Icons/XREnvironment@2x.png using Guid(061c539269d9b0146a75b5ea86f94dd5) (TextureImporter) -> (artifact id: '8740a8070f03ff561c018a9c5b8acde2') in 0.021934 seconds
Start importing Packages/com.unity.learn.iet-framework/Editor/UI/Images/Icons/Authoring/d_RunStartupCode.png using Guid(06bc3c77462aa43edbcb34a18669c4da) (TextureImporter) -> (artifact id: '4fbc3756541b15904b43bd3843312e71') in 0.0214771 seconds
Start importing Packages/com.unity.inputsystem/InputSystem/Editor/Icons/d_ChevronDown.png using Guid(06ad495fb07444736b59782982d96250) (TextureImporter) -> (artifact id: '90a37dc1db1c7a107b0adb3681f165e2') in 0.0184502 seconds
Start importing Packages/com.unity.render-pipelines.core/Editor/LookDev/Icons/d_Add.png using Guid(160b197aba549514286b94426ceae589) (TextureImporter) -> (artifact id: '8a0fe80a34bd47ef46911019845f2ffc') in 0.0196773 seconds
Start importing Packages/com.unity.render-pipelines.universal/Textures/DebugFont.tga using Guid(26a413214480ef144b2915d6ff4d0beb) (TextureImporter) -> (artifact id: '4237491b0f0257f007e909a263335fdd') in 0.0216626 seconds
Start importing Packages/com.unity.learn.iet-framework/Editor/UI/CustomControls/VideoPlayer/HighResPlay.png using Guid(26d95cbeb006346bdaa93da38ff477f9) (TextureImporter) -> (artifact id: '52c8573ba00ec0e0c2a799b8656308df') in 0.0373843 seconds
Start importing Packages/com.unity.inputsystem/InputSystem/Editor/Icons/d_Mouse.png using Guid(264ffc05d7d2841d5a6065854b6282ca) (TextureImporter) -> (artifact id: '8d0a622b0c1a2f042ef1e2f4f88b9edb') in 0.0181906 seconds
Start importing Packages/com.unity.render-pipelines.universal/Textures/BlueNoise256/LDR_LLL1_0.png using Guid(36f118343fc974119bee3d09e2111500) (TextureImporter) -> (artifact id: '66babe445b01e8a79c2d913c3df06341') in 0.0098244 seconds
Start importing Packages/com.unity.multiplayer.center/Editor/MultiplayerCenterWindow/UI/Icons/PackageInstalled.png using Guid(4616b2fa4acd1429e931835b80966c2a) (TextureImporter) -> (artifact id: 'ddf85042abf824eb1b56f46f4b5e02e9') in 0.0207677 seconds
Start importing Assets/Samples/XR Interaction Toolkit/3.5.1/AR Starter Assets/DemoAssets/Sprites/Button - Rounded Square BG.png using Guid(46da8634de2114354be217373280f00a) (TextureImporter) -> (artifact id: '3e180203ffab7b42d10d08ce73cf76c5') in 0.0294849 seconds
Start importing Packages/com.unity.shadergraph/Editor/Resources/GraphView/Nodes/BlackboardFieldPillBackground.png using Guid(56603bbe7a2b54640bbd90104bea4981) (TextureImporter) -> (artifact id: '0ae47bf7f494d6acade8e0412ec9ea50') in 0.0093282 seconds
Start importing Packages/com.unity.render-pipelines.core/Editor/LookDev/Icons/d_Camera1.png using Guid(56c35c86bb44b0e4e84a22db56968157) (TextureImporter) -> (artifact id: 'cd275cab71dccacbd2743c763008af0a') in 0.0258615 seconds
Start importing Packages/com.unity.inputsystem/InputSystem/Editor/Icons/Position.png using Guid(5684eb521fa99491e9061de682d1622e) (TextureImporter) -> (artifact id: 'ca75d8f1f7e734fa796036eec8588d72') in 0.0181182 seconds
Start importing Packages/com.unity.shadergraph/GraphTemplates/Cross Pipeline/DecalMatProjTemplateThumbnail.png using Guid(5616b96dbeb625c498fdfe9517c1552b) (TextureImporter) -> (artifact id: '34792846aa04bb8f9a6a439d214122f9') in 0.2208009 seconds
Start importing Packages/com.unity.render-pipelines.universal/Textures/BlueNoise256/LDR_LLL1_6.png using Guid(56a77a3e8d64f47b6afe9e3c95cb57d5) (TextureImporter) -> (artifact id: '1ecba8ba1f97a3636b76a0a607763403') in 0.0108375 seconds
Start importing Packages/com.unity.render-pipelines.universal/Runtime/2D/Data/Textures/FalloffLookupTexture.png using Guid(5688ab254e4c0634f8d6c8e0792331ca) (TextureImporter) -> (artifact id: '48c334e829fc62d46686c80bfa668132') in 0.0157068 seconds
Start importing Packages/com.unity.shadergraph/Editor/Resources/Icons/SettingsIcons@2x.png using Guid(66e0f20149bec7a4eaee2f2d8aec158a) (TextureImporter) -> (artifact id: '1571d14ec3e71e3850335cf005750273') in 0.0110372 seconds
Start importing Packages/com.unity.testtools.codecoverage/Editor/Icons/d_FolderOpened.png using Guid(663a080499383ea4e9297061febf5ef7) (TextureImporter) -> (artifact id: '151111ed49829e69f9f8597152256e87') in 0.0096131 seconds
Start importing Packages/com.unity.render-pipelines.core/Editor/Lighting/Icons/LightUnitIcons/d_ClearSky.png using Guid(76c10465276fcb9498b1fd312e3f74ed) (TextureImporter) -> (artifact id: 'fb2e15cf308ae0425a3308d5e11bbeb8') in 0.0185172 seconds
Start importing Packages/com.unity.render-pipelines.core/Editor/Icons/MipLevels/d_RenderPipelineResources@256.png using Guid(76e81564bded5e442a18ce6964cdaef3) (TextureImporter) -> (artifact id: '47edc66aa00805bf7b6503bbe0886239') in 0.0163742 seconds
Start importing Packages/com.unity.inputsystem/InputSystem/Editor/Icons/d_Gamepad.png using Guid(76dc61ff6c2d84b24b0a2ce01dc2842d) (TextureImporter) -> (artifact id: '06ef91519beb3d474ba84b96e596c13c') in 0.0165647 seconds
Start importing Packages/com.unity.render-pipelines.core/Editor/Lighting/Icons/LightUnitIcons/d_DirectSunlight.png using Guid(76bf11a78c4428b4eb6b567a160a0c83) (TextureImporter) -> (artifact id: 'd11cd1000b4d64b63c72e969bde4016c') in 0.0171699 seconds
Start importing Packages/com.unity.testtools.codecoverage/Editor/Icons/d_CodeCoverage@2x.png using Guid(8616c9d86a8504a4b8b5c65bb6a5644f) (TextureImporter) -> (artifact id: 'bdbb8df6f69f12bfa1534e05d6969bc0') in 0.0119082 seconds
Start importing Packages/com.unity.inputsystem/InputSystem/Editor/Icons/Add Binding@4x.png using Guid(862c5ca31844d4a6d9aa804af982ce65) (TextureImporter) -> (artifact id: 'eb14cfc56c2034514c02886034fc6ab4') in 0.0147199 seconds
Start importing Packages/com.unity.render-pipelines.core/Editor/Lighting/Icons/LightUnitIcons/DirectSunlight.png using Guid(863ef838c25e51b4790fd6ac881ba895) (TextureImporter) -> (artifact id: 'e3f77be07bfc12c33d5bbb1ea1f759a0') in 0.0158093 seconds
Start importing Packages/com.unity.inputsystem/InputSystem/Editor/Icons/d_Pen@2x.png using Guid(96f7582a52a6843c09e0c71617e94f2d) (TextureImporter) -> (artifact id: '11f733d6443de12655e5de813ecceafb') in 0.0163411 seconds
Start importing Packages/com.unity.render-pipelines.universal/Textures/BlueNoise16/L/LDR_LLL1_10.png using Guid(96aaab9cc247d0b4c98132159688c1af) (TextureImporter) -> (artifact id: 'bb50443ef09eb94d81e8908c1b0b8bb3') in 0.0092028 seconds
Start importing Packages/com.unity.render-pipelines.core/Runtime/Debugging/Prefabs/Textures/UIFoldoutOpened.png using Guid(a674720496c1ed248a5b7ea3e22a11fd) (TextureImporter) -> (artifact id: '71bf78c02a504e92c18a2b081a5199cc') in 0.014397 seconds
Start importing Packages/com.unity.xr.arfoundation/Assets/Textures/Check@2x.png using Guid(a6f5907f7152f40fa8bc0819e54d4402) (TextureImporter) -> (artifact id: 'ae6c664080c8782361298df9e33009f2') in 0.0172661 seconds
Start importing Packages/com.unity.shadergraph/Editor/Resources/Icons/Settings_Flyout_9slice@2x.png using Guid(a6abafca3e442ca4d970a1f8a2c70b0a) (TextureImporter) -> (artifact id: 'cc1237ba3fbca0bf5e113c0662e1d0bb') in 0.0244492 seconds
Start importing Packages/com.unity.collections/Unity.Collections.PerformanceTests/PerformanceTestFrameworkOutputListAdd.png using Guid(a6ecd2aa79759e64ba59ab5f51d661ac) (TextureImporter) -> (artifact id: 'a3218e0803ae5dff56bfe10ec70525a2') in 0.1182864 seconds
Start importing Packages/com.unity.multiplayer.center/Editor/MultiplayerCenterWindow/UI/Icons/d_PackageManager@2x.png using Guid(a6fd0c627f5aa48fa81512221e70a11e) (TextureImporter) -> (artifact id: '956f0db5ae1d21cc1ad2e0d956819f81') in 0.0150112 seconds
Start importing Assets/MobileARTemplateAssets/UI/Sprites/Icon-Gesture_TouchHold.png using Guid(a61ed193c40b9419a9b1e338fcd54b7d) (TextureImporter) -> (artifact id: '9cbfc73c888936669633ece8736c190e') in 0.0431987 seconds
Start importing Packages/com.unity.render-pipelines.core/Editor/Icons/MipLevels/RenderPipelineResources@256.png using Guid(b645d34d84db58a45ac9775bb9a9bc48) (TextureImporter) -> (artifact id: '94710072ad3625282dba7eedb69600ba') in 0.0183319 seconds
Start importing Packages/com.unity.inputsystem/InputSystem/Editor/Icons/d_Dpad.png using Guid(b60b9eb0384c345c89435d0982a6e4fd) (TextureImporter) -> (artifact id: 'e232d047ff01d5ef40da2a6547f4e1e4') in 0.0141154 seconds
Start importing Packages/com.unity.xr.arfoundation/Editor/Icons/d_NoViewEnvironment@2x.png using Guid(c6efff08094402e42b11a435eb8dc38d) (TextureImporter) -> (artifact id: 'bd013128317094ba78bd56d67fb41e4a') in 0.0137218 seconds
Start importing Packages/com.unity.learn.iet-framework/Editor/UI/Images/Tutorials/Icons/Play.png using Guid(d602f4ca332f646ffb74764dda729b88) (TextureImporter) -> (artifact id: 'e155d9edb1882753454b750076abf3d9') in 0.0179937 seconds
Start importing Packages/com.unity.multiplayer.center/Editor/MultiplayerCenterWindow/UI/Icons/DistributedAuthority.png using Guid(d63245ece6d8f476c8c7ca24da9937f6) (TextureImporter) -> (artifact id: 'dd1dfc16b9bd6c9625848238cc649054') in 0.0209115 seconds
Start importing Packages/com.unity.learn.iet-framework/Editor/UI/Images/Icons/Authoring/d_MaskingOn.png using Guid(d65232727411b4121a2f234c575fcade) (TextureImporter) -> (artifact id: 'e66ce45d00e786a6a1fb1134202992a0') in 0.0176172 seconds
Start importing Packages/com.unity.learn.iet-framework/Editor/UI/Images/Icons/Localization@2x.png using Guid(d6a950b55021246639f5fb0a78f01005) (TextureImporter) -> (artifact id: '68dc99becbdd2849de26aa9916b8576f') in 0.0205031 seconds
Start importing Packages/com.unity.shadergraph/GraphTemplates/BuiltIn/BuiltInUnlitBasicTemplateThumbnail.png using Guid(e6831b07772f59844b5c282e8a4aa736) (TextureImporter) -> (artifact id: '67223bb2556e9d12495e844e88979ff5') in 0.21624 seconds
Start importing Packages/com.unity.render-pipelines.universal/Textures/BlueNoise16/L/LDR_LLL1_5.png using Guid(e63eef8f54aa9dc4da9a5ac094b503b5) (TextureImporter) -> (artifact id: 'ffee5fbeaf8dcecd7ee4b11cef359d1e') in 0.0086957 seconds
Start importing Packages/com.unity.mobile.android-logcat/Editor/Textures/PlayOff.png using Guid(e6de30868ce382b458a8f83852862929) (TextureImporter) -> (artifact id: 'cdc066e95718643c8c426eeaa250a80c') in 0.0137484 seconds
Start importing Packages/com.unity.render-pipelines.core/Editor/Lighting/Icons/LightUnitIcons/d_Moonlight.png using Guid(f64528e1d51f6d74c9f7a1738deaa602) (TextureImporter) -> (artifact id: '286704d802680ac89811b46f27d6f3d5') in 0.0173892 seconds
Start importing Packages/com.unity.render-pipelines.universal/Textures/BlueNoise16/L/LDR_LLL1_22.png using Guid(f69770e54f2823f43badf77916acad83) (TextureImporter) -> (artifact id: '3d8bfadb40232cefeca69d91343ff6fa') in 0.0078267 seconds
Start importing Packages/com.unity.render-pipelines.core/Editor/Lighting/Icons/DownSnatchFocused.png using Guid(f6ca176a623705248878abeaf560002a) (TextureImporter) -> (artifact id: '63cc3358360f5e569499ef00e1d49bd9') in 0.0135844 seconds
Start importing Packages/com.unity.render-pipelines.core/Editor/Icons/MipLevels/d_RenderPipelineResources@128.png using Guid(07d524f53c3f0a24b952dad4f0d95192) (TextureImporter) -> (artifact id: 'ec27e54ca5b414d5dab3bfbd81121be2') in 0.0129913 seconds
Start importing Packages/com.unity.learn.iet-framework/Editor/UI/Images/Icons/Close.png using Guid(0768ee0d3bc984ef3ba50d3e93d4480c) (TextureImporter) -> (artifact id: 'd5853763aa641cec11aa8af6ea4ebeb8') in 0.0134831 seconds
Start importing Packages/com.unity.xr.arfoundation/Editor/Icons/d_AddEdit@2x.png using Guid(0789d3eb021f56c478a96023ad3392a1) (TextureImporter) -> (artifact id: '9ea5a7857f9db940e31fea6e8a0096ff') in 0.0128112 seconds
Start importing Packages/com.unity.collections/Unity.Collections.PerformanceTests/PerformanceTestFrameworkOutputFixedSize.png using Guid(079c3d43b74823a41bb33198b8221c23) (TextureImporter) -> (artifact id: '7941abae48ed7f58559329fc88ad53c5') in 0.1806377 seconds
Start importing Packages/com.unity.render-pipelines.universal/Textures/BlueNoise16/L/LDR_LLL1_9.png using Guid(071e954febf155243a6c81e48f452644) (TextureImporter) -> (artifact id: '6f5e4fbf3ed17fcf724d89ea53cb657e') in 0.0084006 seconds
Start importing Packages/com.unity.inputsystem/InputSystem/Editor/Icons/d_Pen@3x.png using Guid(17b3fef87d666459d860ad88452862da) (TextureImporter) -> (artifact id: 'e5be94908203dd19ab1227cd0d380e13') in 0.0146928 seconds
Start importing Assets/Samples/XR Interaction Toolkit/3.5.1/Starter Assets/DemoAssets/Sprites/Asset.png using Guid(17d565bb4a7744b41b7e4dc7e3a09e35) (TextureImporter) -> (artifact id: '0f03385f5d38c46946de054af61926c5') in 0.0349796 seconds
Start importing Packages/com.unity.inputsystem/InputSystem/Editor/Icons/Gamepad.png using Guid(17c8753d0e5e24194b06404851be7f13) (TextureImporter) -> (artifact id: '83a2c5e29df7070037872f0c0498f0dc') in 0.0320009 seconds
Start importing Packages/com.unity.shadergraph/Editor/Resources/Icons/sg_graph_icon.png using Guid(170afdc32bbba284e8d0740a464b9fbd) (TextureImporter) -> (artifact id: '13dbf68ba3b5a2d226a0df46ff0989c1') in 0.0145936 seconds
Start importing Packages/com.unity.render-pipelines.core/Editor/Icons/MipLevels/RenderGraphViewer/d_PassInspector@16.png using Guid(179c26b8104e4a84bb9ba82aa6ec463b) (TextureImporter) -> (artifact id: '5756c707f0c2bc09f2ffa214c3cd7f9e') in 0.0184331 seconds
Start importing Packages/com.unity.render-pipelines.universal/Textures/BlueNoise16/L/LDR_LLL1_31.png using Guid(179f794063d2a66478e6e726f84a65bc) (TextureImporter) -> (artifact id: 'ff74eeda76f9d46ee1747dc0316b7fdd') in 0.0077793 seconds
Start importing Assets/Samples/XR Interaction Toolkit/3.5.1/AR Starter Assets/DemoAssets/Sprites/Icon - Object - Wedge.png using Guid(27d12ab07620b42e1b6f840310624d58) (TextureImporter) -> (artifact id: 'afe86d01992d4caa901208a5235237d4') in 0.0857181 seconds
Start importing Packages/com.unity.inputsystem/InputSystem/Editor/Icons/d_Axis@2x.png using Guid(27163f3cda5b9431d928f2b33eeb5cf1) (TextureImporter) -> (artifact id: 'f9caa400a0a4f51412c3eb50851cf3d4') in 0.0133612 seconds
Start importing Packages/com.unity.inputsystem/InputSystem/Editor/Icons/d_Joystick@2x.png using Guid(27fa98be5deb54cbf9c11ffc540272b2) (TextureImporter) -> (artifact id: 'c158ec08624066a1642d1162feaf663e') in 0.0138839 seconds
Start importing Packages/com.unity.render-pipelines.core/Editor/Lighting/Icons/d_LightPlacement_Icon On@16.png using Guid(27ddd7fccc437254da38f2ffe1983567) (TextureImporter) -> (artifact id: '3761654df3ae629789d42170a37ddc0c') in 0.0152609 seconds
Start importing Packages/com.unity.testtools.codecoverage/Editor/Icons/CodeCoverage@2x.png using Guid(37164f8d49df70f448b593fa86e488f5) (TextureImporter) -> (artifact id: 'd645819ae79761a2915088e85e281b13') in 0.0108634 seconds
Start importing Packages/com.unity.render-pipelines.core/Editor/PostProcessing/LensFlareResource/CircleFlareThumbnail@2x.png using Guid(37e93113453ac0d46863acd4090899c8) (TextureImporter) -> (artifact id: '2c90367cb64e20ac740ce46a54aa7e8b') in 0.0236373 seconds
Start importing Packages/com.unity.render-pipelines.core/Editor/Lighting/Icons/LightUnitIcons/VeryBrightSun@2x.png using Guid(37ca6c7ad753f1648a24db2b740ba2ca) (TextureImporter) -> (artifact id: '347cf9dcd847b69604284c97a89f6995') in 0.018135 seconds
Start importing Packages/com.unity.render-pipelines.universal/Textures/BlueNoise16/L/LDR_LLL1_14.png using Guid(47a45908f6db0cb44a0d5e961143afec) (TextureImporter) -> (artifact id: 'e237847b462097f073b3865905a833f2') in 0.0092456 seconds
Start importing Assets/MobileARTemplateAssets/UI/Sprites/Icon-Gesture_PinchClose.png using Guid(47884281ad09647bab3fde795dfa2032) (TextureImporter) -> (artifact id: 'cf7c91d534db48972c29aeccc2a884d8') in 0.0441914 seconds
Start importing Packages/com.unity.learn.iet-framework/Editor/UI/Images/Icons/AssetTypes/d_TutorialStyles On.png using Guid(47e80b1c7abd34afd9acb3a4997c86be) (TextureImporter) -> (artifact id: '6e4e998972e4efc7cfd870ecb67188d5') in 0.0346769 seconds
Start importing Packages/com.unity.render-pipelines.core/Editor/LookDev/Icons/d_LayoutVertical@2x.png using Guid(472b4042959bbd844b8fd760bddd7a47) (TextureImporter) -> (artifact id: '735ab57424ff374641d63a7d2547baa0') in 0.0156157 seconds
Start importing Packages/com.unity.inputsystem/InputSystem/Editor/AssetEditor/PackageResources/yellow.png using Guid(47cf506b4219343519083fe1c0b8fc9c) (TextureImporter) -> (artifact id: '82c3c3ffa4971751a7bf0e2b20b79abc') in 0.0146383 seconds
Start importing Packages/com.unity.shadergraph/Editor/Resources/Icons/Settings_Flyout_9slice.png using Guid(57517c89a809f44458493cef0310e46f) (TextureImporter) -> (artifact id: '005fda918e335eadb912471944e004da') in 0.0094115 seconds
Start importing Packages/com.unity.inputsystem/InputSystem/Editor/Icons/ChevronUp@2x.png using Guid(57dfdce0eaf2f48a9bd9e60e920e446b) (TextureImporter) -> (artifact id: '176ecc08dfac85bf194ddfc168b35b64') in 0.0092997 seconds
Start importing Packages/com.unity.render-pipelines.core/Editor/Icons/MipLevels/d_Volume@32.png using Guid(675ff9ea9d96a004a85fc91680242734) (TextureImporter) -> (artifact id: '51bc7b146a7dafd3c5e264625697e426') in 0.0150492 seconds
Start importing Packages/com.unity.multiplayer.center/Editor/MultiplayerCenterWindow/UI/Icons/PackageManager.png using Guid(679f9999c6f8f497e806a2d5d0511879) (TextureImporter) -> (artifact id: 'da915b0cadf89da8dfcfab8efd3ab70f') in 0.0153334 seconds
Start importing Packages/com.unity.render-pipelines.core/Editor/Lighting/Icons/LightPlacement_Icon.png using Guid(77f3e0d20577fcd4ebb29c14ff5d58c7) (TextureImporter) -> (artifact id: 'edc379cecba6e5cb6ddae623723fd58f') in 0.0105045 seconds
Start importing Assets/MobileARTemplateAssets/UI/Sprites/Icon-MobileDevice.png using Guid(77b98ffe803d34babb583459ea03da9d) (TextureImporter) -> (artifact id: 'b388c475316c0d3ed645eb5d0f8c6f59') in 0.0431057 seconds
Start importing Packages/com.unity.multiplayer.center/Editor/MultiplayerCenterWindow/UI/Icons/d_PackageInstalled.png using Guid(77be953cf28de42a4ad8532539fef3f5) (TextureImporter) -> (artifact id: '721e64e19bf1260a001a0cf1c08ea49a') in 0.0171206 seconds
Start importing Packages/com.unity.learn.iet-framework/Editor/UI/Images/Tutorials/Icons/Play@2x.png using Guid(87e82d8dd40994ee58d1b317c145b92f) (TextureImporter) -> (artifact id: '08dbb617c132d21853dba89e01b8ea3e') in 0.0196039 seconds
Start importing Packages/com.unity.inputsystem/InputSystem/Editor/Icons/Keyboard@2x.png using Guid(87ae93efe5d3b4262995b0acdc987d88) (TextureImporter) -> (artifact id: '478d0ad74181098281e1af18c25bc7f3') in 0.0137405 seconds
Start importing Packages/com.unity.inputsystem/InputSystem/Editor/Icons/Mouse@2x.png using Guid(9721efa02e520488d96c36460fe7e4a6) (TextureImporter) -> (artifact id: '52ec1b831ee26e517a3410e0eac7b9c5') in 0.0140916 seconds
Start importing Packages/com.unity.ugui/Editor Resources/Gizmos/TMP - Dropdown Icon.psd using Guid(a7ec9e7ad8b847b7ae4510af83c5d868) (TextureImporter) -> (artifact id: 'a7900f98f4f5ec336cca2bd4504d6b5c') in 0.0110465 seconds
Start importing Packages/com.unity.learn.iet-framework/Editor/UI/Images/Tutorials/Icons/EditorUI@2x.png using Guid(a77faddc74a5a452e8ae1a65ef7e92c7) (TextureImporter) -> (artifact id: '7db90444c1ba20aa8d4051eb3be1c7bb') in 0.0151393 seconds
Start importing Packages/com.unity.render-pipelines.core/Editor/LookDev/Icons/d_LayoutCustom@2x.png using Guid(b753c88a6aeb2674fa1d4f0a4c0a285a) (TextureImporter) -> (artifact id: 'a448dd9dde9b10031e3669bc33fa2041') in 0.0152401 seconds
Start importing Assets/Samples/XR Interaction Toolkit/3.5.1/Starter Assets/DemoAssets/Sprites/Round Radius 4 Outline.png using Guid(b7bad1260586fa746a0b67e930892936) (TextureImporter) -> (artifact id: 'f1a699781810a11fcdebd782e575ecc9') in 0.035276 seconds
Start importing Packages/com.unity.multiplayer.center/Editor/MultiplayerCenterWindow/UI/Icons/ClientHosted@2x.png using Guid(c7a38e6eccbfc49778cb8b77f594a971) (TextureImporter) -> (artifact id: '162a8aa7e21e89b626f00c292c275290') in 0.0204816 seconds
Start importing Packages/com.unity.ugui/Editor Resources/Textures/btn_AlignCenterGeo.psd using Guid(c76700ea0062413d9f69409b4e9e151b) (TextureImporter) -> (artifact id: 'fa62e6a383a8d959c60b18443b32cb85') in 0.0118206 seconds
Start importing Packages/com.unity.learn.iet-framework/Editor/UI/Images/Icons/AssetTypes/TutorialSettings.png using Guid(c7c72271fdd194e988d7e0502254e53e) (TextureImporter) -> (artifact id: '07b4ee8cb2599235c55e84047627e378') in 0.0433335 seconds
Start importing Packages/com.unity.render-pipelines.core/Editor/Lighting/Icons/d_LightPlacement_Icon@128.png using Guid(c7cdaebf43bf99948bf392ce8f4088af) (TextureImporter) -> (artifact id: '80cf9fbacbaa8bbd9603776be8109f50') in 0.0249598 seconds
Start importing Packages/com.unity.multiplayer.center/Editor/MultiplayerCenterWindow/UI/Icons/CustomNetcode@2x.png using Guid(d7711b0cc806d430b8a95f1e33ec3649) (TextureImporter) -> (artifact id: 'c11b55a973bd8403ecea46ab34f955eb') in 0.0211303 seconds
Start importing Packages/com.unity.inputsystem/InputSystem/Editor/AssetEditor/PackageResources/pink.png using Guid(d7b144323984d4298924c65ed071dea1) (TextureImporter) -> (artifact id: '5eb52d9819b929d4b0543be570abe9f4') in 0.015889 seconds
Start importing Packages/com.unity.render-pipelines.core/Editor/Icons/MipLevels/d_Volume@128.png using Guid(d765b90a4ccbfae4ba0b8512144b99f0) (TextureImporter) -> (artifact id: 'df12c62a01c79000b52bc28707d4bd64') in 0.0215939 seconds
Start importing Packages/com.unity.inputsystem/InputSystem/Editor/Icons/Dpad@4x.png using Guid(d7073cfe15a1a48bfb7ff59225052484) (TextureImporter) -> (artifact id: '175a6cf6e93cd6095aa36a2d5539c65f') in 0.01936 seconds
Start importing Packages/com.unity.render-pipelines.core/Editor/PostProcessing/LensFlareResource/Flare128.png using Guid(d7b90718ad2a7af4aab8546a0897d5db) (TextureImporter) -> (artifact id: '63554911386e8e45ade55724c464a1ca') in 0.0216068 seconds
Start importing Packages/com.unity.learn.iet-framework/Editor/UI/Images/Icons/Forward@2x.png using Guid(e7142ca6e7fb3b04db20db2ca3d2cdf7) (TextureImporter) -> (artifact id: '371db39b45410a2ef98d0537e6e1b985') in 0.0135238 seconds
Start importing Packages/com.unity.render-pipelines.core/Editor/Lighting/Icons/LightUnitIcons/d_SunriseSunset@2x.png using Guid(e737fd1dd31046c4da43e8ba94fdaf63) (TextureImporter) -> (artifact id: 'a54acfadf02045affbd137182a2c30ac') in 0.0165496 seconds
Start importing Packages/com.unity.inputsystem/InputSystem/Editor/Icons/d_Touch@3x.png using Guid(e77ee65b5139048949dc0ac5614efeec) (TextureImporter) -> (artifact id: '9a36fddc5901f7b5bd270fd89ebe25ef') in 0.0148882 seconds
Start importing Packages/com.unity.inputsystem/InputSystem/Editor/Icons/Dpad.png using Guid(e76f0489d4db34a2fbc3532e07f2848a) (TextureImporter) -> (artifact id: '980600b59d9b93a96be7453e784edcdb') in 0.0127764 seconds
Start importing Packages/com.unity.learn.iet-framework/Editor/UI/Images/Tutorials/Icons/AddPrefab.png using Guid(f77139ca467af4d0e840eeec0e62f121) (TextureImporter) -> (artifact id: '7c42bd54c895c48b201ca88272cb9d4b') in 0.0227981 seconds
Start importing Packages/com.unity.shadergraph/GraphTemplates/Cross Pipeline/TerrainSimpleTemplateThumbnail.png using Guid(f7b60a412d492fa4a96583e253626880) (TextureImporter) -> (artifact id: '9de205d7f77562f98443b96bbc582326') in 0.2707248 seconds
Start importing Packages/com.unity.render-pipelines.core/Editor/Lighting/Icons/d_LightPlacement_Icon@16.png using Guid(f75902f05f887d847bd7573bdac61eca) (TextureImporter) -> (artifact id: '15055970590343aa04b007f66a69b1f2') in 0.0123721 seconds
Start importing Packages/com.unity.render-pipelines.core/Editor/Lighting/Icons/LightUnitIcons/d_CloudySky@2x.png using Guid(088373792f5db604fa5b045cb5dff9c9) (TextureImporter) -> (artifact id: '7c3c280a045fa952d5dc184442298f98') in 0.0174784 seconds
Start importing Packages/com.unity.render-pipelines.core/Editor/Lighting/Icons/LightUnitIcons/d_VeryBrightSun.png using Guid(083778a134a402a4f82b55a98ac21530) (TextureImporter) -> (artifact id: '639bc76a08854bbe7beedbed690d1457') in 0.0117496 seconds
Start importing Packages/com.unity.learn.iet-framework/Editor/UI/Images/Tutorials/Icons/EditorUI.png using Guid(08d740025d26044ba87326db221ac571) (TextureImporter) -> (artifact id: '2ce5c9ffe15f52cb8bfaa9b93f9457d4') in 0.0140919 seconds
Start importing Packages/com.unity.inputsystem/InputSystem/Editor/Icons/InputControl@4x.png using Guid(08c99f7c2a7fa410d8567323e32ad5f5) (TextureImporter) -> (artifact id: 'b1a87015ff6ee3bc8349d1f8b6427d0f') in 0.0178012 seconds
Start importing Packages/com.unity.inputsystem/InputSystem/Editor/Icons/Joystick@2x.png using Guid(18e45e1f11fae429c80c200cca8e0b4c) (TextureImporter) -> (artifact id: '77e322ef5c2cdb118e0113c80b39b7f2') in 0.0137944 seconds
Start importing Packages/com.unity.shadergraph/Editor/Resources/Icons/sg_subgraph_icon_gray_dark.png using Guid(18c6490536702e840b89a326d93a92a1) (TextureImporter) -> (artifact id: 'd99aeddb39a2258a9f6ed8a3219a0362') in 0.0086246 seconds
Start importing Packages/com.unity.ugui/Editor Resources/Textures/btn_AlignBaseLine_Light.psd using Guid(18775b51e3bd42299fd30bd036ea982f) (TextureImporter) -> (artifact id: '96f3fb27b01c3cc5c4f9cd3ea7bd4a85') in 0.0100244 seconds
Start importing Packages/com.unity.render-pipelines.core/Editor/LookDev/Icons/d_Camera2.png using Guid(281160d54742cbb44a88a61bf8ccfb16) (TextureImporter) -> (artifact id: '2e035fe0be64b5916c2bae88851eaffa') in 0.0112676 seconds
Start importing Packages/com.unity.render-pipelines.core/Editor/LookDev/Icons/Camera2@2x.png using Guid(28f2917353630ce4fa307eeceadcd26d) (TextureImporter) -> (artifact id: '8c18ee10b9b5f8e867352982976e0a9e') in 0.0188799 seconds
Start importing Packages/com.unity.render-pipelines.core/Editor/LookDev/Icons/d_RightArrow@2x.png using Guid(28d47cbaafc98254f8d4f6184dff22cd) (TextureImporter) -> (artifact id: 'fee3515f7208e876282d369aaf968058') in 0.0223188 seconds
Start importing Packages/com.unity.render-pipelines.core/Editor/Icons/MipLevels/d_VolumeProfile@64.png using Guid(2889bb1951831234789d947901bce53e) (TextureImporter) -> (artifact id: 'abf9103e11c9f7854f9bbcb597b73c6a') in 0.0214298 seconds
Start importing Packages/com.unity.multiplayer.center/Editor/MultiplayerCenterWindow/UI/Icons/DedicatedServer@2x.png using Guid(38b78df4a34c94fa6a52c90239606ff1) (TextureImporter) -> (artifact id: '45d2c02f63111bd26f582c225114195c') in 0.0264418 seconds
Start importing Packages/com.unity.render-pipelines.core/Editor/Icons/RenderGraphViewer/Texture@2x.png using Guid(38d7c20ac7a9de246a75479d66d518fd) (TextureImporter) -> (artifact id: '7cd96f9b0c52015883e4171d1159dfc4') in 0.0186438 seconds
Start importing Assets/MobileARTemplateAssets/UI/Sprites/Icon-Options.png using Guid(488046489eefe4d10b386a257204a3e0) (TextureImporter) -> (artifact id: '3f759664dc74c5720dd68917fb0468c2') in 0.0527451 seconds
Start importing Packages/com.unity.ugui/Editor Resources/Textures/btn_AlignTop.psd using Guid(48d034c499ee4697af9dd6e327110249) (TextureImporter) -> (artifact id: 'd1d43e93d6f56bbb71b4c30cb863f6ca') in 0.011125 seconds
Start importing Packages/com.unity.testtools.codecoverage/Editor/Icons/d_CodeCoverage.png using Guid(48e45b7f100ee4b48a02e05135e6cece) (TextureImporter) -> (artifact id: 'cad593440109f4a2d8309196aea65125') in 0.0094235 seconds
Start importing Packages/com.unity.render-pipelines.core/Editor/Icons/MipLevels/RenderGraphViewer/PassInspector@16.png using Guid(48b566d9e8cf828409d6879b70fe00b5) (TextureImporter) -> (artifact id: '7e2948608f5aa1abf295de19b44dfb70') in 0.0168023 seconds
Start importing Packages/com.unity.inputsystem/InputSystem/Editor/Icons/Touch.png using Guid(588041e6f0efb43489b38677e0aac58f) (TextureImporter) -> (artifact id: '9b63dcff4e3c7e96c6ff545f5b063109') in 0.0147645 seconds
Start importing Packages/com.unity.inputsystem/InputSystem/Editor/Icons/Stick@2x.png using Guid(5881d226463a047cb8db57c9cb0ebc0f) (TextureImporter) -> (artifact id: '04278733febb91cf78d6fe3894ce9d76') in 0.008876 seconds
Start importing Assets/Settings/Project Configuration/TemplateImage.png using Guid(5843b284d48a6ff4193b606a018b6bd2) (TextureImporter) -> (artifact id: 'f1d2b24aa7004a5dbe9e6c085f74d33a') in 0.1902195 seconds
Start importing Packages/com.unity.inputsystem/InputSystem/Editor/Icons/Dpad@2x.png using Guid(5806833d077654e5784b7cbf3e722f58) (TextureImporter) -> (artifact id: 'd89730a1131f15323300a9a0eb6a003a') in 0.0165754 seconds
Start importing Packages/com.unity.ugui/Editor Resources/Textures/btn_AlignBottom_Light.psd using Guid(585b70cb75dd43efbfead809c30a1731) (TextureImporter) -> (artifact id: '47a24b854fa6f75c6c93b1e1872dac40') in 0.0138797 seconds
Start importing Packages/com.unity.learn.iet-framework/Editor/UI/Images/Icons/Authoring/d_SkipToEnd.png using Guid(58bddc0a0cb11410dbcfbdf081928773) (TextureImporter) -> (artifact id: '750d10327ebeaeb496a45260ae53137c') in 0.0191682 seconds
Start importing Packages/com.unity.render-pipelines.universal/Editor/2D/Resources/InspectorIcons/FreeformLight.png using Guid(68e5bb6e60bebc046b26d3c3100a523b) (TextureImporter) -> (artifact id: '11d62bf91a62ae169b0c0d15b2085b4c') in 0.0096807 seconds
Start importing Packages/com.unity.render-pipelines.core/Editor/Icons/RenderGraphViewer/AccelerationStructure@2x.png using Guid(78c530431f09533469990aeb78f31210) (TextureImporter) -> (artifact id: 'c1a796c690dcfafcf6cf34ecb27e2a61') in 0.0170174 seconds
Start importing Packages/com.unity.xr.arkit/Tests/Editor/Assets/one.png using Guid(78e805609261e4e10abef2031776309c) (TextureImporter) -> (artifact id: 'c56ffe22e523b03eefcc645fe0fb6bea') in 0.1661753 seconds
Start importing Packages/com.unity.shadergraph/GraphTemplates/default_vfx_msk.png using Guid(788b35e8fa5154559af342abaf8be483) (TextureImporter) -> (artifact id: '226c0a95c53e0c969c779db30a024793') in 0.0160106 seconds
Start importing Packages/com.unity.learn.iet-framework/Editor/UI/Images/Icons/AssetTypes/d_Tutorial.png using Guid(88a57203bf1414fdaa354e1e83d4a707) (TextureImporter) -> (artifact id: 'b88e47825be991a411acf812202bbfa6') in 0.034431 seconds
Start importing Packages/com.unity.render-pipelines.universal/Editor/2D/Resources/InspectorIcons/SpriteLight.png using Guid(8839c54710da3374f994e12f39b6d65f) (TextureImporter) -> (artifact id: '8ecdd8b13acf7a3cf8b0b302cd4a244d') in 0.0083766 seconds
Start importing Packages/com.unity.shadergraph/Editor/Resources/GraphView/Nodes/PreviewExpand@2x.png using Guid(88995b00867befb41adaada22f8abc21) (TextureImporter) -> (artifact id: '50e89569093d7abb43a321cace0e42ed') in 0.0086541 seconds
Start importing Packages/com.unity.render-pipelines.core/Editor/Icons/RenderGraphViewer/PassInspector@2x.png using Guid(881eb9c95b9a018479a89b9218d61928) (TextureImporter) -> (artifact id: '30af00ad262c995ed2cc0e61e68db4fd') in 0.021434 seconds
Start importing Packages/com.unity.render-pipelines.core/Editor/Icons/MipLevels/d_VolumeProfile@128.png using Guid(98c28ecf0d815cc49b6868def3e52f49) (TextureImporter) -> (artifact id: 'cf8a65d8b93f4916ffe55520c9d7f2c9') in 0.0163249 seconds
Start importing Packages/com.unity.render-pipelines.core/Editor/Icons/RenderGraphViewer/d_FramebufferFetch@2x.png using Guid(986528338c7e82b42b466e23ac6fbb96) (TextureImporter) -> (artifact id: 'c61345612c8da47f8ce9f62b33de5794') in 0.0178094 seconds
Start importing Packages/com.unity.render-pipelines.core/Editor/LookDev/Icons/d_Layout2.png using Guid(98b5b3e7c51d32547b9b09232034b5d5) (TextureImporter) -> (artifact id: 'aedca81a815e8ebffc59f2e70d8ed417') in 0.0149947 seconds
Start importing Packages/com.unity.xr.arfoundation/Assets/Textures/UnityLogoWhiteRGB.png using Guid(9858b8d6bc5e649ca94c5830ec79be14) (TextureImporter) -> (artifact id: '5af60abebea850f6e0dae61324c9131c') in 0.0571268 seconds
Start importing Packages/com.unity.inputsystem/InputSystem/Editor/Icons/ChevronDown@3x.png using Guid(985cbca1705a64c80b370afdb30b3ee7) (TextureImporter) -> (artifact id: 'd8743892401dea200e634cea1caca975') in 0.0100078 seconds
Start importing Packages/com.unity.render-pipelines.core/Editor/LookDev/Icons/d_Environment.png using Guid(98cefb354c00bc44cb31fffd52dc4650) (TextureImporter) -> (artifact id: '0ee5974fc661bf6ca6144a7aa019713f') in 0.0187941 seconds
Start importing Assets/MobileARTemplateAssets/UI/Sprites/RoundRadius_10_Bottom.png using Guid(a818095c8b1764314a4e258bb61fcd45) (TextureImporter) -> (artifact id: '533cf67ecdf6fa0d96c4aad141a785df') in 0.0800849 seconds
Start importing Packages/com.unity.inputsystem/InputSystem/Editor/Icons/d_ChevronUp@2x.png using Guid(a89bfcdeffde84e7ebf930d44b695435) (TextureImporter) -> (artifact id: '160e42b87f57ba27661058a9ca431668') in 0.0104939 seconds
Start importing Assets/Samples/XR Interaction Toolkit/3.5.1/Starter Assets/DemoAssets/Sprites/LegibilityMask.png using Guid(a85d80c1edb5d2f458d42e79f78055b9) (TextureImporter) -> (artifact id: '7543a03a11070f1347072b1f144e005e') in 1.277222 seconds
Start importing Packages/com.unity.render-pipelines.core/Editor/Icons/MipLevels/RenderGraphViewer/Resources@16.png using Guid(b8c995bb50a162c44b289f34d129328f) (TextureImporter) -> (artifact id: '448ee6bdc52e17e0b890e25b244c1bd0') in 0.0213649 seconds
Start importing Packages/com.unity.shadergraph/Editor/Resources/Icons/settingsbutton.png using Guid(c881a10bb6578f04ba6d52f6c3f0c9d6) (TextureImporter) -> (artifact id: '77cb1216e3f05c528e790addbf7c6caa') in 0.0130809 seconds
Start importing Packages/com.unity.render-pipelines.core/Editor/Lighting/Icons/PresetFill_Right.png using Guid(c8e3d80f5ead8d4409a54da768cc431d) (TextureImporter) -> (artifact id: '098c3e8f17796621f1a7ffd1be39f113') in 0.0211758 seconds
Start importing Packages/com.unity.render-pipelines.universal/Editor/2D/Resources/SceneViewIcons/FreeformLight.png using Guid(c89564426827c76479d8772adb43e6e4) (TextureImporter) -> (artifact id: 'efda9b3e6854a88766339ad8ad9e2e77') in 0.0533399 seconds
Start importing Packages/com.unity.inputsystem/InputSystem/Editor/Icons/d_Joystick@4x.png using Guid(d88596134c72c47b99d7d55583f4c6bf) (TextureImporter) -> (artifact id: 'e1692542f564b6eb16b7adbf5c574eb8') in 0.0173162 seconds
Start importing Packages/com.unity.learn.iet-framework/Editor/UI/Images/Icons/Authoring/d_Autocomplete.png using Guid(d8784cf03099e41e08df7fd61060778d) (TextureImporter) -> (artifact id: 'e866ca182ee8e0ccc467d41aa96a07b4') in 0.0257695 seconds
Start importing Packages/com.unity.render-pipelines.core/Editor/Lighting/Icons/LightUnitIcons/Moonlight@2x.png using Guid(d8bb1a60805d8d241acc12f74cd3b2d5) (TextureImporter) -> (artifact id: '14bebefa19a6d8717b1a4ebebd3f2d43') in 0.0195724 seconds
Start importing Assets/Samples/XR Interaction Toolkit/3.5.1/AR Starter Assets/DemoAssets/Sprites/Icon - Object - Pyramid.png using Guid(d80cabb7f46004842b09173491e74cc6) (TextureImporter) -> (artifact id: 'd972675841b28dacae31d69b7c95d359') in 0.1001776 seconds
Start importing Packages/com.unity.render-pipelines.core/Editor/Lighting/Icons/LightUnitIcons/SunriseSunset.png using Guid(d8ee4aa2fab810242a1ff465e662bc09) (TextureImporter) -> (artifact id: '36994e13618b8e92346291c91118a7cd') in 0.0167465 seconds
Start importing Packages/com.unity.render-pipelines.core/Editor/Icons/RenderGraphViewer/d_MemorylessTexture@2x.png using Guid(e813aef83a70543b79d435ef65ec86ee) (TextureImporter) -> (artifact id: 'dd558f417e409f2eaf14a07900d3e5f1') in 0.0151206 seconds
Start importing Packages/com.unity.render-pipelines.core/Editor/LookDev/Icons/Camera2.png using Guid(e89a31db98e403b40af1a8f0ef9ae1ef) (TextureImporter) -> (artifact id: 'bd201ac30b011ea8915572d6c0a5e816') in 0.0137008 seconds
Start importing Packages/com.unity.render-pipelines.core/Editor/Lighting/Icons/d_LightPlacement_Icon@256.png using Guid(e8daef37e2419284e8b319261203d5c3) (TextureImporter) -> (artifact id: '183e9ca0fdbb66f5ad3c17c4726a5268') in 0.0425945 seconds
Start importing Assets/Samples/XR Interaction Toolkit/3.5.1/Starter Assets/DemoAssets/Sprites/Forward.png using Guid(f8ecc54972abacc46a93f671b0602139) (TextureImporter) -> (artifact id: '1065a9e38ceaefba41db6b220a723a8f') in 0.0267636 seconds
Start importing Packages/com.unity.inputsystem/InputSystem/Editor/Icons/d_Button@2x.png using Guid(0962795d1cafc460b9027de55b1c0a80) (TextureImporter) -> (artifact id: '38ef40bd3bc3241bb8cd3f8e4f872e4a') in 0.0139161 seconds
Start importing Packages/com.unity.xr.arkit/Tests/Editor/Assets/two.png using Guid(1980666e4008a4c7ab9db51abc60d832) (TextureImporter) -> (artifact id: '20a6d84e1d1abcc7868cccb73548ae0b') in 0.1174004 seconds
Start importing Packages/com.unity.testtools.codecoverage/Editor/Icons/FolderOpened.png using Guid(1935829ae7024da448814ef05b31e6c4) (TextureImporter) -> (artifact id: '4f3937a6002fb8b1565a671542148b69') in 0.0099567 seconds
Start importing Packages/com.unity.inputsystem/InputSystem/Editor/Icons/d_Mouse@4x.png using Guid(1918e7bff8ff44878a0003977ca03971) (TextureImporter) -> (artifact id: 'f1d94241071697fa17448a9be704581c') in 0.0152702 seconds
Start importing Packages/com.unity.xr.arfoundation/Editor/Icons/AddEdit.png using Guid(29070bec5a5705045bb69c987b6d303b) (TextureImporter) -> (artifact id: '0f6129af897b210354f52549e7d31680') in 0.0135392 seconds
Start importing Packages/com.unity.multiplayer.center/Editor/MultiplayerCenterWindow/UI/Icons/d_Check.png using Guid(29395f0639574c1fbc8b729aa257fb84) (TextureImporter) -> (artifact id: '491427caacbd02867a25c587b7038442') in 0.0142936 seconds
Start importing Packages/com.unity.render-pipelines.core/Editor/Lighting/Icons/LightPlacement_Icon@32.png using Guid(396033515c05b1441a3451ea18bb8e27) (TextureImporter) -> (artifact id: 'c99854a7f8c23df3001f0bdac7cdffd1') in 0.006537 seconds
Start importing Packages/com.unity.render-pipelines.core/Editor/Icons/MipLevels/RenderPipelineResources@32.png using Guid(39013bef60270164e94ccd21c1edb486) (TextureImporter) -> (artifact id: 'ac2d9736b0891d1d83cfb19169a1404e') in 0.0120829 seconds
Start importing Packages/com.unity.render-pipelines.core/Editor/Lighting/Icons/LightUnitIcons/d_DirectSunlight@2x.png using Guid(392581b798d70d0408e104d352ffb20b) (TextureImporter) -> (artifact id: '859ab719d88c14b5c7f5a42951830df3') in 0.0143452 seconds
Start importing Packages/com.unity.render-pipelines.universal/Textures/BlueNoise16/L/LDR_LLL1_6.png using Guid(39451254daebd6d40b52899c1f1c0c1b) (TextureImporter) -> (artifact id: '0e25e3fe085fb57a86c4317f1a169791') in 0.0070419 seconds
Start importing Packages/com.unity.inputsystem/InputSystem/Editor/Icons/d_InputControl.png using Guid(399cd90f4e31041e692a7d3a8b1aa4d0) (TextureImporter) -> (artifact id: 'a9cae76d71a5b5b0ba16d5266bd751bd') in 0.0136544 seconds
Start importing Packages/com.unity.render-pipelines.core/Editor/Lighting/Icons/LightUnitIcons/d_Shade@2x.png using Guid(49e4a0929afd1ae4283e4657bc636f9e) (TextureImporter) -> (artifact id: 'dda433cc9a5e4c8bb5c0ae850646e45c') in 0.0141213 seconds
Start importing Packages/com.unity.ugui/Editor Resources/Textures/btn_AlignCapLine_Light.psd using Guid(49679f302ac6408697f6b9314a38985c) (TextureImporter) -> (artifact id: '7516991172b99c5c9a3d550d83bc3cda') in 0.009841 seconds
Start importing Packages/com.unity.learn.iet-framework/Editor/UI/Images/Tutorials/Headers/HeaderColor.png using Guid(49f7c306ee926487bb4f10455ebea8c8) (TextureImporter) -> (artifact id: '2644909baa3c59946d182ae0fe698e7b') in 0.0142495 seconds
Start importing Packages/com.unity.render-pipelines.universal/Editor/ShaderGraph/GraphTemplates/2D/2DSpriteLitTemplateThumbnail.png using Guid(494ba6900e1d9f34da743bb68ff82ddb) (TextureImporter) -> (artifact id: '2240d5c1002f6e0fb486310d614af782') in 0.2065992 seconds
Start importing Packages/com.unity.render-pipelines.core/Editor/Lighting/Icons/LightUnitIcons/d_ClearSky@2x.png using Guid(490d69b278eff784b85feca736d57389) (TextureImporter) -> (artifact id: 'd1a6c9967b46439cac64b8525a22340d') in 0.0197649 seconds
Start importing Packages/com.unity.learn.iet-framework/Editor/UI/Images/Icons/NavigateNext.png using Guid(59c820b92bb13414cb7d87142fceeb61) (TextureImporter) -> (artifact id: '2d835bd9269171e89955047be4262bda') in 0.0154232 seconds
Start importing Packages/com.unity.shadergraph/Editor/Resources/GraphView/Nodes/NodeChevronUp.png using Guid(59e85404e1156534e84e3f06ad9d3bff) (TextureImporter) -> (artifact id: '9b54a84d2dbd58c3f392de10ab7d5978') in 0.0089726 seconds
Start importing Packages/com.unity.learn.iet-framework/Editor/UI/Images/Tutorials/Headers/HeaderUI.png using Guid(59ee9782ecd754efa80a388d1782d503) (TextureImporter) -> (artifact id: 'b58795718d9f182a21a34878d87e6285') in 0.0158152 seconds
Start importing Packages/com.unity.render-pipelines.core/Editor/Icons/MipLevels/d_Volume@16.png using Guid(6941712a966fa924d92b6855f339379e) (TextureImporter) -> (artifact id: '61c39e0744388f7bf63d5ad0a4f74741') in 0.014313 seconds
Start importing Packages/com.unity.xr.arfoundation/Editor/Icons/AddEdit@2x.png using Guid(6971cda678a8e3d44a76793c12ba317d) (TextureImporter) -> (artifact id: 'b02cacb8515838120968f43ff90f292e') in 0.0147286 seconds
Start importing Packages/com.unity.ugui/Editor Resources/Textures/btn_AlignFlush.psd using Guid(691475c57a824010be0c6f474caeb7e1) (TextureImporter) -> (artifact id: 'ad3005419cdc1e2024fab200a5846cd2') in 0.0116387 seconds
Start importing Packages/com.unity.learn.iet-framework/Editor/UI/Images/Icons/AssetTypes/TutorialStyles On.png using Guid(69c58786640fc4f4b81f3f0e56d54b2c) (TextureImporter) -> (artifact id: '197e23df8f600f7766ed1ebe489b4ae2') in 0.0287652 seconds
Start importing Packages/com.unity.render-pipelines.core/Editor/Lighting/Icons/LightUnitIcons/d_MediumAreaLight@2x.png using Guid(79474406bb16ef9439655eb4b419b6a8) (TextureImporter) -> (artifact id: '623d2bbca80d8e00f0a577995c696c73') in 0.0170466 seconds
Start importing Packages/com.unity.render-pipelines.core/Editor/LookDev/Icons/Add@2x.png using Guid(79aba0b290c471c4ba3d3f818d4e9b15) (TextureImporter) -> (artifact id: '4021c77b4816e87f37e611948f16bf74') in 0.0182248 seconds
Start importing Packages/com.unity.render-pipelines.core/Editor/LookDev/Icons/RenderDoc@2x.png using Guid(89608b060fc7279479398a62e245a409) (TextureImporter) -> (artifact id: '27cd42b4793cd2ac1914b46eb90fd119') in 0.0163324 seconds
Start importing Packages/com.unity.render-pipelines.core/Editor/Lighting/Icons/LightUnitIcons/d_BlueSky.png using Guid(8991eaef2ed56cc45b9a80b50fbca5e2) (TextureImporter) -> (artifact id: 'b992113b2594f0d8f1e693ec1db93d92') in 0.0160586 seconds
Start importing Packages/com.unity.learn.iet-framework/Editor/UI/Images/Tutorials/Icons/EditColors@2x.png using Guid(89020edcc6615404493802900ed04b05) (TextureImporter) -> (artifact id: 'b7e3f266b0798fb76b0427b77d31cee6') in 0.0170366 seconds
Start importing Packages/com.unity.render-pipelines.core/Editor/Lighting/Icons/d_LightPlacement_Icon On@128.png using Guid(89282aabe914d244b839ba4652477f23) (TextureImporter) -> (artifact id: 'cd97a1fbf3935f6ffe71839379f7df76') in 0.0267623 seconds
Start importing Packages/com.unity.learn.iet-framework/Editor/UI/Images/Icons/Authoring/d_TutorialsWindowIcon.png using Guid(8939e469d6dd343668483d3ddfd60ed5) (TextureImporter) -> (artifact id: '8e1960392d097dec18fd2a83138978a9') in 0.0153622 seconds
Start importing Packages/com.unity.shadergraph/Editor/Resources/Icons/sg_subgraph_icon@2x.png using Guid(890b62dea83f90749a7d048c0e5c298b) (TextureImporter) -> (artifact id: '7c758aa17fff66719813131b1615a934') in 0.0193444 seconds
Start importing Packages/com.unity.render-pipelines.universal/Textures/BlueNoise16/L/LDR_LLL1_30.png using Guid(896d9004736809c4fb5973b7c12eb8b9) (TextureImporter) -> (artifact id: 'a0560d10f839fd3cc36853f3d2e8871a') in 0.0086052 seconds
Start importing Packages/com.unity.render-pipelines.universal/Textures/FilmGrain/Medium03.png using Guid(9930fb4528622b34687b00bbe6883de7) (TextureImporter) -> (artifact id: '06f8b8eda801822ca2d22e8c5dd1ff51') in 0.0140544 seconds
Start importing Packages/com.unity.render-pipelines.universal/Editor/Gizmos/Camera_Offscreen.png using Guid(99c1f1ec31ff9924e9a75aff82e6b986) (TextureImporter) -> (artifact id: '575300254b8430ad8d75d81d8b37a7d5') in 0.0396119 seconds
Start importing Packages/com.unity.render-pipelines.core/Editor/LookDev/Icons/d_RightArrow.png using Guid(99e5d180080c96940a65c6d906ff9131) (TextureImporter) -> (artifact id: '7e3c5ff798202b7a79f69d365d560130') in 0.0138411 seconds
Start importing Packages/com.unity.render-pipelines.core/Editor/LookDev/Icons/d_Camera2@2x.png using Guid(99d7e777338ab8f4ba890cc738794dba) (TextureImporter) -> (artifact id: 'afd2271474525d0febe13a0274806122') in 0.0149486 seconds
Start importing Packages/com.unity.multiplayer.center/Editor/MultiplayerCenterWindow/UI/Icons/NGO.png using Guid(99da7b3894f364efdb5fa1443952a55d) (TextureImporter) -> (artifact id: '8fa895d9c64f9ebb25653f5c6ca8b504') in 0.0168556 seconds
Start importing Packages/com.unity.inputsystem/InputSystem/Editor/Icons/Axis@4x.png using Guid(a940917cc397643afb071010cb2143d9) (TextureImporter) -> (artifact id: '4fe9c0a086003f0b68d810fbbe7b6acc') in 0.0131647 seconds
Start importing Packages/com.unity.inputsystem/InputSystem/Editor/Icons/ChevronUp.png using Guid(a9fe7c3d19af4432b9ae2a5172f4ea72) (TextureImporter) -> (artifact id: '1092c0d108ebfeda7d304658ce5594e5') in 0.0134124 seconds
Start importing Packages/com.unity.render-pipelines.core/Editor/Lighting/Icons/LightUnitIcons/d_Fluorescent.png using Guid(b95665ddb99de4945b528a188a1c41c7) (TextureImporter) -> (artifact id: '1c1650adab39df6f20ad7dc647306138') in 0.0136045 seconds
Start importing Packages/com.unity.render-pipelines.core/Editor/Lighting/Icons/LightUnitIcons/BrightSky.png using Guid(b93b6450b9bd1f44da176ac4a821c3e8) (TextureImporter) -> (artifact id: '3a44882c7ea8a3e793bb7e168f24028f') in 0.0137139 seconds
Start importing Packages/com.unity.render-pipelines.core/Editor/Icons/MipLevels/RenderGraphViewer/PassInspector@32.png using Guid(b9ac6ad13d9312941912fc855a3bcc41) (TextureImporter) -> (artifact id: '55dec57bc52a7ec85d9e7d213756760f') in 0.0150859 seconds
Start importing Packages/com.unity.render-pipelines.core/Editor/Icons/MipLevels/RenderGraphViewer/d_PassInspector@32.png using Guid(b98f3689f42be914d9c9db64ff280951) (TextureImporter) -> (artifact id: '8c8adeaf87aaf754206623337f034f5d') in 0.0163879 seconds
Start importing Packages/com.unity.shadergraph/Editor/Resources/GraphView/Nodes/NodeChevronDown@2x.png using Guid(c951fed1cf039c7439a755e2ca108e4a) (TextureImporter) -> (artifact id: 'fdc5c88b2af2ab92e398be9d74141343') in 0.00397 seconds
Start importing Packages/com.unity.inputsystem/InputSystem/Editor/Icons/d_Orientation.png using Guid(c933c2bcad7ef46309fde7c1cf11b39a) (TextureImporter) -> (artifact id: 'e7484f0d0976520c55f7a90a1487f09a') in 0.0132823 seconds
Start importing Packages/com.unity.inputsystem/InputSystem/Editor/Icons/Position@4x.png using Guid(c998b283038914e699477f514ecb31ac) (TextureImporter) -> (artifact id: '33c4508278aab6c0a834728dd32f1443') in 0.0083126 seconds
Start importing Packages/com.unity.render-pipelines.universal/Textures/BlueNoise16/L/LDR_LLL1_27.png using Guid(c989e1ed85cf7154caa922fec53e6af6) (TextureImporter) -> (artifact id: 'b985b70f1b018bddda9c9c30361ea4bf') in 0.0082774 seconds
Start importing Packages/com.unity.render-pipelines.universal/Textures/BlueNoise16/L/LDR_LLL1_7.png using Guid(c94ad916058dff743b0f1c969ddbe660) (TextureImporter) -> (artifact id: '0c81692e321f6a379dfd2c2d6dd6ee1e') in 0.0084527 seconds
Start importing Packages/com.unity.render-pipelines.universal/Textures/BlueNoise16/L/LDR_LLL1_20.png using Guid(c9bd74624d8070f429e3f46d161f9204) (TextureImporter) -> (artifact id: '494e2c358913b3bdab8712816c6a9bf3') in 0.0076184 seconds
Start importing Packages/com.unity.xr.arfoundation/Editor/Icons/d_ArrowCaretRight@2x.png using Guid(c9af5712572b1524e9b536ffbd70a233) (TextureImporter) -> (artifact id: '10a95d1cc745d64101512b59996c4b3e') in 0.015271 seconds
Start importing Packages/com.unity.render-pipelines.core/Editor/LookDev/Icons/Layout2.png using Guid(d9658be087f390f46bfefa8cb32bbaa6) (TextureImporter) -> (artifact id: '9ba727f7866e7f7da078964777d180f0') in 0.013919 seconds
Start importing Packages/com.unity.multiplayer.center/Editor/MultiplayerCenterWindow/UI/Icons/N4E.png using Guid(e9669051ff70449b5923861e0e0b8838) (TextureImporter) -> (artifact id: 'ed27e3ecd9c3d5899449b73e3cc9b060') in 0.0174808 seconds
Start importing Packages/com.unity.render-pipelines.universal/Editor/2D/Resources/InspectorIcons/ParametricLight.png using Guid(e957854850ccb7140a538f7a93f8761b) (TextureImporter) -> (artifact id: '107eab4c23e9ca8a6702995370a0fc6f') in 0.0085863 seconds
Start importing Packages/com.unity.xr.arfoundation/Editor/Icons/d_XREnvironment.png using Guid(e97cf8a0d8468264083882a7003bddb0) (TextureImporter) -> (artifact id: 'e329bce62981efaa30be962d9281707b') in 0.0136178 seconds
Start importing Packages/com.unity.render-pipelines.core/Editor/Icons/MipLevels/d_VolumeProfile@256.png using Guid(e9cd351a12d48ed4caa2d4ed2d8f02b8) (TextureImporter) -> (artifact id: '90de6f9c560f1d87e93f437bddc5cbc3') in 0.0136343 seconds
Start importing Packages/com.unity.render-pipelines.core/Editor/LookDev/Icons/Rotation@2x.png using Guid(e9af78578671a3345b8cbf82f1f030b5) (TextureImporter) -> (artifact id: 'c89317de739de26b74f97daaca6afe31') in 0.0141744 seconds
Start importing Packages/com.unity.render-pipelines.core/Editor/PostProcessing/LensFlareResource/Flare.png using Guid(f92291bf6b5265641ab4f39a5d41fbf4) (TextureImporter) -> (artifact id: 'de7fcd4c7998d50df1f5272b4b8071cd') in 0.0215215 seconds
Start importing Packages/com.unity.xr.arcore/Tests/Editor/Assets/two.png using Guid(f9e6c3c24567041519cd7c6b24abb3fb) (TextureImporter) -> (artifact id: '4b8a32eed5855818ef8d3d0110849ada') in 0.1189634 seconds
Start importing Assets/MobileARTemplateAssets/UI/Sprites/Icon-Cube.png using Guid(f9e6d8a7f941049e3a17d025c44a07e5) (TextureImporter) -> (artifact id: 'a4f5fb9733a1d11f1cb3bdd46247a346') in 0.0460879 seconds
Start importing Packages/com.unity.learn.iet-framework/Editor/UI/Images/Icons/AssetTypes/TutorialPage On.png using Guid(f92da77b53e6a4ad38d15b63177ca0c5) (TextureImporter) -> (artifact id: '0099a7aeaa73260b90b2bb7597cb36de') in 0.0334345 seconds
Start importing Packages/com.unity.render-pipelines.universal/Textures/BayerMatrix.png using Guid(f9ee4ed84c1d10c49aabb9b210b0fc44) (TextureImporter) -> (artifact id: '4ca04120b6ab0c484987126834ca8233') in 0.0136832 seconds
Start importing Packages/com.unity.inputsystem/InputSystem/Editor/Icons/d_Pen@4x.png using Guid(0aec7c7bf99354f66bc2a1d18bd0b4d2) (TextureImporter) -> (artifact id: 'f96e81f84379c923040c935ec54b5f85') in 0.0227998 seconds
Start importing Packages/com.unity.learn.iet-framework/Editor/UI/Images/Icons/AssetTypes/TutorialSettings On.png using Guid(0a7eb896c102f47bda855f538f052717) (TextureImporter) -> (artifact id: '19e666b3c4ec5f7fa90d1dc4a70e0002') in 0.0341486 seconds
Start importing Packages/com.unity.render-pipelines.core/Editor/Lighting/Icons/LightUnitIcons/SunriseSunset@2x.png using Guid(1ade1fa63a0a72f46be69e4ae5e83314) (TextureImporter) -> (artifact id: 'ac283e5638a43acaeb4558f750f377f4') in 0.0192117 seconds
Start importing Packages/com.unity.render-pipelines.core/Editor/Lighting/Icons/LightUnitIcons/d_Candlelight@2x.png using Guid(2ae1ad1a228a66a479d96cae55499c4a) (TextureImporter) -> (artifact id: '19292966366be31f7c1cafdfa78c581d') in 0.0173453 seconds
Start importing Packages/com.unity.learn.iet-framework/Editor/UI/Images/Icons/Checkmark.png using Guid(2ab3362110e144952be226ef0d228d98) (TextureImporter) -> (artifact id: 'b7098c30f8dbf7e6df2a788e1be75522') in 0.0156537 seconds
Start importing Packages/com.unity.inputsystem/InputSystem/Editor/Icons/Button.png using Guid(2a5d0a7febdc741039abf135883517e5) (TextureImporter) -> (artifact id: 'd6ab959599fd98f6f5480647eb7b610e') in 0.0148392 seconds
Start importing Packages/com.unity.multiplayer.center/Editor/MultiplayerCenterWindow/UI/Icons/EmptyViewIcon@2x.png using Guid(2adffcc506285402aa795dee6f3166d0) (TextureImporter) -> (artifact id: '44c03b03758c17dddf0e2e82220c371d') in 0.0300116 seconds
Start importing Packages/com.unity.learn.iet-framework/Editor/UI/Images/Icons/AssetTypes/Tutorial On.png using Guid(3a60859daaffc42b0b2ae13bb12e1f02) (TextureImporter) -> (artifact id: '755ddbaf28b5bc2c4ab5ca6df971a107') in 0.0349163 seconds
Start importing Assets/MobileARTemplateAssets/UI/Sprites/Icon-SurfaceVisual.png using Guid(3a4b02f0d013240a6bf58a4ffc88d105) (TextureImporter) -> (artifact id: 'ddc58ed5323bce577a8beb0f7b53b1a2') in 0.0408892 seconds
Start importing Packages/com.unity.inputsystem/InputSystem/Editor/Icons/Gamepad@3x.png using Guid(4ae0b2f68c2464272b1b10105262b09b) (TextureImporter) -> (artifact id: '4f53f114fa109839d945c81f5d0752d3') in 0.018949 seconds
Start importing Packages/com.unity.render-pipelines.universal/Editor/2D/Resources/Sparkle.png using Guid(4a0aca3a5f2effb41b43cc0a1661d845) (TextureImporter) -> (artifact id: 'b9ccc090c5b2a6f67867ccb5ede709a6') in 0.028106 seconds
Start importing Packages/com.unity.inputsystem/InputSystem/Editor/Icons/d_Add Binding@4x.png using Guid(4a0ce0eda6ee74c669b13104649e1313) (TextureImporter) -> (artifact id: '156f92cce38e4e218f6f208c409d37a2') in 0.0312637 seconds
Start importing Assets/Samples/XR Interaction Toolkit/3.5.1/Starter Assets/DemoAssets/Textures/Concrete_Albedo.tif using Guid(5a327724a94a9674a8a93e6b4e9a6eee) (TextureImporter) -> (artifact id: 'c3d4bc2a54713a61c88675c6890c3373') in 0.3353041 seconds
Start importing Packages/com.unity.inputsystem/InputSystem/Editor/AssetEditor/PackageResources/personal/foldoutBackground.png using Guid(5ab69704aa4984b49bc426da72fabbed) (TextureImporter) -> (artifact id: 'cb429fb644b77f4e83bff538fa55a3ae') in 0.0159189 seconds
Start importing Packages/com.unity.learn.iet-framework/Editor/UI/Images/Tutorials/Icons/Www@2x.png using Guid(5ab95756baccd446898f557557202c2b) (TextureImporter) -> (artifact id: '5a1afead30f26bb755f8d061acce769a') in 0.0149122 seconds
Start importing Packages/com.unity.inputsystem/InputSystem/Editor/Icons/Keyboard.png using Guid(5a5b9538c3aaa4587856e68a93a92a51) (TextureImporter) -> (artifact id: 'e1318158a4dfc3ba7beca7f3868b6143') in 0.0139406 seconds
Start importing Packages/com.unity.inputsystem/InputSystem/Editor/Icons/MultiplayerEventSystem@64.png using Guid(6a237171e2346e3458db37eb0f90d42b) (TextureImporter) -> (artifact id: 'f20a9d5e749cdf19049705d57d66e23f') in 0.0138889 seconds
Start importing Packages/com.unity.render-pipelines.core/Editor/Lighting/Icons/LightUnitIcons/d_SunriseSunset.png using Guid(6ac733bfd834f4b4bab06306c63496f2) (TextureImporter) -> (artifact id: '47fb8935a38006a14034498a797130a1') in 0.0134023 seconds
Start importing Packages/com.unity.render-pipelines.core/Editor/LookDev/Icons/LayoutVertical.png using Guid(6a9d49ac254f03c48bf5b6590f4d2a24) (TextureImporter) -> (artifact id: '4a2d59de392458fc211f3658ead1bbb4') in 0.018109 seconds
Start importing Packages/com.unity.render-pipelines.core/Editor/Lighting/Icons/LightUnitIcons/IntenseAreaLight@2x.png using Guid(6abd010e1fd246f4585f513da25bcede) (TextureImporter) -> (artifact id: '691f38d84462ed375a50cfb928875bf9') in 0.0224086 seconds
Start importing Packages/com.unity.ugui/Editor Resources/Textures/btn_AlignCenter_Light.psd using Guid(6ace62d30f494c948b71d5594afce11d) (TextureImporter) -> (artifact id: '8a9f20c0b7b37e9bbe5218ea6736f6bd') in 0.0131609 seconds
Start importing Packages/com.unity.render-pipelines.core/Runtime/Debugging/Prefabs/Textures/UIFoldoutClosed.png using Guid(7a0568d5e3330b84687e307992be3030) (TextureImporter) -> (artifact id: '3d90943c1e2676ec1b42a068651778b2') in 0.0140262 seconds
Start importing Packages/com.unity.render-pipelines.core/Editor/Lighting/Icons/UpSnatchFocused.png using Guid(8a35aa5922ce5b746a734edf7de25ab4) (TextureImporter) -> (artifact id: '6ffd344e7117485968d11724b752fb16') in 0.0157634 seconds
Start importing Assets/MobileARTemplateAssets/UI/Sprites/Icon-Unity.png using Guid(8a45b30277e4e4bf0a2104b9870d433b) (TextureImporter) -> (artifact id: '7326dae03e3dd131f9d845af5b25aca0') in 0.0253247 seconds
Start importing Packages/com.unity.render-pipelines.core/Editor/Icons/MipLevels/RenderPipelineResources@128.png using Guid(8a682daa78f03b64597ad91aefef3dab) (TextureImporter) -> (artifact id: '44cc981142a6e081bf752d97689f41b1') in 0.0136407 seconds
Start importing Packages/com.unity.render-pipelines.core/Editor/LookDev/Icons/Environment.png using Guid(8accc003516bedf4b94c9c8a86b2b6a1) (TextureImporter) -> (artifact id: '395e98560d73f7a7f5ca19b95292a6ce') in 0.0149445 seconds
Start importing Assets/MobileARTemplateAssets/Tutorial/Images/Unity Logo.png using Guid(8a2d89b6d21dafc45b5d35a0bb56f6f2) (TextureImporter) -> (artifact id: 'a3289f00e7fe660c422478935b8cd780') in 0.0181056 seconds
Start importing Packages/com.unity.render-pipelines.core/Editor/LookDev/Icons/Layout1.png using Guid(9a3173335e5741d438e81064b518bd80) (TextureImporter) -> (artifact id: '77e8c3c71649d99db352475909901850') in 0.0135169 seconds
Start importing Packages/com.unity.render-pipelines.core/Editor/LookDev/Icons/Link@2x.png using Guid(9a235474413e1f349b010b461c76efac) (TextureImporter) -> (artifact id: '9f7eac1e8d471b45b0d0bc8b69d8df3d') in 0.0154185 seconds
Start importing Packages/com.unity.inputsystem/InputSystem/Editor/Icons/Touch@3x.png using Guid(9ad5d5b6a25b749e78b4950eae0a8ec2) (TextureImporter) -> (artifact id: '9adbc8c4bc19654ff863d91f63550960') in 0.0136862 seconds
Start importing Packages/com.unity.render-pipelines.core/Editor/Lighting/Icons/LightUnitIcons/d_BrightSky@2x.png using Guid(9a278b70c427e8e4caa47a45a5d59de8) (TextureImporter) -> (artifact id: '73d95b325694b614767355ab575cd7c2') in 0.0099984 seconds
Start importing Assets/MobileARTemplateAssets/UI/Sprites/Icon-Hints.png using Guid(9acf48fe73f174b7d8b31772eb10e075) (TextureImporter) -> (artifact id: '733b7845f1f9a3f58568ad9e61b90aab') in 0.0392884 seconds
Start importing Packages/com.unity.inputsystem/InputSystem/Editor/Icons/Button@4x.png using Guid(aa356632480554016ab8f4200032981b) (TextureImporter) -> (artifact id: '7ba49f0c1d59c61d4407f0186f7a3fc0') in 0.0145734 seconds
Start importing Packages/com.unity.learn.iet-framework/Editor/UI/Images/Icons/AssetTypes/d_TutorialSettings On.png using Guid(aad62b8f8da8a4fe8b274a21729a8b08) (TextureImporter) -> (artifact id: '1f6d7fa148976cccfc4484c4375fa5f6') in 0.0304481 seconds
Start importing Packages/com.unity.shadergraph/Editor/Resources/Icons/blackboard_dark@2x.png using Guid(aa09d480b04b3437db2ba9c9cdbc77be) (TextureImporter) -> (artifact id: '8f2021a3cc12cb8881a06ea6e4c397df') in 0.0099117 seconds
Start importing Packages/com.unity.learn.iet-framework/Editor/UI/Images/Icons/AssetTypes/d_TutorialContainer.png using Guid(aa4a1a71e46b8474594f7e3c7f929b50) (TextureImporter) -> (artifact id: 'cb8c8386ff9262bf1bb588e2ade64b9b') in 0.0375834 seconds
Start importing Packages/com.unity.inputsystem/InputSystem/Editor/AssetEditor/PackageResources/personal/propertiesBackground.png using Guid(aa4c2360f910d46f497f75b4b6677358) (TextureImporter) -> (artifact id: '9aac14cfb9930dff40257724572ddff2') in 0.0152063 seconds
Start importing Packages/com.unity.render-pipelines.core/Editor/LookDev/Icons/SunPosition.png using Guid(aa1dfcb67e8bf664d8d8a1821c118281) (TextureImporter) -> (artifact id: '51440a3c49a437f41baad727ed81aa88') in 0.0162236 seconds
Start importing Packages/com.unity.inputsystem/InputSystem/Editor/Icons/ChevronDown.png using Guid(ba304f5556a3a4fac98d126883083e7e) (TextureImporter) -> (artifact id: 'cbbdb35fa02aa9a1e7540a8b92b7f1a4') in 0.0164873 seconds
Start importing Packages/com.unity.render-pipelines.core/Editor/Lighting/Icons/LightUnitIcons/ExteriorLight.png using Guid(baa2eadff75899140ac64277e3f60453) (TextureImporter) -> (artifact id: '56704dde07ac03586e9246b7d4976ceb') in 0.0196391 seconds
Start importing Assets/Samples/XR Interaction Toolkit/3.5.1/AR Starter Assets/Textures/PlanePatternDot.png using Guid(bad94c7c5841e4b1eac9ec60ccaacb61) (TextureImporter) -> (artifact id: '35e53a71857c7f8f93aab8020e7c9bf3') in 0.1056613 seconds
Start importing Packages/com.unity.render-pipelines.core/Editor/LookDev/Icons/d_SunPosition@2x.png using Guid(ba2d3d7d05fd3e046b6d413365e9b11e) (TextureImporter) -> (artifact id: '78122ce1b29e02d274c8421d5c327570') in 0.0196371 seconds
Start importing Assets/MobileARTemplateAssets/UI/Sprites/Icon-Cube_Highlight.png using Guid(ba5e14967a5324109b9fdd05b48fd05d) (TextureImporter) -> (artifact id: '3de9512546c7daf96da74dc9e48727a4') in 0.0428244 seconds
Start importing Packages/com.unity.ugui/Editor Resources/Textures/btn_AlignBottom.psd using Guid(ca51b19024094d1b87f3e07edb0a75fb) (TextureImporter) -> (artifact id: '2370a407a3c2d7959f461a0a83bb5dd3') in 0.0121736 seconds
Start importing Packages/com.unity.render-pipelines.core/Editor/Icons/MipLevels/VolumeProfile@64.png using Guid(ca82ccfbb5485754191e3778316b1424) (TextureImporter) -> (artifact id: 'ca461221e640569da2ffb08e4b31d537') in 0.0165612 seconds
Start importing Packages/com.unity.learn.iet-framework/Editor/UI/Images/Icons/IconLink@2x.png using Guid(caa22bb026fa84979ba1be2779739367) (TextureImporter) -> (artifact id: 'bb1c0b072880131f52936a91e300378d') in 0.0266802 seconds
Start importing Packages/com.unity.inputsystem/InputSystem/Editor/Icons/d_Add Binding@3x.png using Guid(ca933a91c81734ddd88b17c8481ec1e9) (TextureImporter) -> (artifact id: '51b5f82d9504c01994fe432df24ee0c3') in 0.0161883 seconds
Start importing Packages/com.unity.inputsystem/InputSystem/Editor/Icons/Interactive Binding@3x.png using Guid(cac8742b1b72b44699fd1663287ca47d) (TextureImporter) -> (artifact id: '58d85f544e1f741535850eafec6291a9') in 0.0145565 seconds
Start importing Packages/com.unity.inputsystem/InputSystem/Editor/Icons/d_Orientation@2x.png using Guid(cae83450c8b18499c8c0239edf8bcc31) (TextureImporter) -> (artifact id: 'd42c5e63bf968b2ddaea677b524bd415') in 0.0163295 seconds
Start importing Packages/com.unity.render-pipelines.core/Editor/LookDev/Icons/d_Add@2x.png using Guid(daa49a1f06460a04b9827dd6f0bace08) (TextureImporter) -> (artifact id: '216b06cf87301939975d229b0beea03c') in 0.016985 seconds
Start importing Packages/com.unity.render-pipelines.core/Editor/LookDev/Icons/d_Layout1.png using Guid(da974c4d40533154a83d57ca90e34bb8) (TextureImporter) -> (artifact id: '20489b97e19c3b0baa68739e2271d82e') in 0.0153562 seconds
Start importing Packages/com.unity.inputsystem/InputSystem/Editor/Icons/d_Mouse@2x.png using Guid(daa9ba527d8a34b218224b8287ce11d3) (TextureImporter) -> (artifact id: '19bdfafd3b5ba8007ca41bb1a57ae507') in 0.0170831 seconds
Start importing Packages/com.unity.multiplayer.center/Editor/MultiplayerCenterWindow/UI/Icons/d_Loading.png using Guid(dab91f148d99946e7b3c3a87ecf4b973) (TextureImporter) -> (artifact id: '27d2996280557b309c63a0c08e0acd29') in 0.0213576 seconds
Start importing Packages/com.unity.inputsystem/InputSystem/Editor/Icons/Pen.png using Guid(ea8b7319643924985a9ee4ca18b8db59) (TextureImporter) -> (artifact id: '2f4d1cc0888885ebdde0413a35f36226') in 0.0123221 seconds
Start importing Assets/MobileARTemplateAssets/UI/Sprites/Icon-Gesture_PinchOpen.png using Guid(ea3ca2f27abcc4058832d7106dab9223) (TextureImporter) -> (artifact id: '602c2b9ec75a8186bae126fca678aadc') in 0.0451904 seconds
Start importing Packages/com.unity.mobile.android-logcat/Editor/Textures/Reset.png using Guid(fa4254dccaa1bfd48b7a3728a40a57af) (TextureImporter) -> (artifact id: '0472bfa156855d7c1e695aca8d337af8') in 0.0170193 seconds
Start importing Packages/com.unity.render-pipelines.universal/Textures/BlueNoise16/L/LDR_LLL1_29.png using Guid(fa042edbfc40fbd4bad0ab9d505b1223) (TextureImporter) -> (artifact id: '0f954a1886fe3fcbddc5e70f0059a59d') in 0.007929 seconds
Start importing Packages/com.unity.ugui/Editor Resources/Textures/btn_AlignJustified_Light.psd using Guid(fa6bd40a216346b783a4cce741d277a5) (TextureImporter) -> (artifact id: 'f987c8fec96f3620352758aefeed56e8') in 0.0129879 seconds
Start importing Packages/com.unity.learn.iet-framework/Editor/UI/Images/Icons/AssetTypes/Tutorial.png using Guid(0b02be8fa1de940f688483d0ec0bd992) (TextureImporter) -> (artifact id: '292c12c23b8f65d6ac24b210438455cb') in 0.0422464 seconds
Start importing Packages/com.unity.render-pipelines.core/Editor/Lighting/Icons/LightUnitIcons/d_BlueSky@2x.png using Guid(0b39f97ea330aac459e3fbb440f4b0d0) (TextureImporter) -> (artifact id: 'b8ecaed21ce6f078a52d8f086c57d0ba') in 0.0150078 seconds
Start importing Packages/com.unity.render-pipelines.core/Editor/Lighting/Icons/LightUnitIcons/InteriorLight@2x.png using Guid(1bb3da4ea375c37498c93327420e6a01) (TextureImporter) -> (artifact id: '40dbcc5489ef42413580a2c49d3193f9') in 0.0166231 seconds
Start importing Packages/com.unity.inputsystem/InputSystem/Editor/Icons/Pen@3x.png using Guid(1bf9cdd4bc492489c8c7c6190785fc48) (TextureImporter) -> (artifact id: '0bbeef88d296b3d60ceb2a2c4d469a08') in 0.0140985 seconds
Start importing Packages/com.unity.multiplayer.center/Editor/MultiplayerCenterWindow/UI/Icons/d_PackageManager.png using Guid(1b4c88814ec6241eb8e327515399c006) (TextureImporter) -> (artifact id: '40fa2ca7e82d41a7001c8709204853c0') in 0.0150501 seconds
Start importing Packages/com.unity.render-pipelines.core/Editor/Icons/RenderGraphViewer/ScriptLink@2x.png using Guid(2b2147ee427aa3a468912c85ba64c256) (TextureImporter) -> (artifact id: 'd36163926955da9f273d53bf4ca7a922') in 0.0190819 seconds
Start importing Packages/com.unity.render-pipelines.universal/Shaders/FullscreenInvertColorsTemplate.png using Guid(2bf17b1d7445af843ad939d7527d8938) (TextureImporter) -> (artifact id: 'a2bc010da065d8aab5bdd67ded7e6242') in 0.2044677 seconds
Start importing Packages/com.unity.render-pipelines.core/Editor/LookDev/Icons/d_Link@2x.png using Guid(2b06c35710693f640babb3dcf747d06a) (TextureImporter) -> (artifact id: '343ad6e0907782782daee24c73739bea') in 0.016319 seconds
Start importing Packages/com.unity.inputsystem/InputSystem/Editor/Icons/d_Interactive Binding@2x.png using Guid(3b78dc1763429489c9a1c70faf4f9a0e) (TextureImporter) -> (artifact id: '25dd2c959d71d6ac6f25313789dd50c5') in 0.0148691 seconds
Start importing Packages/com.unity.render-pipelines.universal/Textures/BlueNoise256/LDR_LLL1_1.png using Guid(4b7b083e6b6734e8bb2838b0b50a0bc8) (TextureImporter) -> (artifact id: '323cb1cc23de6d95c2829cd0f50c3023') in 0.0117577 seconds
Start importing Packages/com.unity.render-pipelines.core/Editor/Icons/RenderGraphViewer/d_Buffer@2x.png using Guid(5b418afba2ea4e542bbc80b91d784d20) (TextureImporter) -> (artifact id: 'c8c351e0552dd1efed8bb4a8dd81e3fa') in 0.0165857 seconds
Start importing Assets/MobileARTemplateAssets/UI/Sprites/Icon-RotateAxisGizmo.png using Guid(5b761a716f9a14b1f96d86db91468013) (TextureImporter) -> (artifact id: '94305b223476d097050bae74c2130e37') in 0.0455546 seconds
Start importing Packages/com.unity.render-pipelines.core/Editor/LookDev/Icons/LayoutVertical@2x.png using Guid(6b8067336fda8f040bb1f6d336ac08c5) (TextureImporter) -> (artifact id: '326b49cc4d893bff61646f4baabdb139') in 0.0206205 seconds
Start importing Packages/com.unity.xr.arfoundation/Editor/Icons/ArrowCaretLeft.png using Guid(6be7b41b0e976514cad47f3eb7b2b6a1) (TextureImporter) -> (artifact id: 'b3da3f9b3c6350cb5740a88f17c91a7b') in 0.0185302 seconds
Start importing Packages/com.unity.learn.iet-framework/Editor/UI/Images/Icons/AssetTypes/MaskingPreset.png using Guid(6b2990acf46d2461a964e04284c22ffe) (TextureImporter) -> (artifact id: '52829e8930c6deb4bbaf7df4e906d5cc') in 0.0483268 seconds
Start importing Packages/com.unity.shadergraph/Editor/Resources/Icons/SettingsIcons_hover.png using Guid(6bfd5f3c15e1ee7498657be747544985) (TextureImporter) -> (artifact id: '61723986aa1e728179373eb90d01bf11') in 0.0158443 seconds
Start importing Packages/com.unity.inputsystem/InputSystem/Editor/Icons/TrackedPoseDriver@4x.png using Guid(7b8bfaee8f8631c4789ac62373cbc2d4) (TextureImporter) -> (artifact id: '10c02e13b5afc0714bcb7b48c3e08c22') in 0.0229099 seconds
Start importing Packages/com.unity.inputsystem/InputSystem/Editor/Icons/Add Binding@3x.png using Guid(8be1fbf4b24de44c99840805bdae9e40) (TextureImporter) -> (artifact id: '16a4227c513bc96652fac6d4548d954f') in 0.0079493 seconds
Start importing Packages/com.unity.ugui/Editor Resources/Textures/btn_AlignBaseLine.psd using Guid(8bc445bb79654bf496c92d0407840a92) (TextureImporter) -> (artifact id: 'dbaacfbca9772f1a2ddd397b5d235575') in 0.0127847 seconds
Start importing Packages/com.unity.render-pipelines.core/Editor/Lighting/Icons/PresetHair.png using Guid(9b18a8aa7da659344b2fce408beb09c3) (TextureImporter) -> (artifact id: 'f7414ad93f3f87838e9de6292e04d15b') in 0.0161079 seconds
Start importing Packages/com.unity.render-pipelines.universal/Editor/Decal/Resources/DecalGizmo.png using Guid(9ba98ca4f0fc0754caca09e38af0cc0a) (TextureImporter) -> (artifact id: '4050e88bd43a0d9a7c6beff44963e3e5') in 0.021089 seconds
Start importing Packages/com.unity.render-pipelines.core/Editor/LookDev/Icons/d_Rotation.png using Guid(abc6ce87642c5c1478a4b107d1c5688a) (TextureImporter) -> (artifact id: '000890947dd36302dd88b3cc48137bcd') in 0.0142661 seconds
Start importing Packages/com.unity.render-pipelines.core/Editor/LookDev/Icons/LeftArrow.png using Guid(aba72f93e9005054dba8cb368c0bf724) (TextureImporter) -> (artifact id: 'fb14dc06f16d00c9469a0e0d2a06d6d0') in 0.0160938 seconds
Start importing Packages/com.unity.inputsystem/InputSystem/Editor/Icons/d_Dpad@2x.png using Guid(ab9b5824ece1d443aa1f3a5672d9da86) (TextureImporter) -> (artifact id: '11d3ad795b6724cad8f9dcb63757c777') in 0.0130944 seconds
Start importing Packages/com.unity.ugui/Editor Resources/Textures/btn_AlignMidline_Light.psd using Guid(bb42b2d967d6427983c901a4ffc8ecd9) (TextureImporter) -> (artifact id: 'dadf78d9cad247b4698a740a4ba845c9') in 0.0108623 seconds
Start importing Packages/com.unity.inputsystem/InputSystem/Editor/Icons/d_Pen.png using Guid(bb42fb9342e9d4e68b6cf39a2e071d9b) (TextureImporter) -> (artifact id: '653d14ebf871c097691e7c05c6900ac4') in 0.0127363 seconds
Start importing Packages/com.unity.render-pipelines.core/Editor/Lighting/Icons/LightUnitIcons/CloudySky.png using Guid(bb2cc982d8ff1aa4a9ce5ee5fdb29023) (TextureImporter) -> (artifact id: '443b73d738b95c59297f9e05e2bad6e4') in 0.0126747 seconds
Start importing Packages/com.unity.render-pipelines.core/Editor/Lighting/Icons/PresetKick_Left.png using Guid(bb3de0f2ada94114cbb7cc74829de16d) (TextureImporter) -> (artifact id: '56b6c537dd9c8b78f42b7bd992fd659f') in 0.0159458 seconds
Start importing Packages/com.unity.inputsystem/InputSystem/Editor/Icons/Add Binding@2x.png using Guid(bb5fa99d6e9434c9ebf101c956021ee1) (TextureImporter) -> (artifact id: 'e5e6a07ea73380770f586a7dd3b7d918') in 0.014776 seconds
Start importing Packages/com.unity.render-pipelines.universal/Textures/BlueNoise256/LDR_LLL1_3.png using Guid(cb76dd40fa7654f9587f6a344f125c9a) (TextureImporter) -> (artifact id: '43b5c5112332f0438f4982828b21ef17') in 0.0092753 seconds
Start importing Packages/com.unity.learn.iet-framework/Editor/UI/Images/Tutorials/Icons/AddPrefab@2x.png using Guid(cb88a5233232f48b6a3145ff433696a6) (TextureImporter) -> (artifact id: 'd7a5151ffdc2eb2c16082be3da654821') in 0.0151799 seconds
Start importing Packages/com.unity.xr.arfoundation/Assets/Textures/FeaturePoint.png using Guid(cb09035d41f4b43b7bd4f62030163d77) (TextureImporter) -> (artifact id: '3623f4b0d4749d0d4250ebda4a344430') in 0.0137904 seconds
Start importing Packages/com.unity.render-pipelines.core/Editor/LookDev/Icons/d_renderdoc.png using Guid(cbe929948d88af7409a05054bc8187c7) (TextureImporter) -> (artifact id: '59005f7966021c51fd83b930943af6ec') in 0.0144256 seconds
Start importing Packages/com.unity.render-pipelines.core/Editor/LookDev/Icons/Add.png using Guid(cbaeed03e5416aa4bae23110b63a0c7d) (TextureImporter) -> (artifact id: '83e0c40a9423f0af03da509b659820f5') in 0.0137463 seconds
Start importing Assets/MobileARTemplateAssets/UI/Sprites/MixedCorners_1.png using Guid(dbf11d919ae484544b627c4b07dcf6b4) (TextureImporter) -> (artifact id: '38ab88f3df858820767c1c20aa809425') in 0.0294496 seconds
Start importing Packages/com.unity.render-pipelines.core/Editor/Lighting/Icons/LightUnitIcons/ClearSky.png using Guid(db0321d865208c648ae843f39ab69004) (TextureImporter) -> (artifact id: '1a1886913c5c85a3713b7e69d23fb5a3') in 0.0132523 seconds
Start importing Packages/com.unity.render-pipelines.core/Editor/LookDev/Icons/d_Rotation@2x.png using Guid(db7aaa162a1a5a54b826d15b5b20fb06) (TextureImporter) -> (artifact id: '9c9e22277831fdf737178a5ad2f65f83') in 0.0150657 seconds
Start importing Packages/com.unity.inputsystem/InputSystem/Editor/Icons/d_Button@4x.png using Guid(db3dc7a02ac6d4e90bbe905a44ac265b) (TextureImporter) -> (artifact id: '7474c374385272763f7f13b26bf4fef9') in 0.013774 seconds
Start importing Assets/Samples/XR Interaction Toolkit/3.5.1/Starter Assets/DemoAssets/Sprites/Checkmark.png using Guid(db3e7b7c8db355e499429545071a0321) (TextureImporter) -> (artifact id: 'f0e87e5e6d1422e98ffaf495247ffb39') in 0.0285487 seconds
Start importing Packages/com.unity.inputsystem/InputSystem/Editor/Icons/d_Interactive Binding.png using Guid(eb28fd64eacfa495c97193108f1cdf03) (TextureImporter) -> (artifact id: '59348916047e312e249693ee9ba2fa0c') in 0.0150877 seconds
Start importing Packages/com.unity.render-pipelines.core/Editor/Lighting/Icons/LightUnitIcons/d_Shade.png using Guid(fbe2a78a665b37a4c9ec6623f42feb59) (TextureImporter) -> (artifact id: 'b63fa4d1f31835ce75b30a3fa603242d') in 0.0148487 seconds
Start importing Packages/com.unity.learn.iet-framework/Editor/UI/Images/Icons/AssetTypes/d_TutorialContainer On.png using Guid(fb53de4b356de4b61a985d29dc3815eb) (TextureImporter) -> (artifact id: '9c48d14a969768bb36f3598ae9e77abf') in 0.0335094 seconds
Start importing Packages/com.unity.ugui/Editor Resources/Textures/SectionHeader_Dark.psd using Guid(fb5730e24283d0c489e5c7d0bee023d9) (TextureImporter) -> (artifact id: '79283d900b79ab73131fb469e0743da7') in 0.0122678 seconds
Start importing Packages/com.unity.shadergraph/Editor/Resources/GraphView/Nodes/NodeChevronLeft.png using Guid(fb2ebd29216e958449e2ce6f37fde61d) (TextureImporter) -> (artifact id: '8e90721815093ba85dd7f8b9ea6d70ae') in 0.0085751 seconds
Start importing Packages/com.unity.render-pipelines.universal/Editor/2D/Resources/LightCapBottomLeft.png using Guid(fb7e2c1cde476854fb7067dcca74511a) (TextureImporter) -> (artifact id: '672b4f7b180900bf7136595c9a615164') in 0.007717 seconds
Start importing Packages/com.unity.render-pipelines.core/Editor/Lighting/Icons/d_LightPlacement_Icon@2x.png using Guid(fbee1c54ecff3d24e8f34e2bbd19390f) (TextureImporter) -> (artifact id: 'a6fb003071009b033799ce2e34c24910') in 0.010535 seconds
Start importing Packages/com.unity.render-pipelines.core/Editor/Lighting/Icons/LightUnitIcons/d_CloudySky.png using Guid(0c24a3ead3381ee4cb4574c5be266d87) (TextureImporter) -> (artifact id: '38effd288a3bb3ffe3fe254599b95ae9') in 0.0146455 seconds
Start importing Packages/com.unity.render-pipelines.core/Editor/Lighting/Icons/LightUnitIcons/d_ExteriorLight@2x.png using Guid(0cd6ad04e58c5e1478f2925fa64f5b57) (TextureImporter) -> (artifact id: 'e043646e7fbbc834d80449c1f78a7e7b') in 0.0157818 seconds
Start importing Packages/com.unity.searcher/Editor/Resources/FlatSkin/SearchSmallDownOff@2x.png using Guid(0c2aa48d028b3134dbbb5ceb57bff5ac) (TextureImporter) -> (artifact id: 'ffa6f6aa665226428ab762028ca8e475') in 0.0084686 seconds
Start importing Packages/com.unity.render-pipelines.core/Editor/Lighting/Icons/PresetBounce_Left.png using Guid(1c7013643e4df944492a5801199df62a) (TextureImporter) -> (artifact id: '4c5ca46c7b4168422f1ba5f5fee36c36') in 0.0152534 seconds
Start importing Assets/Samples/XR Interaction Toolkit/3.5.1/AR Starter Assets/DemoAssets/Sprites/Icon - Object - Cylinder.png using Guid(1c72e2211b1ba47d7baf8d6ee5a5daf5) (TextureImporter) -> (artifact id: '9b03beb98facb259a3930d31c9b5ffcd') in 0.0858456 seconds
Start importing Packages/com.unity.render-pipelines.core/Editor/LookDev/Icons/LayoutCustom.png using Guid(1cc4a70085896c04bbfbf60669963fc8) (TextureImporter) -> (artifact id: '1a6582c881886096ed7dda04a745bda6') in 0.0147637 seconds
Start importing Packages/com.unity.inputsystem/InputSystem/Editor/Icons/Orientation@4x.png using Guid(1c751eb104ad5407992e614361d5f81e) (TextureImporter) -> (artifact id: '9705f801af1a287bd8342899fc218965') in 0.0145377 seconds
Start importing Packages/com.unity.inputsystem/InputSystem/Editor/Icons/Button@2x.png using Guid(1c37f00575bd6494ea726be5afee89b9) (TextureImporter) -> (artifact id: '2257e9d1d1f9877c1059e1eea882f0da') in 0.0129745 seconds
Start importing Packages/com.unity.render-pipelines.universal/Textures/BlueNoise16/L/LDR_LLL1_25.png using Guid(1c3c6d69a645b804fa232004b96b7ad3) (TextureImporter) -> (artifact id: '9a5e5926f61c6c4f4a6bbdb727af6e7b') in 0.007708 seconds
Start importing Packages/com.unity.render-pipelines.core/Editor/Icons/MipLevels/RenderGraphViewer/d_Resources@16.png using Guid(2c62c65904d676c489198d40c731befe) (TextureImporter) -> (artifact id: 'ad592ad5dd00e983cbb5bbb2e8239b8e') in 0.0154935 seconds
Start importing Packages/com.unity.learn.iet-framework/Editor/UI/Images/Tutorials/Headers/HeaderPrefab.png using Guid(2ca2357d648eb412d8129fa039b986fe) (TextureImporter) -> (artifact id: '1785bef575326f9321218486fd323d75') in 0.0157742 seconds
Start importing Packages/com.unity.multiplayer.center/Editor/MultiplayerCenterWindow/UI/Icons/N4E@2x.png using Guid(2cb589d4e01184d928bb698f06e77561) (TextureImporter) -> (artifact id: '8d848a5c02bbccb4441f723453448240') in 0.0151361 seconds
Start importing Packages/com.unity.render-pipelines.universal/Textures/BlueNoise16/L/LDR_LLL1_4.png using Guid(2ca97df9d1801e84a8a8f2c53cb744f0) (TextureImporter) -> (artifact id: '2c02dfad3f58657532af55f8510dd0a8') in 0.0075578 seconds
Start importing Packages/com.unity.xr.arfoundation/Editor/Icons/d_AddEdit.png using Guid(3c17fee51ce6c394e936fd30873e741e) (TextureImporter) -> (artifact id: 'f3c332352944be5ddc7206c675d480eb') in 0.0141235 seconds
Start importing Packages/com.unity.render-pipelines.core/Editor/Icons/MipLevels/d_RenderPipelineResources@32.png using Guid(4c30e5cf9793c0044a32b7aadd4f6f5e) (TextureImporter) -> (artifact id: '5349649f4239d5a9910893d0d4604dfe') in 0.0139746 seconds
Start importing Packages/com.unity.shadergraph/Editor/Resources/GraphView/Nodes/NodeChevronDown.png using Guid(4c07dcabd0a45844eb0889811a49b9bf) (TextureImporter) -> (artifact id: 'cc7942206707e4d74524e9acc193742b') in 0.003178 seconds
Start importing Packages/com.unity.render-pipelines.universal/Textures/FilmGrain/Large02.png using Guid(5cdee82a77d13994f83b8fdabed7c301) (TextureImporter) -> (artifact id: '8f115859222599f1493cdadf5452945c') in 0.012544 seconds
Start importing Packages/com.unity.inputsystem/InputSystem/Editor/Icons/Dpad@3x.png using Guid(6c1147159d9dc42948601b29dfc9a40c) (TextureImporter) -> (artifact id: '87ea998045c03fd7650175cc09a0afb5') in 0.0134295 seconds
Start importing Packages/com.unity.xr.arfoundation/Assets/Textures/IconBackgroundCircleFill@2x.png using Guid(6c411504a8c1e40c4aa19423033e6dd2) (TextureImporter) -> (artifact id: 'c01de032297de345b79dfb0f73ab099c') in 0.0186848 seconds
Start importing Packages/com.unity.render-pipelines.core/Editor/Lighting/Icons/PresetRim_Left.png using Guid(6cec6e582e857c24bb9432ed7ff629f8) (TextureImporter) -> (artifact id: '440b5e19bd126b330c40d4ff62cd2b07') in 0.0159433 seconds
Start importing Packages/com.unity.render-pipelines.universal/Textures/BlueNoise16/L/LDR_LLL1_3.png using Guid(7ce2118f74614a94aa8a0cdf2e6062c3) (TextureImporter) -> (artifact id: '253bad1d3a0383cf8be2fcf2c91fa7a1') in 0.0064435 seconds
Start importing Packages/com.unity.render-pipelines.universal/Editor/2D/Resources/PixelPerfectCamera.png using Guid(7cba34d70552e144586a4d3ce4a33de5) (TextureImporter) -> (artifact id: '7389ed4df8b28f84170e00444c6e0a4a') in 0.0104612 seconds
Start importing Packages/com.unity.render-pipelines.core/Editor/Icons/MipLevels/RenderGraphViewer/Resources@32.png using Guid(8c00ff63cd786b34685fe28d9d37c2b9) (TextureImporter) -> (artifact id: '6297a694b57e8a4294e4fd41c5452471') in 0.0172998 seconds
Start importing Packages/com.unity.render-pipelines.core/Editor/LookDev/Icons/d_Duplicate@2x.png using Guid(8ca869dd944d5f54e9ec614b26f10dcb) (TextureImporter) -> (artifact id: 'c742fa61d00b10aa75008d52c68193ae') in 0.0157392 seconds
Start importing Packages/com.unity.render-pipelines.core/Editor/LookDev/Icons/d_LayoutCustom.png using Guid(8c3a606a4a147a34c952b98bf038c662) (TextureImporter) -> (artifact id: '5df434caa5662c8c6d8ceebfcea60512') in 0.0164937 seconds
Start importing Packages/com.unity.render-pipelines.core/Editor/LookDev/Icons/LayoutHorizontal.png using Guid(8ccec084228b3b74a898f38126eb142f) (TextureImporter) -> (artifact id: 'eecdbe35e8b1a6489ae190a9d4900c0b') in 0.0160802 seconds
Start importing Packages/com.unity.render-pipelines.core/Editor/LookDev/Icons/d_RenderDoc@2x.png using Guid(9c63b51755ec8c845b857cc73a35d606) (TextureImporter) -> (artifact id: 'e439e76490c677c5d8d9503d382c956a') in 0.0157259 seconds
Start importing Packages/com.unity.learn.iet-framework/Editor/UI/Images/Icons/ErrorDark.png using Guid(9cfb9b6201a7eca4e8bd185296d14f00) (TextureImporter) -> (artifact id: '1604ca5b1673d1a81044ec54b2e3a64d') in 0.0172342 seconds
Start importing Packages/com.unity.render-pipelines.core/Editor/LookDev/Icons/d_LayoutHorizontal@2x.png using Guid(9cad92999ddfa304495b735a55c78329) (TextureImporter) -> (artifact id: '4623f48e216158372097a83aacf90b2b') in 0.0169957 seconds
Start importing Packages/com.unity.inputsystem/InputSystem/Editor/Icons/Pen@4x.png using Guid(acf10446fff184bb98db6350c2c43148) (TextureImporter) -> (artifact id: 'a7a0adb2870f9e9a9d52ff290e9c45ab') in 0.0154639 seconds
Start importing Assets/MobileARTemplateAssets/Materials/Concrete_Normal.tif using Guid(ac1389e5bfca4384da60ced0c25f4a68) (TextureImporter) -> (artifact id: 'efed5b854d422d57295d80e4e94c6904') in 0.1464524 seconds
Start importing Packages/com.unity.render-pipelines.core/Editor/Icons/MipLevels/d_Volume@64.png using Guid(aca45e74fd5117e499180b8f31d39395) (TextureImporter) -> (artifact id: 'ebbdddb573cf336fd184f5ba63c69423') in 0.0148473 seconds
Start importing Packages/com.unity.render-pipelines.core/Editor/Lighting/Icons/LightUnitIcons/d_ExteriorLight.png using Guid(acd8a3fb93bb04b4db467ca2090011ae) (TextureImporter) -> (artifact id: '657e6a8207b9275730f42a79d7728abc') in 0.0155513 seconds
Start importing Packages/com.unity.render-pipelines.core/Editor/Lighting/Icons/LightUnitIcons/DecorativeLight@2x.png using Guid(ac6bd7230f54da84b8ad3a0e2b14b3d9) (TextureImporter) -> (artifact id: '5b69d446ccd632a7fea9a9b1df794c42') in 0.0185391 seconds
Start importing Packages/com.unity.inputsystem/InputSystem/Editor/Icons/d_Position@4x.png using Guid(ac4c5ccb2785f4460b2dcfe47010c688) (TextureImporter) -> (artifact id: '192eb500be6de3dd89d85a8c73a2b109') in 0.013958 seconds
Start importing Packages/com.unity.render-pipelines.core/Editor/Icons/MipLevels/Volume@128.png using Guid(bcac3edca050cd043be3942131c59be3) (TextureImporter) -> (artifact id: '555608f18b48b7164e5d6c63b8ea7b16') in 0.0147984 seconds
Start importing Packages/com.unity.render-pipelines.core/Editor/LookDev/Icons/d_Remove@2x.png using Guid(cc27e95868ab32345b74b8338c01ebed) (TextureImporter) -> (artifact id: '925ae2ce860d430e254bac20567a9655') in 0.0151765 seconds
Start importing Assets/Samples/XR Interaction Toolkit/3.5.1/AR Starter Assets/DemoAssets/Sprites/Icon - Object - Torus.png using Guid(cc39c192440c8432582befdd623cb4db) (TextureImporter) -> (artifact id: '8258121c4ee93c719ce305298b57959b') in 0.0927342 seconds
Start importing Packages/com.unity.render-pipelines.core/Editor/LookDev/Icons/d_SunPosition.png using Guid(cc99218b39d91f84e9a26fac406c07e7) (TextureImporter) -> (artifact id: '601411d344b1461faed3dec272a2e335') in 0.0257422 seconds
Start importing Packages/com.unity.learn.iet-framework/Editor/UI/Images/Icons/AssetTypes/d_TutorialPage On.png using Guid(cc5c4c116b152426da3097bb7aee4ce2) (TextureImporter) -> (artifact id: '7bdd91bcc8001a65dea5fabf6138266e') in 0.048924 seconds
Start importing Packages/com.unity.multiplayer.center/Editor/MultiplayerCenterWindow/UI/Icons/CustomNetcode.png using Guid(dce12af736e0a4a1ba35d6424f897dc9) (TextureImporter) -> (artifact id: '53e618f3b394c8a50360897ebcf9883b') in 0.0207616 seconds
Start importing Assets/MobileARTemplateAssets/UI/Sprites/Icon-Editor.png using Guid(ec8113952fe494e6f9868f08524e4e90) (TextureImporter) -> (artifact id: 'ffd3fcc5619097913337b2ffc7884543') in 0.04363 seconds
Start importing Packages/com.unity.inputsystem/InputSystem/Editor/Icons/InputControl.png using Guid(ec85de66fa5b64dd984fdcc82f8f92b3) (TextureImporter) -> (artifact id: 'a99900b01ee4c806bfd0561dfb6e9f9b') in 0.0140949 seconds
Start importing Packages/com.unity.render-pipelines.core/Editor/Icons/RenderGraphViewer/MemorylessTexture@2x.png using Guid(ec3a3173916c141d8962a4466c366be6) (TextureImporter) -> (artifact id: '46b88c60d0a76483c221be564851cda8') in 0.0141517 seconds
Start importing Packages/com.unity.xr.arfoundation/Editor/Icons/d_NoViewEnvironment.png using Guid(ecaa53a930f98bb44872ac2989fabc18) (TextureImporter) -> (artifact id: 'e696ef85692306c95c5c8ecd0de069aa') in 0.0152239 seconds
Start importing Packages/com.unity.ugui/Editor Resources/Gizmos/TMP - Sprite Asset Icon.psd using Guid(ec7c645d93308c04d8840982af12101e) (TextureImporter) -> (artifact id: '52ca22c66d412f02f5396f5f1fa4af88') in 0.0130451 seconds
Start importing Packages/com.unity.render-pipelines.universal/Editor/2D/Resources/Cinemachine.png using Guid(ec2f01df0bb1bfe459b5562a9e71c8d4) (TextureImporter) -> (artifact id: 'fd7f46fdd8e83ac37d54893ad2f5d7c3') in 0.0311273 seconds
Start importing Packages/com.unity.render-pipelines.core/Editor/LookDev/Icons/d_CenterLight.png using Guid(fca3bc21b4600e04faaddb69c5fad81e) (TextureImporter) -> (artifact id: '458af3f31d6c26e448892895ad65f9a7') in 0.0181665 seconds
Start importing Packages/com.unity.inputsystem/InputSystem/Editor/Icons/d_Joystick@3x.png using Guid(fcaa0d99df7c74f52afaa17a375dd393) (TextureImporter) -> (artifact id: '7af7d3080d3c11afcb0d21051bf67024') in 0.0137324 seconds
Start importing Packages/com.unity.render-pipelines.universal/Textures/BlueNoise16/L/LDR_LLL1_11.png using Guid(fc3fa8f108657e14486697c9a84ccfc5) (TextureImporter) -> (artifact id: 'a65b95951c856f5b431debada0785bef') in 0.0095901 seconds
Start importing Assets/Samples/XR Interaction Toolkit/3.5.1/AR Starter Assets/DemoAssets/Sprites/Icon - Object - Debug Cube.png using Guid(0d77f64dcf23ba448b2a63ad6f4c50c2) (TextureImporter) -> (artifact id: 'cca52de9735d37b1a2f985de50d0d64b') in 0.0919512 seconds
Start importing Packages/com.unity.render-pipelines.core/Editor/LookDev/Icons/d_Duplicate.png using Guid(0d692588b1d40e9429620400bd5efe63) (TextureImporter) -> (artifact id: 'cebb953e5ad477e8d44fcd11995cb370') in 0.0168952 seconds
Start importing Packages/com.unity.inputsystem/InputSystem/Editor/Icons/d_ChevronDown@4x.png using Guid(0de917098a5b848b1a371e570928ce10) (TextureImporter) -> (artifact id: 'e2cf7104ba3d336339b4c18137bc1332') in 0.0103058 seconds
Start importing Packages/com.unity.ugui/Editor Resources/Textures/btn_AlignCapLine.psd using Guid(0d9a36012a224080966c7b55896aa0f9) (TextureImporter) -> (artifact id: 'd3205c96743d0af44e4fbe010597653e') in 0.0121512 seconds
Start importing Packages/com.unity.render-pipelines.core/Editor/Lighting/Icons/d_LightPlacement_Icon On.png using Guid(1d70e8f2a6df91f46a8e5b4f2378c8bc) (TextureImporter) -> (artifact id: '6c6da445043d4531a440cf63ddf3bcbd') in 0.010435 seconds
Start importing Packages/com.unity.mobile.android-logcat/Editor/Textures/PlayOn.png using Guid(1de78c08a38778745a17417b31e026a5) (TextureImporter) -> (artifact id: '78c4714227100a0911dbf9e1857636d0') in 0.0130728 seconds
Start importing Packages/com.unity.learn.iet-framework/Editor/UI/Images/Icons/Close_w@2x.png using Guid(1d79f294c7d0eb646b0305badbff4074) (TextureImporter) -> (artifact id: '704f23a60a38306d355d40116a2eefa9') in 0.014254 seconds
Start importing Packages/com.unity.render-pipelines.core/Editor/Lighting/Icons/LightUnitIcons/MediumAreaLight@2x.png using Guid(1dea3362fb2f72d46b7e3351a7e12ccf) (TextureImporter) -> (artifact id: '7e4203c4f1d431e9175989ddbef9e030') in 0.0157794 seconds
Start importing Packages/com.unity.render-pipelines.core/Editor/Lighting/Icons/PresetRim_Right.png using Guid(1deb07c84dc414b4388bf2970d0c9aef) (TextureImporter) -> (artifact id: '0b0aba685daa6e36deb8cde6834b3934') in 0.0146333 seconds
Start importing Packages/com.unity.learn.iet-framework/Editor/UI/Images/Icons/Close_w.png using Guid(1dfbe01be9967164db17504006d82406) (TextureImporter) -> (artifact id: 'bd93fee39abb8757ebc5124cf6cff8d8') in 0.0135531 seconds
Start importing Packages/com.unity.multiplayer.center/Editor/MultiplayerCenterWindow/UI/Icons/NoNetcode.png using Guid(1daed49eec0f94f7ebb36dfef6159884) (TextureImporter) -> (artifact id: 'afad62f23df598fa67acb4e126b972cf') in 0.0164528 seconds
Start importing Assets/Samples/XR Interaction Toolkit/3.5.1/AR Starter Assets/DemoAssets/Textures/ConcreteNormal.tif using Guid(1dce72fffd0af44ad8e9cdd61d9fc604) (TextureImporter) -> (artifact id: '0b24e7fb9257bfb62558f70c20b7b392') in 0.1434739 seconds
Start importing Packages/com.unity.render-pipelines.universal/Editor/ShaderGraph/GraphTemplates/UITKFullTemplate.png using Guid(3d3db9f7026a8344cbbc2353827bbbc0) (TextureImporter) -> (artifact id: 'cfd10da191adb33dde88e8e1df6bbecc') in 0.6832109 seconds
Start importing Packages/com.unity.inputsystem/InputSystem/Editor/Icons/d_Add Binding@2x.png using Guid(3d7dc8d6b9a96490b9aa433645712fdf) (TextureImporter) -> (artifact id: 'ab168b1f00b9b2217119507cd7f23c56') in 0.0127124 seconds
Start importing Packages/com.unity.render-pipelines.core/Editor/LookDev/Icons/d_Layout1@2x.png using Guid(4de5e4f3717b2c548bd8b90b6c628b2f) (TextureImporter) -> (artifact id: '4906dbcf976767c8dae498675d2d5b3c') in 0.0145423 seconds
Start importing Packages/com.unity.learn.iet-framework/Editor/UI/Images/Icons/ErrorLight.png using Guid(4da64cb1900b2104d9a9d90c41036569) (TextureImporter) -> (artifact id: '91411bc4fee38d7704cde9ffcdc0941b') in 0.0121899 seconds
Start importing Packages/com.unity.render-pipelines.core/Editor/Lighting/Icons/PresetBounce_Right.png using Guid(4dac1eeb02c481340801b3ac458b2976) (TextureImporter) -> (artifact id: 'bec99c913b62494121d4fba561a1b292') in 0.0124356 seconds
Start importing Packages/com.unity.render-pipelines.universal/Textures/BlueNoise16/L/LDR_LLL1_15.png using Guid(4dcc0502f8586f941b5c4a66717205e8) (TextureImporter) -> (artifact id: '3889ba3c94eb67471eda3eefb01f797b') in 0.0078019 seconds
Start importing Packages/com.unity.inputsystem/InputSystem/Editor/Icons/Gamepad@2x.png using Guid(4defb5292901c41f29313d9c9c87a7eb) (TextureImporter) -> (artifact id: '888cb1bcb681fcd2dc41c6309a871e31') in 0.0126706 seconds
Start importing Packages/com.unity.inputsystem/InputSystem/Editor/Icons/d_ChevronDown@3x.png using Guid(5d96795fd770f47d69d997b053532730) (TextureImporter) -> (artifact id: '60dbe7b40ab0d224f5398a06b4261bfc') in 0.0083888 seconds
Start importing Packages/com.unity.render-pipelines.core/Editor/Icons/MipLevels/VolumeProfile@256.png using Guid(5d574cebaf0c0a34aa93a406ad65a61b) (TextureImporter) -> (artifact id: '7ff7b41d45bdafbabe36dd932b6b2529') in 0.013298 seconds
Start importing Packages/com.unity.render-pipelines.core/Editor/Lighting/Icons/LightUnitIcons/Overcast@2x.png using Guid(5db8233d631a83f429153aaeb8f8333a) (TextureImporter) -> (artifact id: '32a4d047a7ef9128dda3ed4ed21e61b6') in 0.0106231 seconds
Start importing Packages/com.unity.inputsystem/InputSystem/Editor/Icons/d_Stick@2x.png using Guid(5d0b11389336d4b16b96f147c9f912e2) (TextureImporter) -> (artifact id: '0cf4f101a9af0c20953d642352e250dc') in 0.0113418 seconds
Start importing Packages/com.unity.learn.iet-framework/Editor/UI/Images/Icons/AssetTypes/d_TutorialPage.png using Guid(5d2f0307928eb4f7f9519841c6472e5b) (TextureImporter) -> (artifact id: 'eec9a3da1b9720f033e80ffe4ba7442c') in 0.0275699 seconds
Start importing Packages/com.unity.inputsystem/InputSystem/Editor/Icons/d_Touch@4x.png using Guid(6db042035460c4167a6ab8d1ac3c2681) (TextureImporter) -> (artifact id: 'b5e5a90865e63462f0c3bf4d048198bc') in 0.0119293 seconds
Start importing Assets/MobileARTemplateAssets/UI/Sprites/RoundRadius_10_Top.png using Guid(7d01881b9d63e4eab9964dcbe672835a) (TextureImporter) -> (artifact id: '4b48a35664c3768b550b31d9278bad7a') in 0.0633073 seconds
Start importing Packages/com.unity.shadergraph/Editor/Resources/Icons/sg_graph_icon_gray_light.png using Guid(7d62654fc399cc349a1ed7e0eab44ff0) (TextureImporter) -> (artifact id: '90ccac0036787113d55b426c0baf8c7d') in 0.0105443 seconds
Start importing Assets/MobileARTemplateAssets/UI/Sprites/Icon-LiftAxisGizmo.png using Guid(7d7267d5f5b16410f885ec459e512806) (TextureImporter) -> (artifact id: 'dcf2b3d5fbafc90183c379af7da08167') in 0.0399507 seconds
Start importing Assets/MobileARTemplateAssets/UI/Sprites/Icon-Cube_Lift_Mask.png using Guid(7d243d9badfce4aa5867d7ce26d0c7c1) (TextureImporter) -> (artifact id: '52fc33b11941518eb348e1968d337c7e') in 0.0405512 seconds
Start importing Packages/com.unity.inputsystem/InputSystem/Editor/Icons/d_Joystick.png using Guid(7d4638131127c4f4382fb36cf16c52fe) (TextureImporter) -> (artifact id: '1195751cedd59a51af40344d7e13698f') in 0.0127767 seconds
Start importing Packages/com.unity.shadergraph/Editor/Resources/GraphView/Nodes/PreviewExpand.png using Guid(8df757582ef08984bb6c3510e3a9fd1e) (TextureImporter) -> (artifact id: '0d1bd72fb408baafc0e23ae6942818ce') in 0.0087243 seconds
Start importing Packages/com.unity.render-pipelines.core/Runtime/Sampling/Textures/SobolBlueNoise/SobolOwenScrambled256.png using Guid(8d786511913a2cb4aacb1f9a188652b4) (TextureImporter) -> (artifact id: 'c6004fa4a464d3ab207d245f1c3aef6a') in 0.015231 seconds
Start importing Assets/MobileARTemplateAssets/UI/Sprites/Icon-DeleteStroke.png using Guid(8d991699eeb4f403c9eda28f96d7c6f6) (TextureImporter) -> (artifact id: '70f4ba7d01227aa046e5a65333273092') in 0.0399744 seconds
Start importing Packages/com.unity.learn.iet-framework/Editor/UI/Images/Icons/Close@2x.png using Guid(8d9e24be8d3dd4e5c89cf94ed0cac3be) (TextureImporter) -> (artifact id: 'eaea1b35d5c67469f5705b014084e4a7') in 0.0128567 seconds
Start importing Packages/com.unity.render-pipelines.universal/Textures/BlueNoise16/L/LDR_LLL1_16.png using Guid(9d92991794bb5864c8085468b97aa067) (TextureImporter) -> (artifact id: '1a2002fa8f163555017f2cad3f3bbf34') in 0.0067497 seconds
Start importing Packages/com.unity.multiplayer.center/Editor/MultiplayerCenterWindow/UI/Icons/Package.png using Guid(9d9689eab72c8480c90679f4dcf18820) (TextureImporter) -> (artifact id: '3fe14525dd7be087602c20bbefb7df3f') in 0.0156458 seconds
Start importing Packages/com.unity.render-pipelines.core/Editor/Lighting/Icons/LightPlacement_Icon@256.png using Guid(9d1f3c50fbb907f4fba5095da15f23dc) (TextureImporter) -> (artifact id: '14e984694c55447d7bd015da01e5e26e') in 0.0448268 seconds
Start importing Packages/com.unity.render-pipelines.core/Runtime/Sampling/Textures/SobolBlueNoise/RankingTile256SPP.png using Guid(adf003e8db5aef64fa57c155f2e599be) (TextureImporter) -> (artifact id: '5f0a463862a19b02b043e378a2e8d795') in 0.0151246 seconds
Start importing Packages/com.unity.render-pipelines.core/Editor/Icons/MipLevels/d_RenderPipelineResources@16.png using Guid(adc1ce28e3842cd46b0a08e5ac86a647) (TextureImporter) -> (artifact id: '7a240a86390ec0700d1ca55222c993a5') in 0.0143098 seconds
Start importing Packages/com.unity.render-pipelines.core/Editor/Resources/Gizmos/ProbeTouchupVolume.png using Guid(adc48c15b6dfb444b865f111178f02ec) (TextureImporter) -> (artifact id: '1d7f4f76518c5574e66d5d292155be97') in 0.0505604 seconds
Start importing Packages/com.unity.shadergraph/Editor/Resources/GraphView/Nodes/PreviewCollapse@2x.png using Guid(adc5cc7a4034e1b41b9341fa124ef43d) (TextureImporter) -> (artifact id: 'b4359dfea379304f064c67841393a94c') in 0.0104925 seconds
Start importing Packages/com.unity.multiplayer.center/Editor/MultiplayerCenterWindow/UI/Icons/CloudCode.png using Guid(ad1d29f4654194951a3c8bf507914d05) (TextureImporter) -> (artifact id: '90124fe0f6b462b9d3b2ba2ad602f4dd') in 0.016421 seconds
Start importing Packages/com.unity.render-pipelines.core/Editor/Lighting/Icons/PresetKick_Right.png using Guid(bdb354565d2d91e48a7ffe02442fe226) (TextureImporter) -> (artifact id: 'ffd430d40714d21cb9f496c23a9c5349') in 0.0135628 seconds
Start importing Packages/com.unity.render-pipelines.core/Editor/LookDev/Icons/LookDev@2x.png using Guid(bd76726ffb1eb94429fb8143429bd978) (TextureImporter) -> (artifact id: '0d86e042f66dc7a66d409da7323d036a') in 0.0143737 seconds
Start importing Packages/com.unity.render-pipelines.core/Editor/Lighting/Icons/LightUnitIcons/VeryBrightSun.png using Guid(bdc9b1177bc1ad84e8532eec9f2dcc13) (TextureImporter) -> (artifact id: 'ad102c757d8197f846b12808ab8d7a79') in 0.0113965 seconds
Start importing Packages/com.unity.render-pipelines.universal/Textures/FilmGrain/Medium04.png using Guid(bd9e8c758250ef449a4b4bfaad7a2133) (TextureImporter) -> (artifact id: 'cad7c914ffb76a548181736654961f73') in 0.0148448 seconds
Start importing Assets/MobileARTemplateAssets/UI/Sprites/Icon-ScaleAxisGizmo.png using Guid(bd0fe3abc36404b2dbebd9ae74eb79c7) (TextureImporter) -> (artifact id: '8013732ee99ef2fbdb600c5468b83528') in 0.04036 seconds
Start importing Packages/com.unity.learn.iet-framework/Editor/UI/Images/Icons/NavigateNext@2x.png using Guid(cdb4ed6e5bbb3e14e8ab6f47601441f4) (TextureImporter) -> (artifact id: 'ab2386c478305e59232d7f8e0443f158') in 0.0117395 seconds
Start importing Packages/com.unity.render-pipelines.core/Editor/Icons/RenderGraphViewer/MultipleUsage.png using Guid(cd47f6d5edd2c7541a0baf3774a54fdd) (TextureImporter) -> (artifact id: '0ee6253fec9ba509c2e1899d9b4dc5d7') in 0.013945 seconds
Start importing Assets/Samples/XR Interaction Toolkit/3.5.1/Starter Assets/DemoAssets/Textures/Concrete_Normal.tif using Guid(cdebec39dbf81a14688e1de8d12897b4) (TextureImporter) -> (artifact id: '180fa42c80648ef5b1da4571943d3d6e') in 0.1381763 seconds
Start importing Packages/com.unity.xr.arfoundation/Editor/Icons/ArrowCaretRight.png using Guid(cd1deff5bdbeb89408b7b67befb680f2) (TextureImporter) -> (artifact id: '3ac4041e462d2dca148c5b88ac5247a3') in 0.0130946 seconds
Start importing Packages/com.unity.multiplayer.center/Editor/MultiplayerCenterWindow/UI/Icons/Questionnaire.png using Guid(dd70cd654275d47db807e918055e004f) (TextureImporter) -> (artifact id: '06ee97cc51e4a33efc16b9ccab3b50bf') in 0.0134098 seconds
Start importing Packages/com.unity.learn.iet-framework/Editor/UI/Images/Icons/AssetTypes/WelcomePage On.png using Guid(dd923404b3e7a46bdb8643a260839250) (TextureImporter) -> (artifact id: '2089293273cae2ca04bb1a942cd83453') in 0.0325047 seconds
Start importing Packages/com.unity.learn.iet-framework/Editor/UI/Images/Icons/AssetTypes/d_WelcomePage On.png using Guid(ddc28ac0392e34bbf97d872c0589262a) (TextureImporter) -> (artifact id: 'c6873ddf7642f4b7b2560dc96cf413e9') in 0.0272443 seconds
Start importing Packages/com.unity.render-pipelines.universal/Textures/FilmGrain/Thin02.png using Guid(dd77ffd079630404e879388999033049) (TextureImporter) -> (artifact id: '3defd6b27986b0180a51b2756edad4ae') in 0.011504 seconds
Start importing Packages/com.unity.testtools.codecoverage/Editor/Icons/FolderOpened@2x.png using Guid(dd4bd79e2c603964e8cbf04d0851a210) (TextureImporter) -> (artifact id: 'ed4735b3471fe2b2d5a130389983dc4f') in 0.0091813 seconds
Start importing Packages/com.unity.render-pipelines.core/Editor/Lighting/Icons/LightUnitIcons/InteriorLight.png using Guid(ddbb35633e84dde4a93c6662f696ae4c) (TextureImporter) -> (artifact id: 'e6c273ed0762e87327bd424bc3f462b5') in 0.0122505 seconds
Start importing Packages/com.unity.shadergraph/GraphTemplates/default_masks.png using Guid(dd2e21fb358baa649a7ad7d1d6e722f5) (TextureImporter) -> (artifact id: 'c96a22a0fda3f1f0d68e32c6a2b41cdc') in 0.0071098 seconds
Start importing Packages/com.unity.render-pipelines.core/Editor/Lighting/Icons/LightUnitIcons/Candlelight.png using Guid(eda062bf16e02ef44a7bf24336ddac6c) (TextureImporter) -> (artifact id: 'a2b4e45a5e20773f72676679aa73bbeb') in 0.0129039 seconds
Start importing Packages/com.unity.ugui/Editor Resources/Textures/btn_AlignTop_Light.psd using Guid(ed041e68439749a69d0efa0e3d896c2e) (TextureImporter) -> (artifact id: '9148ee822faaf165d369cde55ebd85a5') in 0.0102757 seconds
Start importing Assets/MobileARTemplateAssets/UI/Sprites/Icon-Debug.png using Guid(ed3bd8bef796a438dac8b778a887af91) (TextureImporter) -> (artifact id: '48d697ddcd29bd34f8e2b31717110d70') in 0.0390196 seconds
Start importing Packages/com.unity.render-pipelines.core/Editor/Icons/RenderGraphViewer/d_AccelerationStructure@2x.png using Guid(ed7bb161ec84da2458e0b8730958a76a) (TextureImporter) -> (artifact id: 'd4f869502ee6bbfce186c5d76b41a959') in 0.0133631 seconds
Start importing Packages/com.unity.render-pipelines.universal/Textures/BlueNoise16/L/LDR_LLL1_8.png using Guid(ed5ea7ce59ca8ec4f9f14bf470a30f35) (TextureImporter) -> (artifact id: 'df00974e4e858ddce113d44994a7a53f') in 0.0060359 seconds
Start importing Packages/com.unity.render-pipelines.universal/Textures/FilmGrain/Large01.png using Guid(fd2fd78b392986e42a12df2177d3b89c) (TextureImporter) -> (artifact id: '4a63f4443d43a529e1154be4cab135c2') in 0.0106466 seconds
Start importing Packages/com.unity.learn.iet-framework/Editor/UI/Images/Icons/AssetTypes/TutorialContainer.png using Guid(0ee8d75161b714ad3aeb43f7ca7f19d4) (TextureImporter) -> (artifact id: '30139ce91b785b2a1c02eebbb3882336') in 0.041632 seconds
Start importing Packages/com.unity.learn.iet-framework/Editor/UI/Images/Icons/Forward.png using Guid(0e9ddd6a8b1f6a54583e7885adab61b8) (TextureImporter) -> (artifact id: 'e07405586a9ff1e786f9b79372e5615e') in 0.0127388 seconds
Start importing Packages/com.unity.inputsystem/InputSystem/Editor/Icons/d_ChevronUp@3x.png using Guid(0efecba65ae4341a385cd5d39a2af765) (TextureImporter) -> (artifact id: '21ee44c50c632873b4b9a2c06928acab') in 0.0090968 seconds
Start importing Packages/com.unity.render-pipelines.core/Editor/Lighting/Icons/LightUnitIcons/MediumAreaLight.png using Guid(1eb691390c444f14bac0868bd61fd451) (TextureImporter) -> (artifact id: 'f851fab85cbc44bad041e118fbb269bf') in 0.0136289 seconds
Start importing Packages/com.unity.mobile.android-logcat/Editor/Textures/UpArrow.png using Guid(1ea7e0462d1f67845af3090ae85b91cb) (TextureImporter) -> (artifact id: '26709ec81bc2c021d4e0f7b6aa66a4e2') in 0.0108565 seconds
Start importing Packages/com.unity.render-pipelines.core/Editor/Lighting/Icons/LightUnitIcons/DecorativeLight.png using Guid(1e2ae1a12a2a1ff498cab6444b9cd394) (TextureImporter) -> (artifact id: '975a0034df5885a86bba8d20a43fdc4a') in 0.0148424 seconds
Start importing Packages/com.unity.learn.iet-framework/Editor/UI/Images/Icons/Authoring/RunStartupCode.png using Guid(1ebd618bc15734e2a82de3a654121a68) (TextureImporter) -> (artifact id: 'dd53f27fb4fc2bfe8afc3bb647c509db') in 0.0147019 seconds
Start importing Packages/com.unity.learn.iet-framework/Editor/UI/Images/Icons/Authoring/MaskingOn.png using Guid(1e3f74bfa4eec4c98964c4d83fa676ee) (TextureImporter) -> (artifact id: '43c82d4d885cce973682df3c2114cf43') in 0.0096235 seconds
Start importing Packages/com.unity.shadergraph/Editor/Resources/GraphView/Nodes/BlackboardFieldExposed.png using Guid(2e8113252e9a1b245a81dc384ae86446) (TextureImporter) -> (artifact id: '081c138a212d1f1fda13fbc92fddef4e') in 0.0068879 seconds
Start importing Packages/com.unity.render-pipelines.core/Editor/LookDev/Icons/Rotation.png using Guid(2ee66e81975377745aaa59fe11ad374d) (TextureImporter) -> (artifact id: '16f009dca718033881beae581c3b545e') in 0.0136043 seconds
Start importing Packages/com.unity.inputsystem/InputSystem/Editor/Icons/Axis@3x.png using Guid(2e27a82b5cc4e4ef98cbef2d0b324aed) (TextureImporter) -> (artifact id: '89c06276d5c72888151f4bdcd8d3d57b') in 0.0139347 seconds
Start importing Packages/com.unity.render-pipelines.core/Editor/Icons/MipLevels/d_VolumeProfile@16.png using Guid(2e6a4056f58607f4cb9a7430cffd3cf0) (TextureImporter) -> (artifact id: '52fba9f6d03fd1e95f03c7c970232d27') in 0.012787 seconds
Start importing Packages/com.unity.render-pipelines.core/Editor/Icons/MipLevels/Volume@64.png using Guid(3e1119a71344058429824f48f89db02a) (TextureImporter) -> (artifact id: 'f30bce3d692abded4130136aa4e7e120') in 0.0122513 seconds
Start importing Packages/com.unity.ugui/Editor Resources/Gizmos/TMP - Input Field Icon.psd using Guid(3ee40aa79cd242a5b53b0b0ca4f13f0f) (TextureImporter) -> (artifact id: 'b0376a8c36febaa61aa98aed7141e2af') in 0.0112885 seconds
Start importing Packages/com.unity.mobile.android-logcat/Editor/Textures/DownArrow.png using Guid(3e35e56330f3dba42af9244a2a5e75ff) (TextureImporter) -> (artifact id: 'bc5d6708910b704a180c88a6326604c8') in 0.0120729 seconds
Start importing Packages/com.unity.xr.arfoundation/Assets/Textures/DetachedToolBar_Vertical@3x.png using Guid(3e972ade69f574d51bbbe1052ee3c14d) (TextureImporter) -> (artifact id: 'c5ae5f99a0485e26aae5afec0e78e77b') in 0.0239313 seconds
Start importing Packages/com.unity.render-pipelines.core/Editor/Icons/MipLevels/Volume@16.png using Guid(3e0af3c90ea2a304c8c241c8fbdce6e5) (TextureImporter) -> (artifact id: '4c0d7bbaceeeb0fabae2ce0180abe240') in 0.0142186 seconds
Start importing Assets/MobileARTemplateAssets/UI/Sprites/Icon-Gesture_Touch.png using Guid(4e11f0aa199634c06a9b17d25af9ded6) (TextureImporter) -> (artifact id: 'd09abca50bb93cb10f78b843a3aab154') in 0.0387117 seconds
Start importing Packages/com.unity.render-pipelines.core/Editor/Icons/RenderGraphViewer/d_PassInspector@2x.png using Guid(4e0d4fae0554052489fc6918c357d43c) (TextureImporter) -> (artifact id: 'a93b98b222c5208ba14cfc19ee3714df') in 0.0148533 seconds
Start importing Packages/com.unity.render-pipelines.core/Editor/Icons/RenderGraphViewer/d_ScriptLink@2x.png using Guid(5e032f76278407d46a6a3dc6ff0bdc36) (TextureImporter) -> (artifact id: 'e89bf567ac771738f22783958abb33bd') in 0.0152306 seconds
Start importing Packages/com.unity.testtools.codecoverage/Editor/Icons/CodeCoverage.png using Guid(5e4d1277a09266944b3431a0a44d0862) (TextureImporter) -> (artifact id: '40bca038fce5453482a393b1dd5fd649') in 0.0068755 seconds
Start importing Packages/com.unity.shadergraph/GraphTemplates/Cross Pipeline/TerrainStandardTemplateThumbnail.png using Guid(6e413e07ed366984daa954acc11e85e9) (TextureImporter) -> (artifact id: 'b7f33191251c3a9238be15385201703b') in 0.2409881 seconds
Start importing Packages/com.unity.inputsystem/InputSystem/Editor/Icons/Touch@4x.png using Guid(6e9283a12f5b74afbba696cbb82f5e7f) (TextureImporter) -> (artifact id: '79bdc11dd91236db5611e76620e30e60') in 0.012756 seconds
Start importing Packages/com.unity.render-pipelines.core/Editor/Icons/RenderGraphViewer/d_Resources@2x.png using Guid(6eb2e156a8a1f8149b02f135509f10ea) (TextureImporter) -> (artifact id: 'd741a84f5193d2d2b37479fed52d465a') in 0.0131544 seconds
Start importing Packages/com.unity.render-pipelines.core/Editor/Lighting/Icons/LightUnitIcons/MoonlessNight@2x.png using Guid(6e5a98aaa576d99408eeba30eb91eaba) (TextureImporter) -> (artifact id: '6bc7344a33fba5a2e9331e8eef91b633') in 0.0144895 seconds
Start importing Packages/com.unity.render-pipelines.universal/Editor/2D/Resources/InspectorIcons/PointLight.png using Guid(6eaa9958d83ec43499e946a21edba283) (TextureImporter) -> (artifact id: 'eb86f40ede6957ccf9d9fb2821832cda') in 0.0162958 seconds
Start importing Packages/com.unity.render-pipelines.core/Editor/PostProcessing/LensFlareResource/Flare@2x.png using Guid(6e8cc863e4120a341b5e87a5235120c4) (TextureImporter) -> (artifact id: '99e8d9cf1b33390d0882d5765b961ca7') in 0.019425 seconds
Start importing Packages/com.unity.render-pipelines.core/Editor/Icons/MipLevels/d_RenderPipelineResources@64.png using Guid(7ef0eb993d6c43645b45ffcf1c0a91f0) (TextureImporter) -> (artifact id: 'ce5f9f61c5ea36148c41efde369c19a1') in 0.0121868 seconds
Start importing Packages/com.unity.inputsystem/InputSystem/Editor/Icons/Axis.png using Guid(7e853779c8fed4ebf917a0de21c79602) (TextureImporter) -> (artifact id: 'fa1bff3a6e8e6e8ce6523b6d40789122') in 0.0120272 seconds
Start importing Assets/Samples/XR Interaction Toolkit/3.5.1/AR Starter Assets/DemoAssets/Sprites/Icon - Create.png using Guid(7ec65d81ee53b4a76babde6fa254b6e1) (TextureImporter) -> (artifact id: '6b46b52a8daf3707691891b55a42658c') in 0.0248279 seconds
Start importing Packages/com.unity.shadergraph/Editor/Resources/GraphView/Nodes/NodeChevronLeft@2x.png using Guid(7e575e166832cb7478f6d674d896b778) (TextureImporter) -> (artifact id: 'd7e45f3325b39d7c67a6988b84f9cabe') in 0.0103261 seconds
Start importing Packages/com.unity.inputsystem/InputSystem/Editor/Icons/Mouse.png using Guid(9eb2b64988cb1443cab6da5dc5300d1c) (TextureImporter) -> (artifact id: 'f47727edf4466a1c86bc1a90b0c7c943') in 0.0115239 seconds
Start importing Packages/com.unity.inputsystem/InputSystem/Editor/Icons/d_Keyboard@3x.png using Guid(9ec4e316700da46b88741a8153b33963) (TextureImporter) -> (artifact id: 'a408ced5a4726fb2e3c945fb3338327e') in 0.0124639 seconds
Start importing Packages/com.unity.xr.arfoundation/Editor/Icons/d_ArrowCaretLeft.png using Guid(9e3566c34ba469748a8aede863b6d3a9) (TextureImporter) -> (artifact id: '968340e6ac333b30d3dccae53dd6acdb') in 0.0114019 seconds
Start importing Packages/com.unity.render-pipelines.core/Editor/Lighting/Icons/LightUnitIcons/d_Fluorescent@2x.png using Guid(9ed59abbb45e72140ae72a33b30ea19e) (TextureImporter) -> (artifact id: '98dcb916f0145c01e8d34b80a08f8d4e') in 0.0141445 seconds
Start importing Packages/com.unity.inputsystem/InputSystem/Editor/Icons/d_Gamepad@3x.png using Guid(9e882b58df0964f5b90ff99cb481ee79) (TextureImporter) -> (artifact id: '225651a16ab44674ea0331ab2a4de1dc') in 0.0069692 seconds
Start importing Packages/com.unity.inputsystem/InputSystem/Editor/Icons/Interactive Binding@4x.png using Guid(9e6c9e992a2ee4327bce1d6a8189cedb) (TextureImporter) -> (artifact id: '547cafdc0c3ead0d130efadc00526705') in 0.0123319 seconds
Start importing Packages/com.unity.settings-manager/Content/Options.png using Guid(9eff477e4332346818c96745043dae9e) (TextureImporter) -> (artifact id: '4c061173213ad0b010f41f8b86831929') in 0.0075953 seconds
Start importing Packages/com.unity.shadergraph/Editor/Resources/Icons/blackboard@2x.png using Guid(aed2175e23cfe426e8678485b004714e) (TextureImporter) -> (artifact id: '5813a4c6e43c5a03b16f60d776c9d01a') in 0.0075567 seconds
Start importing Packages/com.unity.learn.iet-framework/Editor/UI/Images/Icons/AssetTypes/d_Tutorial On.png using Guid(aeb8c673086ca4138bf1252bb72ab205) (TextureImporter) -> (artifact id: '2d560428b00415575deebd5b956cb478') in 0.0254314 seconds
Start importing Assets/MobileARTemplateAssets/UI/Sprites/Icon-Gesture_TouchTwoFinger.png using Guid(bef7dbc4d02bf479fbc01527842a7201) (TextureImporter) -> (artifact id: 'bd5c1f08c7c5822359285de99578ad96') in 0.0387832 seconds
Start importing Packages/com.unity.inputsystem/InputSystem/Editor/Icons/d_Gamepad@2x.png using Guid(bed935caee9524e6780614c2055bfd35) (TextureImporter) -> (artifact id: '0530b378e9f4e76be1417ab064212041') in 0.0114573 seconds
Start importing Packages/com.unity.render-pipelines.core/Editor/Lighting/Icons/LightPlacement_Icon@64.png using Guid(ce171bd6b515f1647a9a2c608ff705bb) (TextureImporter) -> (artifact id: '09443de23933838de0f11f542c05ee5b') in 0.016307 seconds
Start importing Packages/com.unity.inputsystem/InputSystem/Editor/Icons/d_Touch@2x.png using Guid(ceaa885da02f84da195f87de12535da6) (TextureImporter) -> (artifact id: '8d5a80ac43f22374239edc7d4c357ec5') in 0.0129426 seconds
Start importing Packages/com.unity.inputsystem/InputSystem/Editor/AssetEditor/PackageResources/personal/actionTreeBackground.png using Guid(ce5f11cd993284c4f9c54f854bdc8c9c) (TextureImporter) -> (artifact id: '9efdcf76295c6bab093d129ec22807fe') in 0.0127914 seconds
Start importing Packages/com.unity.inputsystem/InputSystem/Editor/Icons/d_Orientation@4x.png using Guid(de98baf415a2c4d7dbe0de74cb6e171c) (TextureImporter) -> (artifact id: '2dcda89695bd4d7135a81cb86442a40f') in 0.0124403 seconds
Start importing Packages/com.unity.render-pipelines.universal/Editor/Gizmos/Camera_Overlay.png using Guid(de8dba0dc20209d4086c0dd93ddf0dd4) (TextureImporter) -> (artifact id: '00469be4a6aa4a49a059af486fe2cba1') in 0.0326354 seconds
Start importing Packages/com.unity.ugui/Editor Resources/Gizmos/TMP - Font Asset Icon.psd using Guid(ee148e281f3c41c5b4ff5f8a5afe5a6c) (TextureImporter) -> (artifact id: '249a6679a3629ee66b8d65092610d26d') in 0.0106812 seconds
Start importing Packages/com.unity.shadergraph/GraphTemplates/Cross Pipeline/LitParticleTemplateThumbnail.png using Guid(0f0c228bd0a3835428c403a8d1568ef5) (TextureImporter) -> (artifact id: '08e3a04cd2a4bd3011079793ff331916') in 0.6103082 seconds
Start importing Packages/com.unity.render-pipelines.core/Editor/Lighting/Icons/LightUnitIcons/Shade@2x.png using Guid(1f20ae185bcb2254a844ed304955beb3) (TextureImporter) -> (artifact id: '775c84cb99a0778c76b1c5c1b583b1f8') in 0.0145155 seconds
Start importing Packages/com.unity.xr.arfoundation/Editor/Icons/NoViewEnvironment@2x.png using Guid(1f1be572611233c409f7cedd7d33d2d6) (TextureImporter) -> (artifact id: 'd1a3e81dab2c1335faaa396bb4c890ee') in 0.0138621 seconds
Start importing Packages/com.unity.learn.iet-framework/Editor/UI/Images/Tutorials/Icons/Www.png using Guid(1f8e81ac62305441cbe4607d3760ec3e) (TextureImporter) -> (artifact id: 'b10f8fde818cccb84440d502e0b36525') in 0.0130635 seconds
Start importing Packages/com.unity.xr.arfoundation/Editor/Icons/ArrowCaretLeft@2x.png using Guid(2fa06335acce0ae40887b91750da42ab) (TextureImporter) -> (artifact id: 'b6260e9d1fb7785ea1628b6fac0c975d') in 0.0132899 seconds
Start importing Assets/Samples/XR Interaction Toolkit/3.5.1/Starter Assets/DemoAssets/Sprites/Circle_60x60 Outline 4.png using Guid(2f8349570a152884fb6cf7ebdc8c18b3) (TextureImporter) -> (artifact id: 'af84922611723ca1827d3e80773761ef') in 0.0433797 seconds
Start importing Packages/com.unity.shadergraph/GraphTemplates/Subgraphs/SmallNoiseMask.tga using Guid(2fe31a8312ab8524ebd8601be367f0c8) (TextureImporter) -> (artifact id: '8622d6d9490c64914e5d5cce18c40937') in 0.0096012 seconds
Start importing Packages/com.unity.render-pipelines.core/Editor/LookDev/Icons/SunPosition@2x.png using Guid(2f75c34a5bc525545916fb8367422dd0) (TextureImporter) -> (artifact id: 'c67bd1c12b0840571079f5409dd240f3') in 0.0136093 seconds
Start importing Packages/com.unity.ugui/Editor Resources/Gizmos/TMP - Text Component Icon.psd using Guid(2fd6421f253b4ef1a19526541f9ffc0c) (TextureImporter) -> (artifact id: 'de2d3fc0d8679f2f38e92a0f6fdb1ba8') in 0.010913 seconds
Start importing Packages/com.unity.xr.arfoundation/Assets/Textures/IconBackgroundCircleFill@4x.png using Guid(2f1ae8c1b83d94419b59c0b63890aceb) (TextureImporter) -> (artifact id: '7dea7b0e1f1ec9cacc96ee9feeb07ef3') in 0.0317189 seconds
Start importing Packages/com.unity.shadergraph/Editor/Resources/Icons/sg_subgraph_icon.png using Guid(2f2e2190c36a7b54295d734e567b3e44) (TextureImporter) -> (artifact id: '8d721bd45a1599c79cb65d6b286c17ec') in 0.010547 seconds
Start importing Packages/com.unity.render-pipelines.core/Editor/LookDev/Icons/LayoutCustom@2x.png using Guid(2fffe801f98fb314484382ea4affcf94) (TextureImporter) -> (artifact id: 'd133566c7d107a4090247c078c3294b1') in 0.014215 seconds
Start importing Packages/com.unity.multiplayer.center/Editor/MultiplayerCenterWindow/UI/Icons/DedicatedServer.png using Guid(3fe892784421e47f5aa40c2784a6cb3e) (TextureImporter) -> (artifact id: '114ec404cb7cbdc484e4f591062d19e4') in 0.0153297 seconds
Start importing Packages/com.unity.render-pipelines.core/Editor/Lighting/Icons/LightUnitIcons/d_Candlelight.png using Guid(3f9a63faecec9a34c9ffbfedd9ac5c3b) (TextureImporter) -> (artifact id: '954f237d62ec8dd63360c6074ed88d7a') in 0.0127871 seconds
Start importing Packages/com.unity.xr.arfoundation/Editor/Icons/XREnvironment.png using Guid(4fe0501fb16949c4cac977008dbed6e6) (TextureImporter) -> (artifact id: '00947b962555f59fa6ebbd68717d7a7b') in 0.0150124 seconds
Start importing Packages/com.unity.render-pipelines.core/Editor/LookDev/Icons/d_Remove.png using Guid(4ff71d806d58fd041be6e55d1d1ca70e) (TextureImporter) -> (artifact id: 'b04dd8293d6c392b5d8d20f5632697c8') in 0.0129888 seconds
Start importing Packages/com.unity.multiplayer.center/Editor/MultiplayerCenterWindow/UI/Icons/Check.png using Guid(4f78a544322c742b89e63fb68557b1d2) (TextureImporter) -> (artifact id: '1d413cc16b7dcd424207dbbd6b265274') in 0.0131066 seconds
Start importing Packages/com.unity.learn.iet-framework/Editor/UI/Images/Icons/AssetTypes/d_MaskingPreset On.png using Guid(4f1db1eac49a240bda41ca4dca652d1e) (TextureImporter) -> (artifact id: '96355b3850641c676b79aec7a6f312d0') in 0.0252237 seconds
Start importing Packages/com.unity.inputsystem/InputSystem/Editor/Icons/Orientation@3x.png using Guid(5f09d534eb1414449a2758696bd4dd11) (TextureImporter) -> (artifact id: 'afbc82fd83f3f106bcaec6f891678171') in 0.0124201 seconds
Start importing Packages/com.unity.learn.iet-framework/Editor/UI/Images/Icons/AssetTypes/TutorialStyles.png using Guid(6ffcc5bf3e91e4d93b95c5c2fece8f82) (TextureImporter) -> (artifact id: 'fa68611a34545ea5e4cd44e88ebfa9c7') in 0.0385854 seconds
Start importing Packages/com.unity.inputsystem/InputSystem/Editor/Icons/Keyboard@4x.png using Guid(7fc0926499f7a4500b152d45397c44a4) (TextureImporter) -> (artifact id: 'c1d344ac2a96065990c3b67cf76eb6c7') in 0.0114329 seconds
Start importing Packages/com.unity.render-pipelines.universal/Editor/2D/Resources/SceneViewIcons/GlobalLight.png using Guid(7f923c32ff8dfab40b5673135ddb6cd4) (TextureImporter) -> (artifact id: '28985e2428ea8a905a2feed4aaef7342') in 0.0386903 seconds
Start importing Packages/com.unity.learn.iet-framework/Editor/UI/Images/Icons/AssetTypes/TutorialContainer On.png using Guid(7f37e008744ce44ed929db069fc916eb) (TextureImporter) -> (artifact id: 'c4bf4f7147dcf2fd2c743d068a282e89') in 0.0272264 seconds
Start importing Packages/com.unity.inputsystem/InputSystem/Editor/Icons/Orientation.png using Guid(7fb7b46a8c63948d2b28dc394281bf5a) (TextureImporter) -> (artifact id: '9e86a14c58ea0842c8c6365d2b600770') in 0.0130597 seconds
Start importing Packages/com.unity.inputsystem/InputSystem/Editor/Icons/d_ChevronUp.png using Guid(7fad89501bb5c408e956934bf2eb8ae3) (TextureImporter) -> (artifact id: 'c9d09eac4508c6f8b8d223b925e0d5d8') in 0.0081837 seconds
Start importing Packages/com.unity.render-pipelines.universal/Editor/2D/Resources/InspectorIcons/GlobalLight.png using Guid(8f5dd14b314efbe4684329d8a14bbe38) (TextureImporter) -> (artifact id: '4c70e5c09155ee91d53fee1f9c195e74') in 0.0079536 seconds
Start importing Assets/Samples/XR Interaction Toolkit/3.5.1/Starter Assets/DemoAssets/Sprites/Round Radius 4.png using Guid(affa059594145a843b81788037b4ee21) (TextureImporter) -> (artifact id: '707245211e43c0fa4c00a90bc78f7b79') in 0.0395425 seconds
Start importing Packages/com.unity.learn.iet-framework/Editor/UI/Images/Icons/CopyIcon.png using Guid(bf1428aa9c4e9d74eb67cae57885452f) (TextureImporter) -> (artifact id: 'e5fe1a4b6647e1914bd41651e11abd25') in 0.0156457 seconds
Start importing Packages/com.unity.render-pipelines.universal/Textures/BlueNoise16/L/LDR_LLL1_12.png using Guid(bfed3e498947fcb4890b7f40f54d85b9) (TextureImporter) -> (artifact id: '32cf0ed0be4ce0e5b3a67e1a5fdf45ea') in 0.0060933 seconds
Start importing Packages/com.unity.render-pipelines.core/Editor/LookDev/Icons/renderdoc.png using Guid(cf13fb90f91d2a545a00591d75b43bd8) (TextureImporter) -> (artifact id: '8e7c75e26fb1d6270a44ad0dbd86b7dc') in 0.0152942 seconds
Start importing Packages/com.unity.inputsystem/InputSystem/Editor/AssetEditor/PackageResources/personal/actionTreeBackgroundWithoutBorder.png using Guid(cf632ed80bf1f46c980de6b1b8b903ef) (TextureImporter) -> (artifact id: '9cd18875973a3ce6394839b153d27ffe') in 0.0080998 seconds
Start importing Assets/MobileARTemplateAssets/Tutorial/Images/ARMobileThumbnailLarge.png using Guid(cf19c6d5e0c0d4440acf6ef0d681f721) (TextureImporter) -> (artifact id: '9c17283a3baf5c5c4e75ee22f1e302aa') in 0.0170099 seconds
Start importing Packages/com.unity.learn.iet-framework/Editor/UI/Images/Tutorials/Headers/HeaderCompleted.png using Guid(cf2b88c8b41ea4e42ba6e17726c32b87) (TextureImporter) -> (artifact id: 'b6462d9d69562abdcb2e04c1e559a1ed') in 0.0138063 seconds
Start importing Packages/com.unity.render-pipelines.core/Editor/Lighting/Icons/LightAnchor_Icon.png using Guid(df491817340312f439c32f95902ddee7) (TextureImporter) -> (artifact id: 'de5da6cb39bb101ca6534b787736e78b') in 0.0240836 seconds
Start importing Assets/Samples/XR Interaction Toolkit/3.5.1/AR Starter Assets/DemoAssets/Sprites/Button - Rounded Radius - 4px.png using Guid(df3b17ab68da00343a77bebb0c295407) (TextureImporter) -> (artifact id: '23773dcb01c45685a2426a034319b707') in 0.0358058 seconds
Start importing Packages/com.unity.render-pipelines.core/Editor/LookDev/Icons/RightArrow.png using Guid(df4dc708bd8692446a6d5c3531ac377b) (TextureImporter) -> (artifact id: '69cd9c8c85f6d32839aacef83b3ff819') in 0.0144101 seconds
Start importing Assets/Samples/XR Interaction Toolkit/3.5.1/AR Starter Assets/DemoAssets/Sprites/Icon - Object - Arch.png using Guid(df7e78ca980944172aec00b77115a8c5) (TextureImporter) -> (artifact id: 'e1d73a25b42ab766df6e67290433b8bf') in 0.0803886 seconds
Start importing Packages/com.unity.render-pipelines.core/Editor/Lighting/Icons/LightPlacement_Icon@16.png using Guid(ef06ba4eb3daf484f8b1a9e1ac266945) (TextureImporter) -> (artifact id: 'b10764e4948718c477a8c41d0fe856f3') in 0.0093497 seconds
Start importing Packages/com.unity.learn.iet-framework/Editor/UI/Images/Icons/HighResPlay.png using Guid(ef2af36a899c9a2448b94fe0ff183e0f) (TextureImporter) -> (artifact id: 'e50a9f6a383fed0a7afb2ced1316fba6') in 0.0319166 seconds
Start importing Packages/com.unity.inputsystem/InputSystem/Editor/Icons/TrackedPoseDriver@2x.png using Guid(ff8479815905ce84e9ef610d926f28c8) (TextureImporter) -> (artifact id: '626444c0cf587b02bfac859d0f8081ec') in 0.0131142 seconds
Start importing Packages/com.unity.render-pipelines.universal/Textures/BlueNoise16/L/LDR_LLL1_28.png using Guid(ff47e5a0f105eb34883b973e51f4db62) (TextureImporter) -> (artifact id: '9fca39f676f48ae82294126036adf856') in 0.0066863 seconds
Start importing Packages/com.unity.inputsystem/InputSystem/Editor/AssetEditor/PackageResources/green.png using Guid(ffeba93637e654de6a5906b48520dc94) (TextureImporter) -> (artifact id: 'e0527c1b569573f9f6818af4643acd19') in 0.012282 seconds
Start importing Packages/com.unity.render-pipelines.core/Editor/LookDev/Icons/d_LookDev@2x.png using Guid(ffdf80dc342e69344b2dccafe04c30ee) (TextureImporter) -> (artifact id: '1bff3f4e0b7b30775826952637c87cd8') in 0.0140785 seconds
Start importing Packages/com.unity.render-pipelines.universal/Shaders/SpatialMappingOcclusion.shader using Guid(60e10855641b4d84da68ec72e6f6eeb8) (ShaderImporter)Launched and connected shader compiler UnityShaderCompiler.exe after 0.03 seconds
 -> (artifact id: '144d5951f38b7aef59c8f471add5a877') in 0.5021884 seconds
Start importing Packages/com.unity.render-pipelines.universal/Tests/Editor/CustomDepthBlit.shader using Guid(7057bb795f794bc44a4e34ca79be6e54) (ShaderImporter) -> (artifact id: 'bb64645393a884b7886795398a4f16f6') in 0.0695066 seconds
Start importing Packages/com.unity.render-pipelines.universal/Shaders/PostProcessing/LensFlareScreenSpace.shader using Guid(701880fecb344ea4c9cd0db3407ab287) (ShaderImporter) -> (artifact id: 'b36ad605be590f813af9205be096e390') in 0.074017 seconds
Start importing Packages/com.unity.render-pipelines.universal/Runtime/Decal/DBuffer/DBufferClear.shader using Guid(f056d8bd2a1c7e44e9729144b4c70395) (ShaderImporter) -> (artifact id: '2787d5c4e2bba06f5547d587c1258fb6') in 0.0250142 seconds
Start importing Packages/com.unity.render-pipelines.universal/Shaders/PostProcessing/StopNaN.shader using Guid(1121bb4e615ca3c48b214e79e841e823) (ShaderImporter) -> (artifact id: '652791feb0498afcb313d61a4dabb0eb') in 0.0131875 seconds
Start importing Packages/com.unity.render-pipelines.universal/Shaders/Terrain/TerrainLitBase.shader using Guid(21322c8b137c66e49b86085d3c8161f6) (ShaderImporter) -> (artifact id: 'cde7cedd25c71fc6723616bc792dffe5') in 0.3241171 seconds
Start importing Packages/com.unity.render-pipelines.core/Runtime/Lighting/ProbeVolume/ProbeVolumeUploadDataL2.compute using Guid(6196f34ed825db14b81fb3eb0ea8d931) (ComputeShaderImporter) -> (artifact id: '85cd10f0e23f4ac0c75d8877fc4cb125') in 0.0291652 seconds
Start importing Packages/com.unity.render-pipelines.universal/Runtime/RendererFeatures/SurfaceCacheGI/SurfaceCacheCore/Defrag.compute using Guid(a183a2d0b1da4904fb3bd71c6111ebb1) (ComputeShaderImporter) -> (artifact id: 'b3917f3b3a232538c5fdef8253c014d0') in 0.052682 seconds
Start importing Packages/com.unity.render-pipelines.universal/Shaders/PostProcessing/PaniniProjection.shader using Guid(a15b78cf8ca26ca4fb2090293153c62c) (ShaderImporter) -> (artifact id: '387dee1828f5b07366132161b934e570') in 0.0133893 seconds
Start importing Packages/com.unity.render-pipelines.universal/Shaders/Utils/Blit.shader using Guid(c17132b1f77d20942aa75f8429c0f8bc) (ShaderImporter) -> (artifact id: '1e67f5720411bf20d0bad6c1e6d4a676') in 0.0218588 seconds
Start importing Packages/com.unity.render-pipelines.universal/Shaders/Utils/CoreBlitColorAndDepth.shader using Guid(d104b2fc1ca6445babb8e90b0758136b) (ShaderImporter) -> (artifact id: 'afb859142dd0850806a6ea496861cf48') in 0.0267724 seconds
Start importing Packages/com.unity.render-pipelines.core/Shaders/CoreCopy.shader using Guid(12dc59547ea167a4ab435097dd0f9add) (ShaderImporter) -> (artifact id: '20265eb45c4d4bf6b8976b626577eda3') in 0.0174684 seconds
Start importing Packages/com.unity.render-pipelines.core/Tests/Editor/SimpleDots.shader using Guid(120ea264a7bdc294f86074ea0303c88f) (ShaderImporter) -> (artifact id: '6eb10523c1d5bea4629d8a6c83239952') in 0.0150889 seconds
Start importing Packages/com.unity.render-pipelines.universal/Shaders/Utils/ClusterDeferred.shader using Guid(222cce62363a44a380c36bf03b392608) (ShaderImporter) -> (artifact id: '109608703bf03135e26dfd89e59dba85') in 0.0425929 seconds
Start importing Packages/com.unity.render-pipelines.core/Runtime/Vrs/Shaders/VrsVisualization.shader using Guid(620b55b8040a88d468e94abe55bed5ba) (ShaderImporter) -> (artifact id: 'accc77127e6b97fe873888d54e329d0f') in 0.0183854 seconds
Start importing Packages/com.unity.render-pipelines.core/Runtime/UnifiedRayTracing/Compute/RadeonRays/kernels/scatter.compute using Guid(a2eaeefdac4637a44b734e85b7be9186) (ComputeShaderImporter) -> (artifact id: 'c232fe6e6fdde2a9adc76aba71011ee0') in 0.0145062 seconds
Start importing Packages/com.unity.render-pipelines.core/Runtime/RenderPipelineResources/GPUDriven/OcclusionCullingDebug.compute using Guid(b23e766bcf50ca4438ef186b174557df) (ComputeShaderImporter) -> (artifact id: '43cea920ae2e82b9bf328ba33901b645') in 0.0471645 seconds
Start importing Packages/com.unity.render-pipelines.universal/Runtime/RendererFeatures/SurfaceCacheGI/SurfaceCacheCore/TemporalFiltering.compute using Guid(c23523f04780d754f927b9daf4f975b9) (ComputeShaderImporter) -> (artifact id: 'aa6f870e57d9504607f44d47313c3455') in 0.0156154 seconds
Start importing Packages/com.unity.render-pipelines.universal/Shaders/2D/Sprite-Lit-Default.shader using Guid(e260cfa7296ee7642b167f1eb5be5023) (ShaderImporter) -> (artifact id: 'cdf558c0b51c6a1deda421b834c59451') in 0.0885512 seconds
Start importing Packages/com.unity.render-pipelines.universal/Shaders/2D/Sprite-Unlit-Default.shader using Guid(13c02b14c4d048fa9653293d54f6e0e1) (ShaderImporter) -> (artifact id: '574657d4c878f35270b592e6f755cf5c') in 0.0149369 seconds
Start importing Packages/com.unity.render-pipelines.universal/Runtime/RendererFeatures/SurfaceCacheGI/FlatNormalResolution.compute using Guid(134e9451a58aaba43ba713adbd103d92) (ComputeShaderImporter) -> (artifact id: 'af5ee19e8c551851c9af8a5eb03fa4d4') in 0.0124953 seconds
Start importing Packages/com.unity.render-pipelines.core/Runtime/STP/StpSetup.compute using Guid(33be2e9a5506b2843bdb2bdff9cad5e1) (ComputeShaderImporter) -> (artifact id: 'cf2dfd7f9c42dec4b29b79ed19fcd5d2') in 0.0433956 seconds
Start importing Packages/com.unity.render-pipelines.universal/Shaders/Debug/ProbeVolumeSamplingDebugPositionNormal.compute using Guid(53626a513ea68ce47b59dc1299fe3959) (ComputeShaderImporter) -> (artifact id: '5deadc4bf0df062a346afa5a5bd855a6') in 0.0199447 seconds
Start importing Packages/com.unity.render-pipelines.core/Runtime/RenderPipelineResources/GPUDriven/InstanceDataBufferUploadKernels.compute using Guid(53864816eb00f2343b60e1a2c5a262ef) (ComputeShaderImporter) -> (artifact id: 'a299db9ddfb97336ce987d071d4d989c') in 0.0133893 seconds
Start importing Packages/com.unity.render-pipelines.universal/Runtime/RendererFeatures/SurfaceCacheGI/SurfaceCacheCore/SpatialFiltering.compute using Guid(63e59de460463bb4c9d64bc58051d12c) (ComputeShaderImporter) -> (artifact id: '0de9c2bd882fe54e44f700a73224f562') in 0.0516838 seconds
Start importing Packages/com.unity.render-pipelines.universal/Shaders/PostProcessing/SubpixelMorphologicalAntialiasing.shader using Guid(63eaba0ebfb82cc43bde059b4a8c65f6) (ShaderImporter) -> (artifact id: 'a30ef408dfc2d89d073be667bdb8db49') in 0.0310569 seconds
Start importing Packages/com.unity.render-pipelines.universal/Shaders/Utils/CoreBlit.shader using Guid(93446b5c5339d4f00b85c159e1159b7c) (ShaderImporter) -> (artifact id: 'a9fba9bcb8fff2ec59b1a46d15c9ebd7') in 0.0517011 seconds
Start importing Packages/com.unity.render-pipelines.universal/Shaders/Lit.shader using Guid(933532a4fcc9baf4fa0491de14d08ed7) (ShaderImporter) -> (artifact id: '0538d583d6fa61e313a04112816bdb9c') in 0.1342982 seconds
Start importing Packages/com.unity.render-pipelines.core/Runtime/Lighting/ProbeVolume/ProbeVolumeBlendStates.compute using Guid(a3f7b8c99de28a94684cb1daebeccf5d) (ComputeShaderImporter) -> (artifact id: '900c42f5642a4dc3ff49b3ecf46542e3') in 0.0234128 seconds
Start importing Packages/com.unity.render-pipelines.core/Runtime/RenderPipelineResources/GPUDriven/DebugOccluder.shader using Guid(b3c92426a88625841ab15ca6a7917248) (ShaderImporter) -> (artifact id: '88946f602050f3421ad5d673e4e8e20a') in 0.0174825 seconds
Start importing Packages/com.unity.render-pipelines.core/Runtime/RenderPipelineResources/GPUDriven/DebugOcclusionTest.shader using Guid(d3f0849180c2d0944bc71060693df100) (ShaderImporter) -> (artifact id: 'e34d97418e817d3e4bc2e1c1493b44e9') in 0.030958 seconds
Start importing Packages/com.unity.render-pipelines.universal/Shaders/2D/Sprite-Mask.shader using Guid(e39bd598ce13f44ba8af997d3e42cd18) (ShaderImporter) -> (artifact id: '040d1d65ea64b40eaa62200baf422cd0') in 0.0212686 seconds
Start importing Packages/com.unity.render-pipelines.universal/Shaders/Utils/Sampling.shader using Guid(04c410c9937594faa893a11dceb85f7e) (ShaderImporter) -> (artifact id: 'ef46dcd2995d958623e8d97e96c32fe0') in 0.0135284 seconds
Start importing Packages/com.unity.render-pipelines.universal/Shaders/Particles/ParticlesUnlit.shader using Guid(0406db5a14f94604a8c57ccfbc9f3b46) (ShaderImporter) -> (artifact id: '099c7418ed2e76ea1a33f88e43ecc215') in 0.111664 seconds
Start importing Packages/com.unity.render-pipelines.universal/Shaders/XR/XROcclusionMesh.shader using Guid(4431b1f1f743fbf4eb310a967890cbea) (ShaderImporter) -> (artifact id: '2b3bc9732ab7767113d2e75ae4638d7a') in 0.0142053 seconds
Start importing Packages/com.unity.render-pipelines.universal/Shaders/2D/Shadow2D-Shadow-Sprite.shader using Guid(44fc62292b65ab04eabcf310e799ccf6) (ShaderImporter) -> (artifact id: '80d76c040adb0731ce3c4b199b574792') in 0.0121729 seconds
Start importing Packages/com.unity.render-pipelines.universal/Shaders/BRGPicking.shader using Guid(74b1585886a85614aa34e2c8e303c77a) (ShaderImporter) -> (artifact id: 'e2da77b07c9fe4b28925c1c39b6a3b16') in 0.0158408 seconds
Start importing Packages/com.unity.render-pipelines.universal/Shaders/2D/RenderAs2D-Flattening.shader using Guid(74659692f6350ba46b88180d9c826630) (ShaderImporter) -> (artifact id: '998f44613a94678cf339e3b4bb292078') in 0.01481 seconds
Start importing Packages/com.unity.render-pipelines.universal/Shaders/PostProcessing/FinalPost.shader using Guid(c49e63ed1bbcb334780a3bd19dfed403) (ShaderImporter) -> (artifact id: '73161b8fe3f066ee9d9c7b2ec31d9c27') in 0.0939349 seconds
Start importing Packages/com.unity.render-pipelines.universal/Shaders/Unlit.shader using Guid(650dd9526735d5b46b79224bc6e94025) (ShaderImporter) -> (artifact id: '1e3ca5e17e26a617a09ad80567759e3f') in 0.0624034 seconds
Start importing Packages/com.unity.render-pipelines.universal/Shaders/PostProcessing/LutBuilderLdr.shader using Guid(65df88701913c224d95fc554db28381a) (ShaderImporter) -> (artifact id: '0df8a85f303163e60d9ed171ff1d0771') in 0.0133218 seconds
Start importing Packages/com.unity.render-pipelines.universal/Shaders/Particles/ParticlesSimpleLit.shader using Guid(8516d7a69675844a7a0b7095af7c46af) (ShaderImporter) -> (artifact id: '0926ebaa1f9971918ab8c3999fa64a49') in 0.0634247 seconds
Start importing Packages/com.unity.render-pipelines.universal/Runtime/RendererFeatures/SurfaceCacheGI/SurfaceCacheCore/RestirEstimation.compute using Guid(b5dbdcea251f42c4a9b8721877f436bf) (ComputeShaderImporter) -> (artifact id: 'dc80427b2e3c3ab46a6f78ac4e725fd0') in 0.0207233 seconds
Start importing Packages/com.unity.render-pipelines.universal/Shaders/CameraMotionVectors.shader using Guid(c56b7e0d4c7cb484e959caeeedae9bbf) (ShaderImporter) -> (artifact id: 'beba234dab29e0299887b4f0329ddea9') in 0.013277 seconds
Start importing Packages/com.unity.render-pipelines.universal/Shaders/XR/XRMirrorView.shader using Guid(d5a307c014552314b9f560906d708772) (ShaderImporter) -> (artifact id: '5b14b6fad624ecdea2ebeea29bb740c2') in 0.0198187 seconds
Start importing Packages/com.unity.render-pipelines.universal/Shaders/Terrain/WavingGrass.shader using Guid(e507fdfead5ca47e8b9a768b51c291a1) (ShaderImporter) -> (artifact id: '060e523baafc9a2b48ac29a708b05bf5') in 0.0482225 seconds
Start importing Packages/com.unity.render-pipelines.core/Runtime/UnifiedRayTracing/Compute/RadeonRays/kernels/restructure_bvh.compute using Guid(56641cb88dcb31a4398a4997ef7a7a8c) (ComputeShaderImporter) -> (artifact id: '899b11ba4dd3f10e9c389827fbacd367') in 0.0481654 seconds
Start importing Packages/com.unity.render-pipelines.universal/Shaders/PostProcessing/EdgeAdaptiveSpatialUpsampling.shader using Guid(562b7ae4f629f144aa97780546fce7c6) (ShaderImporter) -> (artifact id: '83859254c4b99bbf656f1791899aa64f') in 0.0167437 seconds
Start importing Packages/com.unity.render-pipelines.core/Tests/Editor/CopyDepthToBuffer.compute using Guid(6666e5f03ff07054dbb7a7ac6e6aaee0) (ComputeShaderImporter) -> (artifact id: '85b8f2abd94460460d4cc1892db72e91') in 0.0131765 seconds
Start importing Packages/com.unity.render-pipelines.core/Runtime/UnifiedRayTracing/Compute/RadeonRays/kernels/bit_histogram.compute using Guid(8670f7ce4b60cef43bed36148aa1b0a2) (ComputeShaderImporter) -> (artifact id: 'f96a9e88eddf2845013b3afc36094580') in 0.0139207 seconds
Start importing Packages/com.unity.render-pipelines.core/Runtime/STP/StpPreTaa.compute using Guid(a679dba8ec4d9ce45884a270b0e22dda) (ComputeShaderImporter) -> (artifact id: 'c5a557d5d03a353364357040b11c88f4') in 0.0154385 seconds
Start importing Packages/com.unity.render-pipelines.universal/Shaders/Utils/CopyDepth.shader using Guid(d6dae50ee9e1bfa4db75f19f99355220) (ShaderImporter) -> (artifact id: 'ed115667685beae1bfd79d37a0795420') in 0.0181746 seconds
Start importing Packages/com.unity.render-pipelines.universal/Shaders/Utils/FallbackError.shader using Guid(e6e9a19c3678ded42a3bc431ebef7dbd) (ShaderImporter) -> (artifact id: '3278156903eb0a4df0633c91e23ebe4b') in 0.0108389 seconds
Start importing Packages/com.unity.render-pipelines.core/Runtime/RenderPipelineResources/GPUDriven/InstanceOcclusionCullingKernels.compute using Guid(f6d223acabc2f974795a5a7864b50e6c) (ComputeShaderImporter) -> (artifact id: '27941b85ef5b21ce19c61994fe71f7b8') in 0.0270099 seconds
Start importing Packages/com.unity.render-pipelines.universal/Shaders/Terrain/TerrainDetailLit.shader using Guid(f6783ab646d374f94b199774402a5144) (ShaderImporter) -> (artifact id: 'fd0f42685cdc97bf44f248ae5bdb8340') in 0.0560724 seconds
Start importing Packages/com.unity.render-pipelines.universal/Runtime/RendererFeatures/SurfaceCacheGI/SurfaceCacheCore/Scrolling.compute using Guid(47bbc3edf61978b498603cc2a1b87eea) (ComputeShaderImporter) -> (artifact id: '61383439e618ec34612d8903094aad06') in 0.0093485 seconds
Start importing Packages/com.unity.render-pipelines.universal/Shaders/Debug/HDRDebugView.shader using Guid(573620ae32aec764abd4d728906d2587) (ShaderImporter) -> (artifact id: '3ebe6e48564ed0b98b3ccca5573542ac') in 0.0166589 seconds
Start importing Packages/com.unity.render-pipelines.core/Tests/Runtime/Threading/FunctionTestsGroup.compute using Guid(77f6c3e00d2daf84ba7b57e205d5dd64) (ComputeShaderImporter) -> (artifact id: 'aa6d710eefe7f5e447956c1b8e4c8859') in 0.0197734 seconds
Start importing Packages/com.unity.render-pipelines.universal/Shaders/2D/Shadow2D-Unshadow-Geometry.shader using Guid(77774d9009bb81447b048c907d4c6273) (ShaderImporter) -> (artifact id: '6b9341a8aeff7adea10de425ebd7ec6a') in 0.012326 seconds
Start importing Packages/com.unity.render-pipelines.core/Editor/PostProcessing/LensFlareResource/LensFlareDataDriven.shader using Guid(a796fe586e0ddba4cae031b0ab585286) (ShaderImporter) -> (artifact id: 'fb022b59a69cc61d4093752e67ca17f4') in 0.0386845 seconds
Start importing Packages/com.unity.render-pipelines.universal/Shaders/Particles/ParticlesLit.shader using Guid(b7839dad95683814aa64166edc107ae2) (ShaderImporter) -> (artifact id: '649b03640c3f3cda309195b2ba3729c9') in 0.0672135 seconds
Start importing Packages/com.unity.render-pipelines.universal/Shaders/PostProcessing/UberPost.shader using Guid(e7857e9d0c934dc4f83f270f8447b006) (ShaderImporter) -> (artifact id: '15f56636db74fbb5705ec15fb0462f79') in 0.0218911 seconds
Start importing Packages/com.unity.render-pipelines.core/Runtime/RenderPipelineResources/GPUDriven/OccluderDepthPyramidKernels.compute using Guid(08b2b5fb307b0d249860612774a987da) (ComputeShaderImporter) -> (artifact id: 'b0f22829eaa1d23d03c3dd9b3d2724a9') in 0.0236085 seconds
Start importing Packages/com.unity.render-pipelines.universal/Shaders/Utils/ScreenSpaceAmbientOcclusion.shader using Guid(0849e84e3d62649e8882e9d6f056a017) (ShaderImporter) -> (artifact id: 'edeb4620cfc34f79078f828cef8171f2') in 0.0399562 seconds
Start importing Packages/com.unity.render-pipelines.core/Runtime/UnifiedRayTracing/Common/GeometryPool/GeometryPoolKernels.compute using Guid(98e3d58cae7210c4786f67f504c9e899) (ComputeShaderImporter) -> (artifact id: '59c0d3b4f655a0a746bcdc974717a5c0') in 0.0271988 seconds
Start importing Packages/com.unity.render-pipelines.universal/Shaders/Utils/BlitHDROverlay.shader using Guid(a89bee29cffa951418fc1e2da94d1959) (ShaderImporter) -> (artifact id: '625c6b91e8d1ad18486d6dbf7955b263') in 0.0153007 seconds
Start importing Packages/com.unity.render-pipelines.core/Editor/Lighting/ProbeVolume/VoxelizeScene.shader using Guid(c8b6a681c7b4e2e4785ffab093907f9e) (ShaderImporter) -> (artifact id: '40f167e3d179f939fbef22d28b58ea2a') in 0.0242797 seconds
Start importing Packages/com.unity.render-pipelines.universal/Shaders/SpatialMappingWireframe.shader using Guid(e8b802ac01d87144b91f12f40c1f2659) (ShaderImporter) -> (artifact id: '17193af6347ba96009061c7ebc887a02') in 0.014472 seconds
Start importing Packages/com.unity.render-pipelines.universal/Shaders/PostProcessing/ScalingSetup.shader using Guid(e8ee25143a34b8c4388709ea947055d1) (ShaderImporter) -> (artifact id: '87a0dfb573fd140a478c3f10d3882e95') in 0.0151907 seconds
Start importing Packages/com.unity.render-pipelines.universal/Shaders/XR/XRMotionVector.shader using Guid(f89aac1e4f84468418fe30e611dff395) (ShaderImporter) -> (artifact id: '845fa5edfbc6efd219c8c2e1d68d64d5') in 0.0124272 seconds
Start importing Packages/com.unity.render-pipelines.core/Runtime/Lighting/ProbeVolume/ProbeVolumeUploadData.compute using Guid(0951de5992461754fa73650732c4954c) (ComputeShaderImporter) -> (artifact id: '36267afb32af0edb98bd1d019b57992a') in 0.0118617 seconds
Start importing Packages/com.unity.render-pipelines.universal/Shaders/2D/Shadow2D-Shadow-Geometry.shader using Guid(19349a0f9a7ed4c48a27445bcf92e5e1) (ShaderImporter) -> (artifact id: '878b11de6d34587dba69082660812add') in 0.0128448 seconds
Start importing Packages/com.unity.render-pipelines.core/Editor/PostProcessing/LensFlareResource/LensFlareDataDrivenPreview.shader using Guid(19dfbb09098c9584a83c956fbd6c5d79) (ShaderImporter) -> (artifact id: '9e10b376b25bb7e3e896278adc6f3935') in 0.016755 seconds
Start importing Packages/com.unity.render-pipelines.universal/Shaders/Terrain/WavingGrassBillboard.shader using Guid(29868e73b638e48ca99a19ea58c48d90) (ShaderImporter) -> (artifact id: 'adbacb501cddaa63ab37424efb8c2483') in 0.0275747 seconds
Start importing Packages/com.unity.render-pipelines.core/Runtime/STP/StpTaa.compute using Guid(3923900e2b41b5e47bc25bfdcbcdc9e6) (ComputeShaderImporter) -> (artifact id: '92aa3e3e166bb846375ea32bd8fc7942') in 0.0154431 seconds
Start importing Packages/com.unity.render-pipelines.universal/Shaders/Terrain/TerrainLit.shader using Guid(69c1f799e772cb6438f56c23efccb782) (ShaderImporter)Shader 'Universal Render Pipeline/Terrain/Lit': dependency 'AddPassShader' shader 'Hidden/Universal Render Pipeline/Terrain/Lit (Add Pass)' not found
Shader 'Universal Render Pipeline/Terrain/Lit': dependency 'BaseMapGenShader' shader 'Hidden/Universal Render Pipeline/Terrain/Lit (Basemap Gen)' not found
Shader 'Universal Render Pipeline/Terrain/Lit': dependency 'AddPassShader' shader 'Hidden/Universal Render Pipeline/Terrain/Lit (Add Pass)' not found
Shader 'Universal Render Pipeline/Terrain/Lit': dependency 'BaseMapGenShader' shader 'Hidden/Universal Render Pipeline/Terrain/Lit (Basemap Gen)' not found
 -> (artifact id: '2b3128509cc5117cdf55bdefb26f4aaa') in 0.0380473 seconds
Shader 'Universal Render Pipeline/Terrain/Lit': dependency 'AddPassShader' shader 'Hidden/Universal Render Pipeline/Terrain/Lit (Add Pass)' not found
Shader 'Universal Render Pipeline/Terrain/Lit': dependency 'BaseMapGenShader' shader 'Hidden/Universal Render Pipeline/Terrain/Lit (Basemap Gen)' not found
Start importing Packages/com.unity.xr.arfoundation/Assets/Shaders/SimulationURPRoomXRay.shader using Guid(89c5a83f7058c3f42921c3797959f492) (ShaderImporter) -> (artifact id: 'f9546e63d452126302fe62beb61d56fa') in 0.0426104 seconds
Start importing Packages/com.unity.render-pipelines.universal/Shaders/Nature/SpeedTree8.shader using Guid(99134b1f0c27d54469a840832a28fadf) (ShaderImporter) -> (artifact id: 'f0832e3a9cf462739d68a4d4d68b39ac') in 0.077918 seconds
Start importing Packages/com.unity.render-pipelines.universal/Runtime/RendererFeatures/SurfaceCacheGI/SurfaceCacheCore/Eviction.compute using Guid(c9f2aeed6ef396f4d9134e4da1edfe19) (ComputeShaderImporter) -> (artifact id: '153cb81babf766b472e350d1756e74fa') in 0.0085999 seconds
Start importing Packages/com.unity.render-pipelines.universal/Shaders/Utils/StencilDeferred.shader using Guid(e9155b26e1bc55942a41e518703fe304) (ShaderImporter) -> (artifact id: '9359d46bcc69952c3a1e96390b1d6ce1') in 0.0386501 seconds
Start importing Packages/com.unity.render-pipelines.core/Runtime/RenderPipelineResources/GPUDriven/InstanceDataBufferCopyKernels.compute using Guid(f984aeb540ded8b4fbb8a2047ab5b2e2) (ComputeShaderImporter) -> (artifact id: '6f04866088f29eb56db7016384a14624') in 0.0228189 seconds
Start importing Packages/com.unity.render-pipelines.universal/Shaders/Terrain/TerrainLitAdd.shader using Guid(0a7e590f3cf1d4ee8a8fab5b6eff09ef) (ShaderImporter) -> (artifact id: '7fb43bf14b559dccfdc65853f452fef9') in 0.0255732 seconds
Start importing Packages/com.unity.render-pipelines.core/Runtime/UnifiedRayTracing/Compute/RadeonRays/kernels/CopyPositions.compute using Guid(1ad53a96b58d3c3488dde4f14db1aaeb) (ComputeShaderImporter) -> (artifact id: 'a141ab79c79cce58d66b51850a43c19e') in 0.0138543 seconds
Start importing Packages/com.unity.render-pipelines.core/Runtime/RenderPipelineResources/GPUDriven/InstanceTransformUpdateKernels.compute using Guid(2a567b9b2733f8d47a700c3c85bed75b) (ComputeShaderImporter) -> (artifact id: 'cdaad52fefe3fa8697056a7398f82f20') in 0.0235943 seconds
Start importing Packages/com.unity.render-pipelines.universal/Shaders/PostProcessing/BokehDepthOfField.shader using Guid(2aed67ad60045d54ba3a00c91e2d2631) (ShaderImporter) -> (artifact id: '6c5d1c12a2ecfcb0a0ce0654e1baf94a') in 0.0316722 seconds
Start importing Packages/com.unity.render-pipelines.core/Runtime/Debug/ProbeVolumeFragmentationDebug.shader using Guid(3a80877c579b9144ebdcc6d923bca303) (ShaderImporter) -> (artifact id: '915a302f151a66ccde73b367025fe767') in 0.0383215 seconds
Start importing Packages/com.unity.xr.arfoundation/Assets/Shaders/SimulationURPSynthetic.shader using Guid(9af0e9ee2d4229b4081dbd7c95ede8b8) (ShaderImporter) -> (artifact id: '711534a73afc5c3fbc99c93afa2a6bb4') in 0.0278961 seconds
Start importing Packages/com.unity.render-pipelines.core/Runtime/Vrs/Shaders/VrsTexture.compute using Guid(cacb30de6c40c7444bbc78cb0a81fd2a) (ComputeShaderImporter) -> (artifact id: '26e98ba8c881a3a875e5916136d51dfc') in 0.0481977 seconds
Start importing Packages/com.unity.render-pipelines.core/Runtime/UnifiedRayTracing/Common/Utilities/CopyBuffer.compute using Guid(1b95b5dcf48d1914c9e1e7405c7660e3) (ComputeShaderImporter) -> (artifact id: 'edd08e7bd1f604e394b4c03f780043eb') in 0.0128523 seconds
Start importing Packages/com.unity.render-pipelines.core/Tests/Editor/SimpleSpeedTreeDots.shader using Guid(2b06b6233ca86cd4886e99d0e9d1124e) (ShaderImporter) -> (artifact id: '362818c2367227502ae89274f60b469f') in 0.0157683 seconds
Start importing Packages/com.unity.render-pipelines.core/Runtime/Debug/ProbeVolumeDebug.shader using Guid(3b21275fd12d65f49babb5286f040f2d) (ShaderImporter) -> (artifact id: '9aad9f69bcae84ff51cdbe6012b4b296') in 0.0162139 seconds
Start importing Packages/com.unity.render-pipelines.core/Editor/Lighting/ProbeVolume/ProbeVolumeCellDilation.compute using Guid(6bb382f7de370af41b775f54182e491d) (ComputeShaderImporter) -> (artifact id: '6108e13baf81f92ddf32abe16274504f') in 0.018865 seconds
Start importing Packages/com.unity.render-pipelines.universal/Shaders/ObjectMotionVectorFallback.shader using Guid(7b3ede40266cd49a395def176e1bc486) (ShaderImporter) -> (artifact id: 'b7dad91509415120f8299fdc3863859a') in 0.0135407 seconds
Start importing Packages/com.unity.render-pipelines.core/Tests/Editor/BufferCopyTest.compute using Guid(8ba6ac699baf35242857feaf27c9cc2a) (ComputeShaderImporter) -> (artifact id: 'e9100159a73dc1b78c2b1003cd20319a') in 0.0136134 seconds
Start importing Packages/com.unity.render-pipelines.universal/Runtime/RendererFeatures/SurfaceCacheGI/SurfaceCacheCore/RestirSpatial.compute using Guid(8bf708594b6a9224b9a0915f3db08c5d) (ComputeShaderImporter) -> (artifact id: 'd4bcca73ab7394c27d9d1e8430bb2ae5') in 0.0088672 seconds
Start importing Packages/com.unity.render-pipelines.core/Editor/Lighting/ProbeVolume/ProbeVolumeSubdivide.compute using Guid(bb86f1f0af829fd45b2ebddda1245c22) (ComputeShaderImporter) -> (artifact id: 'd5db80a6c54fe80b24c01cf47b0365d1') in 0.0206965 seconds
Start importing Packages/com.unity.render-pipelines.core/Runtime/Debug/ProbeVolumeOffsetDebug.shader using Guid(db8bd7436dc2c5f4c92655307d198381) (ShaderImporter) -> (artifact id: 'ffa885985ca86f88e1ccfc7614d62767') in 0.0176981 seconds
Start importing Packages/com.unity.render-pipelines.universal/Shaders/BakedLit.shader using Guid(0ca6dca7396eb48e5849247ffd444914) (ShaderImporter) -> (artifact id: 'ee2b149c81267a237299643cbaa78abd') in 0.0674132 seconds
Start importing Packages/com.unity.render-pipelines.universal/Shaders/PostProcessing/LensFlareDataDriven.shader using Guid(6cda457ac28612740adb23da5d39ea92) (ShaderImporter) -> (artifact id: '6eeb78b8a7e49532f73bc4920ebc00c6') in 0.0213704 seconds
Start importing Packages/com.unity.xr.arfoundation/Assets/Shaders/SimulationStandardLit.shader using Guid(6c4bf46f32019704e8b2efc0d062d054) (ShaderImporter) -> (artifact id: 'ae8c12f28dc827807387541f6d98798e') in 0.0229499 seconds
Start importing Packages/com.unity.render-pipelines.universal/Runtime/RendererFeatures/SurfaceCacheGI/ScreenResolveUpsampling.compute using Guid(7c302ee1d7410a6458981a5f329520b4) (ComputeShaderImporter) -> (artifact id: 'b8c87c859dfb90efca360572d54828c9') in 0.0193898 seconds
Start importing Packages/com.unity.render-pipelines.core/Tests/Runtime/Threading/FunctionTestsWave.compute using Guid(7cce01e3b2c07a34b8a6cfa8dcd99d0b) (ComputeShaderImporter) -> (artifact id: '16d87439e485a8e7e41d6a02962e5581') in 0.0174013 seconds
Start importing Packages/com.unity.render-pipelines.universal/Shaders/2D/Mesh2D-Unlit-Default.shader using Guid(8c3bb6de0c0e7c047b65c077249507e5) (ShaderImporter) -> (artifact id: '26a18532972bb35f50e9864b4341b378') in 0.0125294 seconds
Start importing Packages/com.unity.render-pipelines.universal/Shaders/Utils/StencilDitherMaskSeed.shader using Guid(8c3ee818f2efa514c889881ccb2e95a2) (ShaderImporter) -> (artifact id: '0921c39486197b90ab194152333fd5b3') in 0.0136103 seconds
Start importing Packages/com.unity.render-pipelines.universal/Shaders/PostProcessing/TemporalAA.shader using Guid(9c70c1a35ff15f340b38ea84842358bf) (ShaderImporter) -> (artifact id: '2c0dcb351ed8a7808e71fc083f85e55e') in 0.0323865 seconds
Start importing Packages/com.unity.render-pipelines.universal/Shaders/PostProcessing/LutBuilderHdr.shader using Guid(ec9fec698a3456d4fb18cf8bacb7a2bc) (ShaderImporter) -> (artifact id: '051dcbeb3ad8de4dcddbc8218fb3560d') in 0.0142407 seconds
Start importing Packages/com.unity.render-pipelines.core/Runtime/UnifiedRayTracing/Compute/RadeonRays/kernels/build_hlbvh.compute using Guid(2d70cd6be91bd7843a39a54b51c15b13) (ComputeShaderImporter) -> (artifact id: '603b173e12c412dc82a0d5098fb2d4e0') in 0.0164686 seconds
Start importing Packages/com.unity.render-pipelines.universal/Runtime/RendererFeatures/SurfaceCacheGI/PatchAllocation.compute using Guid(3d9fc4c0ae8e22f49a8ebefad82718d9) (ComputeShaderImporter) -> (artifact id: 'eae91e4d2ed4bf31f8c29f9d9f0b422e') in 0.0127301 seconds
Start importing Packages/com.unity.render-pipelines.universal/Runtime/RendererFeatures/SurfaceCacheGI/Debug.compute using Guid(4d40202dfa5473d44bcdc97e00d74703) (ComputeShaderImporter) -> (artifact id: '81d61580fa45e0a295226dac031bab5a') in 0.0120518 seconds
Start importing Packages/com.unity.render-pipelines.universal/Runtime/RendererFeatures/SurfaceCacheGI/ScreenResolveLookup.compute using Guid(4d271c06564c6784392d81f949558e5c) (ComputeShaderImporter) -> (artifact id: '39183eb360188d6b33e42b9e10ad9af7') in 0.014297 seconds
Start importing Packages/com.unity.render-pipelines.core/Runtime/UnifiedRayTracing/Compute/RadeonRays/kernels/block_scan.compute using Guid(4d6d5de35fa45ef4a92119397a045cc9) (ComputeShaderImporter) -> (artifact id: 'd68b131640cc90ef0ee070f77d2ae2d7') in 0.0141307 seconds
Start importing Packages/com.unity.render-pipelines.universal/Shaders/SimpleLit.shader using Guid(8d2bb70cbf9db8d4da26e15b26e74248) (ShaderImporter) -> (artifact id: 'd8936d3fce7580bef30af521da1e2308') in 0.06114 seconds
Start importing Packages/com.unity.xr.arfoundation/Assets/Shaders/SimulationURPLit.shader using Guid(8dfc564b813aa8f4685ed5f2ed5df06a) (ShaderImporter) -> (artifact id: '7ad8c3d16a2d51564016cdfda4a16d8c') in 0.0269713 seconds
Start importing Packages/com.unity.render-pipelines.core/Runtime/RenderPipelineResources/GPUDriven/InstanceWindDataUpdateKernels.compute using Guid(fde76746e4fd0ed418c224f6b4084114) (ComputeShaderImporter) -> (artifact id: 'cbc11f24cc33f35585f2263ffd008421') in 0.0221268 seconds
Start importing Packages/com.unity.render-pipelines.universal/Shaders/PostProcessing/CameraMotionBlur.shader using Guid(1edcd131364091c46a17cbff0b1de97a) (ShaderImporter) -> (artifact id: '6dbdd9db9e9bb00e6f76f096bd683d48') in 0.0288356 seconds
Start importing Packages/com.unity.render-pipelines.universal/Shaders/2D/Mesh2D-Lit-Default.shader using Guid(4e90a8289da1f3943885176e4f83e35c) (ShaderImporter) -> (artifact id: 'ee53e5c0d408813656adfcf2b98c774c') in 0.0219323 seconds
Start importing Packages/com.unity.render-pipelines.core/Runtime/UnifiedRayTracing/Compute/RadeonRays/kernels/block_reduce_part.compute using Guid(4e034cc8ea2635c4e9f063e5ddc7ea7a) (ComputeShaderImporter) -> (artifact id: '3dd03b3d6ea1ffcfe00517068cf1d732') in 0.0151257 seconds
Start importing Packages/com.unity.render-pipelines.universal/Shaders/PostProcessing/GaussianDepthOfField.shader using Guid(5e7134d6e63e0bc47a1dd2669cedb379) (ShaderImporter) -> (artifact id: '13755789c8aea055c5c37d7011747a4d') in 0.0229715 seconds
Start importing Packages/com.unity.render-pipelines.universal/Shaders/Nature/SpeedTree7Billboard.shader using Guid(5ec81c81908db34429b4f6ddecadd3bd) (ShaderImporter) -> (artifact id: '3334229e89fe0906f3bce867d28dbced') in 0.0648898 seconds
Start importing Packages/com.unity.render-pipelines.universal/Shaders/2D/Shadow2D-Projected.shader using Guid(ce09d4a80b88c5a4eb9768fab4f1ee00) (ShaderImporter) -> (artifact id: '27e87d9e8b00396d6be9253478ac5720') in 0.0218804 seconds
Start importing Packages/com.unity.render-pipelines.universal/Shaders/2D/Shadow2D-Unshadow-Sprite.shader using Guid(de02b375720b5c445afe83cd483bedf3) (ShaderImporter) -> (artifact id: '43d5d103a2f0d4b29db3bc8133b34985') in 0.0158228 seconds
Start importing Packages/com.unity.render-pipelines.universal/Shaders/ComplexLit.shader using Guid(ee7e4c9a5f6364b688a332c67fc32cca) (ShaderImporter) -> (artifact id: '6fbef93b269f6f5d52bebc3e734f9e85') in 0.0427764 seconds
Start importing Assets/MobileARTemplateAssets/Shaders/URPShadowReceiver.shader using Guid(fe6cf1cb2ef0b4ee9a5e5eca8e61e129) (ShaderImporter) -> (artifact id: 'd4d0d876d2b37faf02ab66ba97587bb8') in 0.0268466 seconds
Start importing Packages/com.unity.render-pipelines.universal/Runtime/RendererFeatures/OnTileUberPost.shader using Guid(fe4f13c1004a07d4ea1e30bfd0326d9e) (ShaderImporter) -> (artifact id: '6614dc1356ec4cfff5f71c55e8df0557') in 0.0287719 seconds
Start importing Packages/com.unity.render-pipelines.universal/Shaders/Nature/SpeedTree7.shader using Guid(0f4122b9a743b744abe2fb6a0a88868b) (ShaderImporter) -> (artifact id: '00e626c155d708cd1d9f8dab20aa7487') in 0.0487157 seconds
Start importing Packages/com.unity.render-pipelines.universal/Shaders/Utils/ScreenSpaceShadows.shader using Guid(0f854b35a0cf61a429bd5dcfea30eddd) (ShaderImporter) -> (artifact id: '9aa84521eb5e3a7571a9a2bfbd70cdfb') in 0.0143726 seconds
Start importing Packages/com.unity.render-pipelines.universal/Shaders/2D/Light2D.shader using Guid(3f6c848ca3d7bca4bbe846546ac701a1) (ShaderImporter) -> (artifact id: 'a3b13c33d93718017dbe5027125ae825') in 0.0152659 seconds
Start importing Packages/com.unity.render-pipelines.universal/Shaders/PostProcessing/Bloom.shader using Guid(5f1864addb451f54bae8c86d230f736e) (ShaderImporter) -> (artifact id: '6ea5cb367b9270e4d62c0d8415e6737f') in 0.026716 seconds
Start importing Packages/com.unity.render-pipelines.universal/Shaders/Utils/MaterialError.shader using Guid(5fd9a8feb75a4b5894c241777f519d4e) (ShaderImporter) -> (artifact id: '1e3737d074b0b1e0a366ad29988211dd') in 0.0112707 seconds
Start importing Packages/com.unity.render-pipelines.universal/Shaders/Utils/FallbackLoading.shader using Guid(7f888aff2ac86494babad1c2c5daeee2) (ShaderImporter) -> (artifact id: '11913ee92e01eae9623d2d479b772988') in 0.0114342 seconds
Start importing Packages/com.unity.render-pipelines.universal/Shaders/Terrain/TerrainLitBasemapGen.shader using Guid(8fbe92a9edfe6074e841d6dd1509bc59) (ShaderImporter) -> (artifact id: '7469def7370f4db770e840dc2dffd51a') in 0.0194175 seconds
Start importing Packages/com.unity.render-pipelines.core/Runtime/Debug/ProbeVolumeSamplingDebug.shader using Guid(bf54e6528c79a224e96346799064c393) (ShaderImporter) -> (artifact id: 'a4fd602f033da9a4341bf5b15879113d') in 0.0162997 seconds
Start importing Packages/com.unity.render-pipelines.universal/Shaders/Debug/DebugReplacement.shader using Guid(cf852408f2e174538bcd9b7fda1c5ae7) (ShaderImporter) -> (artifact id: '52b5b47ab6243a5af9f3398ec74faa44') in 0.0163607 seconds
Start importing Assets/MobileARTemplateAssets/Shaders/PlaneOcclusionShader.shader using Guid(cfffb87d2f3f04b62ac8dc5807c4ca32) (ShaderImporter) -> (artifact id: '0aa67fc78c55c203d71cb277c366b988') in 0.0176624 seconds
Start importing Packages/com.unity.searcher/Editor/Resources/FlatSkin/Font/Roboto-Black.ttf using Guid(1062c701058745940ae5dca6219c64c8) (TrueTypeFontImporter) -> (artifact id: 'b89abed553d095feefaa38a51129989c') in 0.0281922 seconds
Start importing Assets/MobileARTemplateAssets/UI/Fonts/Inter-Regular.ttf using Guid(109207b3ec45446afb082067696d36e6) (TrueTypeFontImporter) -> (artifact id: '0d9dfec7105ea549b26e259841a51e9b') in 0.0087273 seconds
Start importing Packages/com.unity.searcher/Editor/Resources/FlatSkin/Font/Roboto-Regular.ttf using Guid(30dc370b164eefc43b95744fc796dad0) (TrueTypeFontImporter) -> (artifact id: '171456c5ca4208fb5101018190a9ae1a') in 0.0137838 seconds
Start importing Packages/com.unity.searcher/Editor/Resources/FlatSkin/Font/Roboto-ThinItalic.ttf using Guid(b2ea3b3f1765e544b9eb5bd1a93a91ce) (TrueTypeFontImporter) -> (artifact id: 'dc70028b0a9b9aa173b91584bfa54865') in 0.0155997 seconds
Start importing Assets/TextMesh Pro/Fonts/LiberationSans.ttf using Guid(e3265ab4bf004d28a9537516768c1c75) (TrueTypeFontImporter) -> (artifact id: '1839038314b65537f2eaee5fdb1c8a96') in 0.3421102 seconds
Start importing Packages/com.unity.render-pipelines.core/Runtime/Debugging/Prefabs/Fonts/PerfectDOSVGA437.ttf using Guid(74a5091d8707f334b9a5c31ef71a64ba) (TrueTypeFontImporter) -> (artifact id: 'ab4f286761d083686d6c3bb39c8f4725') in 0.0132482 seconds
Start importing Packages/com.unity.searcher/Editor/Resources/FlatSkin/Font/Roboto-Medium.ttf using Guid(a51a3aebb43ac044989270407476b208) (TrueTypeFontImporter) -> (artifact id: '496aae967b46ca84319dbef7def669bc') in 0.0128266 seconds
Start importing Packages/com.unity.searcher/Editor/Resources/FlatSkin/Font/Roboto-Bold.ttf using Guid(3750c318f40cab44a97d3a81beaefeb3) (TrueTypeFontImporter) -> (artifact id: '65bae236cdb2c6167f3e8446f321662d') in 0.0102728 seconds
Start importing Packages/com.unity.mobile.android-logcat/Editor/Fonts/consola.ttf using Guid(b8af58820f69b474e8f63dc40a702fbc) (TrueTypeFontImporter) -> (artifact id: '919009fb9df43e479e11a3dcde20b2f2') in 0.0146845 seconds
Start importing Packages/com.unity.searcher/Editor/Resources/FlatSkin/Font/Roboto-Italic.ttf using Guid(c839255fc8f6b4b4d90bf8c1af9f9bd1) (TrueTypeFontImporter) -> (artifact id: 'd58737d3b190d6e2259395f5d2efe9c5') in 0.0134627 seconds
Start importing Packages/com.unity.searcher/Editor/Resources/FlatSkin/Font/Roboto-Thin.ttf using Guid(19a9abb883540be48b75b951a927ae03) (TrueTypeFontImporter) -> (artifact id: '66330b134696fc7f03059f0cfb98a139') in 0.0145951 seconds
Start importing Packages/com.unity.searcher/Editor/Resources/FlatSkin/Font/Roboto-MediumItalic.ttf using Guid(d93c1bc57fdf1ac4dad1bf04fac05464) (TrueTypeFontImporter) -> (artifact id: 'c4d2de2bfbff5a1f420e101e10b83173') in 0.0149662 seconds
Start importing Packages/com.unity.searcher/Editor/Resources/FlatSkin/Font/Roboto-BlackItalic.ttf using Guid(f95147a9bab9fe649b8070170fa7ebd2) (TrueTypeFontImporter) -> (artifact id: '8b69caa1b9d4017a2188ac0d2a99e357') in 0.0157378 seconds
Start importing Packages/com.unity.searcher/Editor/Resources/FlatSkin/Font/Roboto-Light.ttf using Guid(2a29e27936eb547458f646f71125b264) (TrueTypeFontImporter) -> (artifact id: 'a476c4de62d47c014c591cc76c8111f4') in 0.0133888 seconds
Start importing Packages/com.unity.searcher/Editor/Resources/FlatSkin/Font/Roboto-LightItalic.ttf using Guid(5e63515167650a541b309ba3bfd4db3d) (TrueTypeFontImporter) -> (artifact id: '6fd130e3fbad13f577d2a4f025754087') in 0.013958 seconds
Start importing Packages/com.unity.searcher/Editor/Resources/FlatSkin/Font/Roboto-BoldItalic.ttf using Guid(dfb97a9307a577a41bcacba34b9a7e32) (TrueTypeFontImporter) -> (artifact id: '85d055bcf1b52ab95ac094ab42158ea9') in 0.0134072 seconds
Start importing Packages/com.unity.shadergraph/GraphTemplates/BuiltIn/BuiltIn Lit Basic.shadergraph using Guid(2019d78ad3d1c5c4a8d309a857ca449f) (ScriptedImporter) -> (artifact id: 'b40b3f1d8a018918cb81edb406b27a46') in 0.8545164 seconds
Start importing Packages/com.unity.render-pipelines.universal/Runtime/Materials/ArnoldStandardSurface/ArnoldStandardSurfaceTransparent.shadergraph using Guid(30fa68ce467463643a86b839ca0eb195) (ScriptedImporter) -> (artifact id: 'ff7adcf88d225c97159e27b9fa033e89') in 0.2672935 seconds
Start importing Packages/com.unity.render-pipelines.universal/Shaders/AutodeskInteractive/AutodeskInteractiveMasked.shadergraph using Guid(80aa867ac363ac043847b06ad71604cd) (ScriptedImporter) -> (artifact id: '40136fda72808413d0d2dc2071e4131c') in 0.1026901 seconds
Start importing Assets/Samples/XR Interaction Toolkit/3.5.1/Starter Assets/TunnelingVignette/TunnelingVignetteSG.shadergraph using Guid(c109fab5d2bf5f64598ed69d2c16ceb3) (ScriptedImporter) -> (artifact id: '4212c3a9d83deddd6546363ea44d6f16') in 0.4784881 seconds
Start importing Assets/Samples/XR Interaction Toolkit/3.5.1/Starter Assets/Shaders/Unlit_Fresnel.shadergraph using Guid(e19b5bb6cb8e91e43b1b5d81a069296f) (ScriptedImporter) -> (artifact id: '79c00b9a6be9db3ea2c056dd8cae8245') in 0.0708625 seconds
Start importing Assets/TextMesh Pro/Shaders/TMP_SDF-URP Unlit.shadergraph using Guid(124c112a6e8f1a54e8b0870e881b56d8) (ScriptedImporter) -> (artifact id: 'b82a86730848cd8d1ee61facbc5d9ce9') in 0.1279355 seconds
Start importing Packages/com.unity.shadergraph/GraphTemplates/Cross Pipeline/0_Lit Basic.shadergraph using Guid(a2407126e3372f64cacb75ed466a5621) (ScriptedImporter) -> (artifact id: '7875cfbcda30edb0597e0ca7e0a040eb') in 0.0904877 seconds
Start importing Assets/TextMesh Pro/Shaders/TMP_SDF-URP Lit.shadergraph using Guid(a3d800b099a06e0478fb790c5e79057a) (ScriptedImporter) -> (artifact id: '5ea25259e7b8abbc53bb12a32ab736bd') in 0.1158441 seconds
Start importing Assets/MobileARTemplateAssets/Shaders/ShadowReceiver/ShadowReceiver.shadergraph using Guid(c395164bee0484f4391b2932dfff0ff8) (ScriptedImporter) -> (artifact id: 'c2c2c06fe84fca34545ba19b5b49d70f') in 0.1342207 seconds
Start importing Packages/com.unity.shadergraph/GraphTemplates/Cross Pipeline/Unlit Simple.shadergraph using Guid(2476a2d151e824143af40dce1fc93a12) (ScriptedImporter) -> (artifact id: '1f0f12e4691a068eeaf34d359e987d55') in 0.0563778 seconds
Start importing Packages/com.unity.render-pipelines.universal/Shaders/2D/VFXSpriteLit.shadergraph using Guid(24a73dccd7b6fad4798be282f96a21f4) (ScriptedImporter) -> (artifact id: '6379508e6ff10175de42989628f9679b') in 0.0875424 seconds
Start importing Packages/com.unity.render-pipelines.universal/Runtime/Materials/PhysicalMaterial3DsMax/PhysicalMaterial3DsMax.shadergraph using Guid(44245ab89240f51459a5077d7145c452) (ScriptedImporter) -> (artifact id: '03b410b7594e10e2f051cb5bb6f08f01') in 0.0897932 seconds
Start importing Assets/Samples/XR Interaction Toolkit/3.5.1/Starter Assets/Shaders/Unlit_ShaderGraph.shadergraph using Guid(740445f1490c01e4b8feacf8d9ab5e7f) (ScriptedImporter) -> (artifact id: '652403c2a5d0955e009fc0a8d9ca687e') in 0.054524 seconds
Start importing Packages/com.unity.render-pipelines.universal/Editor/ShaderGraph/GraphTemplates/2D/1_2D Sprite Unlit.shadergraph using Guid(25a0ebb4827f3cc47a1af2c79005f65b) (ScriptedImporter) -> (artifact id: 'da7a73c2ddf02f9a07ba3285740c47a2') in 0.0678397 seconds
Start importing Packages/com.unity.shadergraph/GraphTemplates/BuiltIn/BuiltIn Unlit Basic.shadergraph using Guid(9618d41bb71f74048bb6cace8785b93d) (ScriptedImporter) -> (artifact id: 'c0eda3fb67079ddca987a9f199dfe1d5') in 0.2026084 seconds
Start importing Packages/com.unity.shadergraph/GraphTemplates/Cross Pipeline/2_Particle Lit.shadergraph using Guid(a680d9a9f8b66514abbfd3ae1c8f77f7) (ScriptedImporter) -> (artifact id: '411cec33e7066ce74e177fc1b11fc792') in 0.0933785 seconds
Start importing Packages/com.unity.render-pipelines.universal/Editor/ShaderGraph/GraphTemplates/UITKBasicTemplate.shadergraph using Guid(0738648e2f2f84b489a2f0076b69e30a) (ScriptedImporter) -> (artifact id: '4be1aa684e19bbb42e4745c196dd4576') in 0.0678492 seconds
Start importing Packages/com.unity.shadergraph/GraphTemplates/Cross Pipeline/1_Decal Material Volume.shadergraph using Guid(1716ff8c1e51af14280cc97fbcba3b11) (ScriptedImporter) -> (artifact id: '0e8b57065cedefbedd878a435a08d3ec') in 0.1589847 seconds
Start importing Assets/MobileARTemplateAssets/Shaders/InteractablePrimitive.shadergraph using Guid(37c51f8d6a7e5674aab5ed399eaf0cfe) (ScriptedImporter) -> (artifact id: 'f5e527f4467b3a87e57987e0a37b85c5') in 0.0844125 seconds
Start importing Packages/com.unity.render-pipelines.universal/Runtime/Materials/ArnoldStandardSurface/ArnoldStandardSurface.shadergraph using Guid(3739e562a03fc0b4982d8aa66cc50865) (ScriptedImporter) -> (artifact id: 'f2c9699c226a02cc7d5243f7eb47cef4') in 0.0900317 seconds
Start importing Packages/com.unity.render-pipelines.universal/Shaders/2D/VFXSpriteUnlit.shadergraph using Guid(d7288f66e4fb0634c9afef98c31b722a) (ScriptedImporter) -> (artifact id: '8cdb29f8d755b4b2a5cb90c0eb3bb14e') in 0.0447446 seconds
Start importing Assets/Samples/XR Interaction Toolkit/3.5.1/Starter Assets/Shaders/Interactable.shadergraph using Guid(0927d29e476ce5843b1f7d2a96943c51) (ScriptedImporter) -> (artifact id: 'b7f47a1c651866b5a02e33774e18efdd') in 0.0809645 seconds
Start importing Packages/com.unity.shadergraph/GraphTemplates/Cross Pipeline/0_Decal Simple.shadergraph using Guid(39144937a5efe954dac51acbbe54157e) (ScriptedImporter) -> (artifact id: '60fc21a4eff729f38892b3fdfb235376') in 0.0634584 seconds
Start importing Packages/com.unity.render-pipelines.universal/Shaders/Nature/SpeedTree8_PBRLit.shadergraph using Guid(9920c1f1781549a46ba081a2a15a16ec) (ScriptedImporter) -> (artifact id: 'dc86c962650bf3797b2acdc4a380f209') in 0.3011428 seconds
Start importing Packages/com.unity.render-pipelines.universal/Runtime/Materials/PhysicalMaterial3DsMax/PhysicalMaterial3DsMaxTransparent.shadergraph using Guid(1a207e3bee00db44b940e6f362a8e148) (ScriptedImporter) -> (artifact id: '88d3b5acda2fc0d0d479d8b4ca6eeca3') in 0.0915011 seconds
Start importing Packages/com.unity.shadergraph/GraphTemplates/Cross Pipeline/UGUI Canvas Basic.shadergraph using Guid(5a4a765e921b8554eb959f7cf697b3be) (ScriptedImporter) -> (artifact id: 'dbb93aecf3fceaa83e80ca9ef9c2f36e') in 0.0887367 seconds
Start importing Packages/com.unity.render-pipelines.universal/Shaders/Decal.shadergraph using Guid(9b4e681081e2b4c469111bb649e2f7ee) (ScriptedImporter) -> (artifact id: '4630d5a149215974773cf07bd3b57607') in 0.460711 seconds
Start importing Packages/com.unity.render-pipelines.universal/Shaders/Nature/SpeedTree9_URP.shadergraph using Guid(cbd3e1cc4ae141c42a30e33b4d666a61) (ScriptedImporter) -> (artifact id: 'b05515b495cc7db4fccfc66666e912ae') in 0.181759 seconds
Start importing Packages/com.unity.render-pipelines.universal/Shaders/FullscreenInvertColors.shadergraph using Guid(fb6390f650ca44a5ba3246d8dda47927) (ScriptedImporter) -> (artifact id: '89aa1d570fa4da9d381b586dce29df34') in 0.0927313 seconds
Start importing Packages/com.unity.render-pipelines.universal/Shaders/AutodeskInteractive/AutodeskInteractiveTransparent.shadergraph using Guid(5c81372d981403744adbdda4433c9c11) (ScriptedImporter) -> (artifact id: '02a0ba5669e8f186d3fb195fd35b8dd4') in 0.1079348 seconds
Start importing Packages/com.unity.render-pipelines.universal/Editor/ShaderGraph/GraphTemplates/Terrain Standard 4 Layers URP.shadergraph using Guid(bc3def193b270c649b041063a70a1a1f) (ScriptedImporter)Shader 'Hidden/Terrain/Terrain Standard 4 Layers URP': dependency 'AddPassShader' shader 'Hidden/Hidden/Terrain/Terrain Standard 4 Layers URP_AddPass' not found
Shader 'Hidden/Terrain/Terrain Standard 4 Layers URP': dependency 'BaseMapGenShader' shader 'Hidden/Hidden/Terrain/Terrain Standard 4 Layers URP_BaseMapGen' not found
Shader 'Hidden/Terrain/Terrain Standard 4 Layers URP': dependency 'AddPassShader' shader 'Hidden/Hidden/Terrain/Terrain Standard 4 Layers URP_AddPass' not found
Shader 'Hidden/Terrain/Terrain Standard 4 Layers URP': dependency 'BaseMapGenShader' shader 'Hidden/Hidden/Terrain/Terrain Standard 4 Layers URP_BaseMapGen' not found
 -> (artifact id: '84f92cde5fd1f67d20c3fa9eb2592f40') in 0.4158312 seconds
Start importing Packages/com.unity.shadergraph/GraphTemplates/Cross Pipeline/UGUI Canvas Meter.shadergraph using Guid(9d4e8ca8c5046914c87ca6ccef140dac) (ScriptedImporter) -> (artifact id: 'f256c63a029d050f14cdc576977cc6ce') in 0.0436975 seconds
Start importing Packages/com.unity.render-pipelines.universal/Editor/ShaderGraph/GraphTemplates/2D/0_2D Sprite Lit.shadergraph using Guid(bde135b320597544b9ac325092409f8b) (ScriptedImporter) -> (artifact id: 'fbbb01233800cbb019fa69426831b635') in 0.0610611 seconds
Start importing Packages/com.unity.render-pipelines.universal/Shaders/AutodeskInteractive/AutodeskInteractive.shadergraph using Guid(0e9d5a909a1f7e84882a534d0d11e49f) (ScriptedImporter) -> (artifact id: 'b5afc33ac24f111557973fc5aea32808') in 0.1042534 seconds
Start importing Packages/com.unity.render-pipelines.universal/Editor/ShaderGraph/GraphTemplates/UITKFullTemplate.shadergraph using Guid(3e01bbae25716b24ea9da11102b44902) (ScriptedImporter) -> (artifact id: '5f3f41cf4c8f9a06ecdbc612a5768dea') in 0.039345 seconds
Start importing Packages/com.unity.shadergraph/GraphTemplates/Custom Render Texture.shadergraph using Guid(7ef2cf71ad164fe479662ae612dff99e) (ScriptedImporter) -> (artifact id: '472354f2eccc5d69d6e988f455631fc4') in 0.0507673 seconds
Start importing Packages/com.unity.shadergraph/GraphTemplates/Cross Pipeline/1_Lit Full.shadergraph using Guid(aee84ce0dab81b049bb88017d78a63cd) (ScriptedImporter) -> (artifact id: 'dd8e427d2b95b512386c1057bb8eed7d') in 0.1811611 seconds
Start importing Packages/com.unity.shadergraph/GraphTemplates/Cross Pipeline/Terrain Simple.shadergraph using Guid(def488a52add6574d9f295a507032cb8) (ScriptedImporter)Shader 'Hidden/Terrain/Terrain Simple': dependency 'AddPassShader' shader 'Hidden/Hidden/Terrain/Terrain Simple_AddPass' not found
Shader 'Hidden/Terrain/Terrain Simple': dependency 'BaseMapGenShader' shader 'Hidden/Hidden/Terrain/Terrain Simple_BaseMapGen' not found
Shader 'Hidden/Terrain/Terrain Simple': dependency 'AddPassShader' shader 'Hidden/Hidden/Terrain/Terrain Simple_AddPass' not found
Shader 'Hidden/Terrain/Terrain Simple': dependency 'BaseMapGenShader' shader 'Hidden/Hidden/Terrain/Terrain Simple_BaseMapGen' not found
 -> (artifact id: 'd2a488bfee8190821ecf4c7327ef12e8') in 0.1865428 seconds
Start importing Packages/com.unity.shadergraph/GraphTemplates/Cross Pipeline/0_Particle Unlit.shadergraph using Guid(af66091e0eca0c04a9c3584ae867418a) (ScriptedImporter) -> (artifact id: '7f4f0294ed63a15674c67952ad7092c5') in 0.0701974 seconds
Start importing Packages/com.unity.render-pipelines.universal/Editor/ShaderGraph/GraphTemplates/2D/2_2D Sprite Custom Lit.shadergraph using Guid(bfad0aba0faa90547b68abd10bb6be86) (ScriptedImporter) -> (artifact id: 'ed9458bd7854e0eba30530900ee5e789') in 0.0640887 seconds
Start importing Packages/com.unity.render-pipelines.universal/Editor/ShaderGraph/GraphTemplates/Fullscreen Basic URP.shadergraph using Guid(df41eefe8c13d444ca890dddbbc61f8d) (ScriptedImporter) -> (artifact id: '76a3be65f4640325f74ae9cf7dee8741') in 0.0360672 seconds
Start importing Packages/com.unity.render-pipelines.core/Tests/Editor/UnifiedRayTracing/TraceRays.urtshader using Guid(1142bbad8b9e8c44c83a9775ff120d37) (ScriptedImporter) -> (artifact id: '2401a46f0aab72164501a1d66fbf0de9') in 0.0588968 seconds
Start importing Packages/com.unity.render-pipelines.universal/Runtime/RendererFeatures/SurfaceCacheGI/SurfaceCacheCore/RisEstimation.urtshader using Guid(713f6141bd66a134383b787f2eaa7c11) (ScriptedImporter) -> (artifact id: 'a066c362119d77b7dc1409c898e3433a') in 0.0625868 seconds
Start importing Packages/com.unity.render-pipelines.core/Editor/Lighting/ProbeVolume/RenderingLayerMask/TraceRenderingLayerMask.urtshader using Guid(94a070d33e408384bafc1dea4a565df9) (ScriptedImporter) -> (artifact id: '822f79e758c75841750b6ae122f7d5c5') in 0.0188765 seconds
Start importing Packages/com.unity.render-pipelines.universal/Runtime/RendererFeatures/SurfaceCacheGI/SurfaceCacheCore/UniformEstimation.urtshader using Guid(94a39d12848d8d64ca962a72b74e7c50) (ScriptedImporter) -> (artifact id: '7f68c787323f825cec6c883b0943280e') in 0.0226308 seconds
Start importing Packages/com.unity.render-pipelines.core/Tests/Editor/UnifiedRayTracing/TraceTransparentRays.urtshader using Guid(6513c3b892e933c4f8d00c19d5c47532) (ScriptedImporter) -> (artifact id: '61bd9d388fbc63bca1d8288ffb5c0c5b') in 0.0155782 seconds
Start importing Packages/com.unity.render-pipelines.core/Editor/Lighting/ProbeVolume/DynamicGI/DynamicGISkyOcclusion.urtshader using Guid(5a2a534753fbdb44e96c3c78b5a6999d) (ScriptedImporter) -> (artifact id: 'b77f5ae6e0e163d1693bac1bea19ec35') in 0.0160641 seconds
Start importing Packages/com.unity.render-pipelines.core/Tests/Editor/UnifiedRayTracing/TraceRaysAndFetchAttributes.urtshader using Guid(fbc59f55df2416344b008dc23753cae2) (ScriptedImporter) -> (artifact id: '0960ced5eb7f51f22c82a75d6d0c522f') in 0.0158597 seconds
Start importing Packages/com.unity.render-pipelines.universal/Runtime/RendererFeatures/SurfaceCacheGI/SurfaceCacheCore/RestirCandidateTemporal.urtshader using Guid(ad3a9f9982f8c4f4a839a78955e78458) (ScriptedImporter) -> (artifact id: 'f828f8005892d22d6c38e42997425e8a') in 0.0222496 seconds
Start importing Packages/com.unity.render-pipelines.core/Editor/Lighting/ProbeVolume/VirtualOffset/TraceVirtualOffset.urtshader using Guid(ff2cbab5da58bf04d82c5f34037ed123) (ScriptedImporter) -> (artifact id: '50fec56f88fbf0eaf2293034ab9aaa63') in 0.0161283 seconds
Start importing Assets/Samples/XR Interaction Toolkit/3.5.1/Starter Assets/DemoAssets/Audio/Button Pop.wav using Guid(16fba6d30ed741d4a9fdd6e79ee2f3ac) (AudioImporter) -> (artifact id: '4b33a3fcbb88d19537747ac97b1dd549') in 0.1823156 seconds
Start importing Packages/com.unity.learn.iet-framework/Editor/UI/Stylesheets/Styles_TutorialWindow_Light.uss using Guid(f024b7035a09345e5848e3de8f1b5dcb) (ScriptedImporter) -> (artifact id: '0b17f2c5ac0babfbce3b4bd8476134a2') in 0.0550268 seconds
Start importing Packages/com.unity.learn.iet-framework/Editor/UI/OverviewWindow/OverviewWindow_Dark.uss using Guid(7992bc5ec1caf4d328c743316bbe82a9) (ScriptedImporter) -> (artifact id: '8f21333a965b4aa1fb37f29ac4009320') in 0.0102415 seconds
Start importing Packages/com.unity.learn.iet-framework/Editor/UI/Stylesheets/Styles_Inspector.uss using Guid(ca22696018bf845c1b7e12e4866fbc75) (ScriptedImporter) -> (artifact id: 'f2f07de07d284aacbbe945f4a1c6261d') in 0.0145185 seconds
Start importing Packages/com.unity.learn.iet-framework/Editor/UI/OverviewWindow/OverviewWindow_Light.uss using Guid(5bc83713140344c6eaed093468df59a0) (ScriptedImporter) -> (artifact id: '11f9a4044755e71312049b416cec81ef') in 0.0093259 seconds
Start importing Packages/com.unity.learn.iet-framework/Editor/UI/Stylesheets/Styles_TutorialWindow_Dark.uss using Guid(1cc9851f62063cd4ba510d60b2c81bbe) (ScriptedImporter) -> (artifact id: '03c6cb3ce80a1afb8351370fa917a5e4') in 0.0120053 seconds
Start importing Packages/com.unity.learn.iet-framework/Editor/UI/Stylesheets/Styles_TutorialWindow.uss using Guid(ce14d779027e2204e9428e9389c2d7b0) (ScriptedImporter) -> (artifact id: '97b160022a09decd520f9de41f2bd81e') in 0.0322162 seconds
Start importing Packages/com.unity.inputsystem/InputSystem/Editor/UITKAssetEditor/PackageResources/BindingPanelRowTemplate.uxml using Guid(449c8e5ca27af8e4a9db710c8be5e4df) (ScriptedImporter) -> (artifact id: '401447f565bb54239e6ce3e3617fb129') in 0.0328117 seconds
Launched and connected shader compiler UnityShaderCompiler.exe after 0.01 seconds
Launched and connected shader compiler UnityShaderCompiler.exe after 0.01 seconds
Launched and connected shader compiler UnityShaderCompiler.exe after 0.01 seconds
Launched and connected shader compiler UnityShaderCompiler.exe after 0.01 seconds
Launched and connected shader compiler UnityShaderCompiler.exe after 0.01 seconds
Launched and connected shader compiler UnityShaderCompiler.exe after 0.01 seconds
Launched and connected shader compiler UnityShaderCompiler.exe after 0.02 seconds
Launched and connected shader compiler UnityShaderCompiler.exe after 0.02 seconds
Launched and connected shader compiler UnityShaderCompiler.exe after 0.02 seconds
Launched and connected shader compiler UnityShaderCompiler.exe after 0.04 seconds
Launched and connected shader compiler UnityShaderCompiler.exe after 0.05 seconds
Refreshing native plugins compatible for Editor in 34.12 ms, found 1 plugins.
Preloading 0 native plugins for Editor in 0.00 ms.
Asset Pipeline Refresh (id=6861cae8c9227684a9a39a99f8499adc): Total: 108.104 seconds - Initiated by InitialRefreshV2(ForceSynchronousImport)
	Summary:
		Imports: total=1035 (actual=1035, local cache=0, cache server=0)
		Asset DB Process Time: managed=190 ms, native=78091 ms
		Asset DB Callback time: managed=1716 ms, native=451 ms
		Scripting: domain reloads=1, domain reload time=7008 ms, compile time=20599 ms, other=44 ms
		Project Asset Count: scripts=1466, non-scripts=2331
		Asset File Changes: new=0, changed=1, moved=0, deleted=0
		Scan Filter Count: 0
	InvokeCustomDependenciesCallbacks: 0.002ms
	InvokePackagesCallback: 19.971ms
	ApplyChangesToAssetFolders: 0.726ms
	Scan: 75.577ms
	OnSourceAssetsModified: 0.771ms
	CategorizeAssetsWithTransientArtifact: 33.217ms
	ProcessAssetsWithTransientArtifactChanges: 83.810ms
	CategorizeAssets: 66.028ms
	ImportOutOfDateAssets: 77898.033ms (-18644.581ms without children)
		ImportManagerImport: 74968.666ms (2260.658ms without children)
			ImportInProcess: 72689.654ms
			UpdateCategorizedAssets: 18.353ms
		CompileScripts: 20598.975ms
		ReloadNativeAssets: 0.053ms
		UnloadImportedAssets: 6.888ms
		ReloadImportedAssets: 966.324ms
		EnsureUptoDateAssetsAreRegisteredWithGuidPM: 0.920ms
		InitializingProgressBar: 0.009ms
		PostProcessAllAssetNotificationsAddChangedAssets: 0.001ms
		OnDemandSchedulerStart: 0.777ms
	PostProcessAllAssets: 1973.636ms
	Hotreload: 174.496ms
	GatherAllCurrentPrimaryArtifactRevisions: 0.002ms
	UnloadStreamsBegin: 1.881ms
	PersistCurrentRevisions: 1.398ms
	UnloadStreamsEnd: 0.002ms
	GenerateScriptTypeHashes: 9.046ms
	Untracked: 27774.473ms

Application.AssetDatabase Initial Refresh End
Scanning for USB devices : 2.531ms
Initializing Unity extensions:
[Licensing::Client] Successfully resolved entitlement details
[Licensing::Client] Successfully resolved entitlement details
[MODES] ModeService[none].Initialize
[MODES] ModeService[none].LoadModes
[MODES] Loading mode Default (0) for mode-current-id-SimpleARPlacement
Unloading 120 Unused Serialized files (Serialized files now loaded: 0)
Unloading 5837 unused Assets / (25.7 MB). Loaded Objects now: 6563.
Memory consumption went from 422.1 MB to 396.4 MB.
Total: 28.757300 ms (FindLiveObjects: 0.609000 ms CreateObjectMapping: 0.396200 ms MarkObjects: 17.132300 ms  DeleteObjects: 10.617900 ms)

Unloading 15 Unused Serialized files (Serialized files now loaded: 0)
Unloading 47 unused Assets / (26.8 KB). Loaded Objects now: 6569.
Memory consumption went from 369.3 MB to 369.3 MB.
Total: 15.825200 ms (FindLiveObjects: 0.295600 ms CreateObjectMapping: 0.145300 ms MarkObjects: 15.304400 ms  DeleteObjects: 0.078600 ms)

Font Asset [LiberationSans SDF - Fallback] Units Per EM set to 2048. Please commit the newly serialized value.
UnityEngine.Debug:ExtractStackTraceNoAlloc (byte*,int,string)
UnityEngine.StackTraceUtility:ExtractStackTrace ()
UnityEngine.DebugLogHandler:Internal_Log (UnityEngine.LogType,UnityEngine.LogOption,string,UnityEngine.Object)
UnityEngine.DebugLogHandler:LogFormat (UnityEngine.LogType,UnityEngine.Object,string,object[])
UnityEngine.Logger:Log (UnityEngine.LogType,object)
UnityEngine.Debug:Log (object)
TMPro.TMP_FontAsset:ReadFontAssetDefinition () (at ./Library/PackageCache/com.unity.ugui@b996e7548785/Runtime/TMP/TMP_FontAsset.cs:822)
TMPro.TMP_FontAsset:OnValidate () (at ./Library/PackageCache/com.unity.ugui@b996e7548785/Runtime/TMP/TMP_FontAsset.cs:760)
UnityEngine.ResourcesAPIInternal:Load (string,System.Type)
UnityEngine.ResourcesAPI:Load (string,System.Type)
UnityEngine.Resources:Load (string,System.Type)
UnityEngine.Resources:Load<TMPro.TMP_Settings> (string)
TMPro.TMP_Settings:get_instance () (at ./Library/PackageCache/com.unity.ugui@b996e7548785/Runtime/TMP/TMP_Settings.cs:455)
TMPro.TMP_Settings:get_defaultFontAsset () (at ./Library/PackageCache/com.unity.ugui@b996e7548785/Runtime/TMP/TMP_Settings.cs:169)
SimpleARPlacement.EditorTools.SimpleARPlacementTool:BuildUI (UnityEngine.GameObject) (at Assets/SimpleARPlacement/Editor/SimpleARPlacementTool.cs:818)
SimpleARPlacement.EditorTools.SimpleARPlacementTool:BuildScene (UnityEngine.GameObject,UnityEngine.GameObject,UnityEngine.Material,UnityEngine.Material) (at Assets/SimpleARPlacement/Editor/SimpleARPlacementTool.cs:654)
SimpleARPlacement.EditorTools.SimpleARPlacementTool:CreateSceneAndPrefabs () (at Assets/SimpleARPlacement/Editor/SimpleARPlacementTool.cs:179)
SimpleARPlacement.EditorTools.SimpleARPlacementTool:BuildApk () (at Assets/SimpleARPlacement/Editor/SimpleARPlacementTool.cs:276)
SimpleARPlacement.EditorTools.SimpleARPlacementTool:BuildApkBatch () (at Assets/SimpleARPlacement/Editor/SimpleARPlacementTool.cs:150)

(Filename: ./Library/PackageCache/com.unity.ugui@b996e7548785/Runtime/TMP/TMP_FontAsset.cs Line: 822)

Start importing Assets/SimpleARPlacement/Materials/SimpleARIndicator.mat using Guid(73175d20e83cf884fbc511474c0a4b72) (NativeFormatImporter) -> (artifact id: '19b4851114c873bb8cd270956effb6cd') in 0.0018652 seconds
Start importing Assets/SimpleARPlacement/Materials/SimpleARPlaneMaterial.mat using Guid(cc42b8e6b9c32b34fb8814717b58da70) (NativeFormatImporter) -> (artifact id: '1f1b8bf69cbed481f86a5c73d94af46e') in 0.0009929 seconds
Start importing Assets/SimpleARPlacement/Materials/SimpleChairLeg.mat using Guid(4ea725c1341eb2b48be52e3fcd298887) (NativeFormatImporter) -> (artifact id: 'ca87d8aafd2ffef74faf8747e65053f4') in 0.0009235 seconds
Start importing Assets/SimpleARPlacement/Materials/SimpleChairSeat.mat using Guid(cf4245fc6f680da4bb40145bc0265905) (NativeFormatImporter) -> (artifact id: '0069a37811701486bbe321002251748b') in 0.0010661 seconds
Refreshing native plugins compatible for Editor in 1.42 ms, found 1 plugins.
Preloading 0 native plugins for Editor in 0.00 ms.
Asset Pipeline Refresh (id=2fc4cbdf9efe14a4d95e849e40324971): Total: 0.074 seconds - Initiated by StopAssetImportingV2(NoUpdateAssetOptions)
Start importing Assets/Scenes/SimpleARPlacement.unity using Guid(e1f6e00bff3cad24e9cdbf2dfca38187) (DefaultImporter) -> (artifact id: 'da01c3e893edcaf09e598ae869d40e7b') in 0.00113 seconds
Refreshing native plugins compatible for Editor in 1.51 ms, found 1 plugins.
Preloading 0 native plugins for Editor in 0.00 ms.
Asset Pipeline Refresh (id=84ba7fa1aec97ae459010ed9f10a5926): Total: 0.038 seconds - Initiated by StopAssetImportingV2(NoUpdateAssetOptions)
[SimpleARPlacement] jdkRootPath = D:/Unity/6000.3.24f1/Editor/Data\PlaybackEngines\AndroidPlayer\OpenJDK
UnityEngine.Debug:ExtractStackTraceNoAlloc (byte*,int,string)
UnityEngine.StackTraceUtility:ExtractStackTrace ()
UnityEngine.DebugLogHandler:Internal_Log (UnityEngine.LogType,UnityEngine.LogOption,string,UnityEngine.Object)
UnityEngine.DebugLogHandler:LogFormat (UnityEngine.LogType,UnityEngine.Object,string,object[])
UnityEngine.Logger:Log (UnityEngine.LogType,object)
UnityEngine.Debug:Log (object)
SimpleARPlacement.EditorTools.SimpleARPlacementTool:SetAndroidToolsProperty (System.Type,string,string) (at Assets/SimpleARPlacement/Editor/SimpleARPlacementTool.cs:386)
SimpleARPlacement.EditorTools.SimpleARPlacementTool:ConfigureAndroidToolsPaths () (at Assets/SimpleARPlacement/Editor/SimpleARPlacementTool.cs:361)
SimpleARPlacement.EditorTools.SimpleARPlacementTool:ApplyAndroidPlayerSettings () (at Assets/SimpleARPlacement/Editor/SimpleARPlacementTool.cs:338)
SimpleARPlacement.EditorTools.SimpleARPlacementTool:BuildScene (UnityEngine.GameObject,UnityEngine.GameObject,UnityEngine.Material,UnityEngine.Material) (at Assets/SimpleARPlacement/Editor/SimpleARPlacementTool.cs:681)
SimpleARPlacement.EditorTools.SimpleARPlacementTool:CreateSceneAndPrefabs () (at Assets/SimpleARPlacement/Editor/SimpleARPlacementTool.cs:179)
SimpleARPlacement.EditorTools.SimpleARPlacementTool:BuildApk () (at Assets/SimpleARPlacement/Editor/SimpleARPlacementTool.cs:276)
SimpleARPlacement.EditorTools.SimpleARPlacementTool:BuildApkBatch () (at Assets/SimpleARPlacement/Editor/SimpleARPlacementTool.cs:150)

(Filename: Assets/SimpleARPlacement/Editor/SimpleARPlacementTool.cs Line: 386)

[SimpleARPlacement] sdkRootPath = D:/Unity/6000.3.24f1/Editor/Data\PlaybackEngines\AndroidPlayer\SDK
UnityEngine.Debug:ExtractStackTraceNoAlloc (byte*,int,string)
UnityEngine.StackTraceUtility:ExtractStackTrace ()
UnityEngine.DebugLogHandler:Internal_Log (UnityEngine.LogType,UnityEngine.LogOption,string,UnityEngine.Object)
UnityEngine.DebugLogHandler:LogFormat (UnityEngine.LogType,UnityEngine.Object,string,object[])
UnityEngine.Logger:Log (UnityEngine.LogType,object)
UnityEngine.Debug:Log (object)
SimpleARPlacement.EditorTools.SimpleARPlacementTool:SetAndroidToolsProperty (System.Type,string,string) (at Assets/SimpleARPlacement/Editor/SimpleARPlacementTool.cs:386)
SimpleARPlacement.EditorTools.SimpleARPlacementTool:ConfigureAndroidToolsPaths () (at Assets/SimpleARPlacement/Editor/SimpleARPlacementTool.cs:362)
SimpleARPlacement.EditorTools.SimpleARPlacementTool:ApplyAndroidPlayerSettings () (at Assets/SimpleARPlacement/Editor/SimpleARPlacementTool.cs:338)
SimpleARPlacement.EditorTools.SimpleARPlacementTool:BuildScene (UnityEngine.GameObject,UnityEngine.GameObject,UnityEngine.Material,UnityEngine.Material) (at Assets/SimpleARPlacement/Editor/SimpleARPlacementTool.cs:681)
SimpleARPlacement.EditorTools.SimpleARPlacementTool:CreateSceneAndPrefabs () (at Assets/SimpleARPlacement/Editor/SimpleARPlacementTool.cs:179)
SimpleARPlacement.EditorTools.SimpleARPlacementTool:BuildApk () (at Assets/SimpleARPlacement/Editor/SimpleARPlacementTool.cs:276)
SimpleARPlacement.EditorTools.SimpleARPlacementTool:BuildApkBatch () (at Assets/SimpleARPlacement/Editor/SimpleARPlacementTool.cs:150)

(Filename: Assets/SimpleARPlacement/Editor/SimpleARPlacementTool.cs Line: 386)

[SimpleARPlacement] ndkRootPath = D:/Unity/6000.3.24f1/Editor/Data\PlaybackEngines\AndroidPlayer\NDK
UnityEngine.Debug:ExtractStackTraceNoAlloc (byte*,int,string)
UnityEngine.StackTraceUtility:ExtractStackTrace ()
UnityEngine.DebugLogHandler:Internal_Log (UnityEngine.LogType,UnityEngine.LogOption,string,UnityEngine.Object)
UnityEngine.DebugLogHandler:LogFormat (UnityEngine.LogType,UnityEngine.Object,string,object[])
UnityEngine.Logger:Log (UnityEngine.LogType,object)
UnityEngine.Debug:Log (object)
SimpleARPlacement.EditorTools.SimpleARPlacementTool:SetAndroidToolsProperty (System.Type,string,string) (at Assets/SimpleARPlacement/Editor/SimpleARPlacementTool.cs:386)
SimpleARPlacement.EditorTools.SimpleARPlacementTool:ConfigureAndroidToolsPaths () (at Assets/SimpleARPlacement/Editor/SimpleARPlacementTool.cs:363)
SimpleARPlacement.EditorTools.SimpleARPlacementTool:ApplyAndroidPlayerSettings () (at Assets/SimpleARPlacement/Editor/SimpleARPlacementTool.cs:338)
SimpleARPlacement.EditorTools.SimpleARPlacementTool:BuildScene (UnityEngine.GameObject,UnityEngine.GameObject,UnityEngine.Material,UnityEngine.Material) (at Assets/SimpleARPlacement/Editor/SimpleARPlacementTool.cs:681)
SimpleARPlacement.EditorTools.SimpleARPlacementTool:CreateSceneAndPrefabs () (at Assets/SimpleARPlacement/Editor/SimpleARPlacementTool.cs:179)
SimpleARPlacement.EditorTools.SimpleARPlacementTool:BuildApk () (at Assets/SimpleARPlacement/Editor/SimpleARPlacementTool.cs:276)
SimpleARPlacement.EditorTools.SimpleARPlacementTool:BuildApkBatch () (at Assets/SimpleARPlacement/Editor/SimpleARPlacementTool.cs:150)

(Filename: Assets/SimpleARPlacement/Editor/SimpleARPlacementTool.cs Line: 386)

[SimpleARPlacement] Scene disimpan: Assets/Scenes/SimpleARPlacement.unity
UnityEngine.Debug:ExtractStackTraceNoAlloc (byte*,int,string)
UnityEngine.StackTraceUtility:ExtractStackTrace ()
UnityEngine.DebugLogHandler:Internal_Log (UnityEngine.LogType,UnityEngine.LogOption,string,UnityEngine.Object)
UnityEngine.DebugLogHandler:LogFormat (UnityEngine.LogType,UnityEngine.Object,string,object[])
UnityEngine.Logger:Log (UnityEngine.LogType,object)
UnityEngine.Debug:Log (object)
SimpleARPlacement.EditorTools.SimpleARPlacementTool:BuildScene (UnityEngine.GameObject,UnityEngine.GameObject,UnityEngine.Material,UnityEngine.Material) (at Assets/SimpleARPlacement/Editor/SimpleARPlacementTool.cs:683)
SimpleARPlacement.EditorTools.SimpleARPlacementTool:CreateSceneAndPrefabs () (at Assets/SimpleARPlacement/Editor/SimpleARPlacementTool.cs:179)
SimpleARPlacement.EditorTools.SimpleARPlacementTool:BuildApk () (at Assets/SimpleARPlacement/Editor/SimpleARPlacementTool.cs:276)
SimpleARPlacement.EditorTools.SimpleARPlacementTool:BuildApkBatch () (at Assets/SimpleARPlacement/Editor/SimpleARPlacementTool.cs:150)

(Filename: Assets/SimpleARPlacement/Editor/SimpleARPlacementTool.cs Line: 683)

[SimpleARPlacement] Objek AR Session: AR Session, Rig: XR Origin (AR Rig), UI: SimpleAR Placement UI
UnityEngine.Debug:ExtractStackTraceNoAlloc (byte*,int,string)
UnityEngine.StackTraceUtility:ExtractStackTrace ()
UnityEngine.DebugLogHandler:Internal_Log (UnityEngine.LogType,UnityEngine.LogOption,string,UnityEngine.Object)
UnityEngine.DebugLogHandler:LogFormat (UnityEngine.LogType,UnityEngine.Object,string,object[])
UnityEngine.Logger:Log (UnityEngine.LogType,object)
UnityEngine.Debug:Log (object)
SimpleARPlacement.EditorTools.SimpleARPlacementTool:BuildScene (UnityEngine.GameObject,UnityEngine.GameObject,UnityEngine.Material,UnityEngine.Material) (at Assets/SimpleARPlacement/Editor/SimpleARPlacementTool.cs:684)
SimpleARPlacement.EditorTools.SimpleARPlacementTool:CreateSceneAndPrefabs () (at Assets/SimpleARPlacement/Editor/SimpleARPlacementTool.cs:179)
SimpleARPlacement.EditorTools.SimpleARPlacementTool:BuildApk () (at Assets/SimpleARPlacement/Editor/SimpleARPlacementTool.cs:276)
SimpleARPlacement.EditorTools.SimpleARPlacementTool:BuildApkBatch () (at Assets/SimpleARPlacement/Editor/SimpleARPlacementTool.cs:150)

(Filename: Assets/SimpleARPlacement/Editor/SimpleARPlacementTool.cs Line: 684)

Start importing ProjectSettings/ProjectSettings.asset using Guid(00000000000000004000000000000000) (LibraryAssetImporter) -> (artifact id: 'd37cf9bd0e4ba900aab1322c19e80137') in 0.0022659 seconds
Refreshing native plugins compatible for Editor in 1.41 ms, found 1 plugins.
Preloading 0 native plugins for Editor in 0.00 ms.
Asset Pipeline Refresh (id=69b6f7a6add844a44b97c5ecde133add): Total: 0.015 seconds - Initiated by StopAssetImportingV2(NoUpdateAssetOptions)
Asset Pipeline Refresh (id=46701db8cffd0b748a2b6e49c795cc12): Total: 0.009 seconds - Initiated by RefreshV2(NoUpdateAssetOptions)
[SimpleARPlacement] Validasi lulus:
- Scene: Assets/Scenes/SimpleARPlacement.unity
- Prefab plane, prefab kursi, material: OK
- AR Foundation + ARCore terpasang, loader ARCore aktif
- Min SDK: AndroidApiLevel26
- ARM64 aktif
UnityEngine.Debug:ExtractStackTraceNoAlloc (byte*,int,string)
UnityEngine.StackTraceUtility:ExtractStackTrace ()
UnityEngine.DebugLogHandler:Internal_Log (UnityEngine.LogType,UnityEngine.LogOption,string,UnityEngine.Object)
UnityEngine.DebugLogHandler:LogFormat (UnityEngine.LogType,UnityEngine.Object,string,object[])
UnityEngine.Logger:Log (UnityEngine.LogType,object)
UnityEngine.Debug:Log (object)
SimpleARPlacement.EditorTools.SimpleARPlacementTool:ValidateSetup () (at Assets/SimpleARPlacement/Editor/SimpleARPlacementTool.cs:265)
SimpleARPlacement.EditorTools.SimpleARPlacementTool:BuildApk () (at Assets/SimpleARPlacement/Editor/SimpleARPlacementTool.cs:277)
SimpleARPlacement.EditorTools.SimpleARPlacementTool:BuildApkBatch () (at Assets/SimpleARPlacement/Editor/SimpleARPlacementTool.cs:150)

(Filename: Assets/SimpleARPlacement/Editor/SimpleARPlacementTool.cs Line: 265)

[SimpleARPlacement] jdkRootPath = D:/Unity/6000.3.24f1/Editor/Data\PlaybackEngines\AndroidPlayer\OpenJDK
UnityEngine.Debug:ExtractStackTraceNoAlloc (byte*,int,string)
UnityEngine.StackTraceUtility:ExtractStackTrace ()
UnityEngine.DebugLogHandler:Internal_Log (UnityEngine.LogType,UnityEngine.LogOption,string,UnityEngine.Object)
UnityEngine.DebugLogHandler:LogFormat (UnityEngine.LogType,UnityEngine.Object,string,object[])
UnityEngine.Logger:Log (UnityEngine.LogType,object)
UnityEngine.Debug:Log (object)
SimpleARPlacement.EditorTools.SimpleARPlacementTool:SetAndroidToolsProperty (System.Type,string,string) (at Assets/SimpleARPlacement/Editor/SimpleARPlacementTool.cs:386)
SimpleARPlacement.EditorTools.SimpleARPlacementTool:ConfigureAndroidToolsPaths () (at Assets/SimpleARPlacement/Editor/SimpleARPlacementTool.cs:361)
SimpleARPlacement.EditorTools.SimpleARPlacementTool:ApplyAndroidPlayerSettings () (at Assets/SimpleARPlacement/Editor/SimpleARPlacementTool.cs:338)
SimpleARPlacement.EditorTools.SimpleARPlacementTool:BuildApk () (at Assets/SimpleARPlacement/Editor/SimpleARPlacementTool.cs:285)
SimpleARPlacement.EditorTools.SimpleARPlacementTool:BuildApkBatch () (at Assets/SimpleARPlacement/Editor/SimpleARPlacementTool.cs:150)

(Filename: Assets/SimpleARPlacement/Editor/SimpleARPlacementTool.cs Line: 386)

[SimpleARPlacement] sdkRootPath = D:/Unity/6000.3.24f1/Editor/Data\PlaybackEngines\AndroidPlayer\SDK
UnityEngine.Debug:ExtractStackTraceNoAlloc (byte*,int,string)
UnityEngine.StackTraceUtility:ExtractStackTrace ()
UnityEngine.DebugLogHandler:Internal_Log (UnityEngine.LogType,UnityEngine.LogOption,string,UnityEngine.Object)
UnityEngine.DebugLogHandler:LogFormat (UnityEngine.LogType,UnityEngine.Object,string,object[])
UnityEngine.Logger:Log (UnityEngine.LogType,object)
UnityEngine.Debug:Log (object)
SimpleARPlacement.EditorTools.SimpleARPlacementTool:SetAndroidToolsProperty (System.Type,string,string) (at Assets/SimpleARPlacement/Editor/SimpleARPlacementTool.cs:386)
SimpleARPlacement.EditorTools.SimpleARPlacementTool:ConfigureAndroidToolsPaths () (at Assets/SimpleARPlacement/Editor/SimpleARPlacementTool.cs:362)
SimpleARPlacement.EditorTools.SimpleARPlacementTool:ApplyAndroidPlayerSettings () (at Assets/SimpleARPlacement/Editor/SimpleARPlacementTool.cs:338)
SimpleARPlacement.EditorTools.SimpleARPlacementTool:BuildApk () (at Assets/SimpleARPlacement/Editor/SimpleARPlacementTool.cs:285)
SimpleARPlacement.EditorTools.SimpleARPlacementTool:BuildApkBatch () (at Assets/SimpleARPlacement/Editor/SimpleARPlacementTool.cs:150)

(Filename: Assets/SimpleARPlacement/Editor/SimpleARPlacementTool.cs Line: 386)

[SimpleARPlacement] ndkRootPath = D:/Unity/6000.3.24f1/Editor/Data\PlaybackEngines\AndroidPlayer\NDK
UnityEngine.Debug:ExtractStackTraceNoAlloc (byte*,int,string)
UnityEngine.StackTraceUtility:ExtractStackTrace ()
UnityEngine.DebugLogHandler:Internal_Log (UnityEngine.LogType,UnityEngine.LogOption,string,UnityEngine.Object)
UnityEngine.DebugLogHandler:LogFormat (UnityEngine.LogType,UnityEngine.Object,string,object[])
UnityEngine.Logger:Log (UnityEngine.LogType,object)
UnityEngine.Debug:Log (object)
SimpleARPlacement.EditorTools.SimpleARPlacementTool:SetAndroidToolsProperty (System.Type,string,string) (at Assets/SimpleARPlacement/Editor/SimpleARPlacementTool.cs:386)
SimpleARPlacement.EditorTools.SimpleARPlacementTool:ConfigureAndroidToolsPaths () (at Assets/SimpleARPlacement/Editor/SimpleARPlacementTool.cs:363)
SimpleARPlacement.EditorTools.SimpleARPlacementTool:ApplyAndroidPlayerSettings () (at Assets/SimpleARPlacement/Editor/SimpleARPlacementTool.cs:338)
SimpleARPlacement.EditorTools.SimpleARPlacementTool:BuildApk () (at Assets/SimpleARPlacement/Editor/SimpleARPlacementTool.cs:285)
SimpleARPlacement.EditorTools.SimpleARPlacementTool:BuildApkBatch () (at Assets/SimpleARPlacement/Editor/SimpleARPlacementTool.cs:150)

(Filename: Assets/SimpleARPlacement/Editor/SimpleARPlacementTool.cs Line: 386)

Start importing Assets/Settings/URP-Performant.asset using Guid(d0e2fc18fe036412f8223b3b3d9ad574) (NativeFormatImporter) -> (artifact id: 'b159e4db6bb1d5ac626f1d0290e66a23') in 0.0021796 seconds
Refreshing native plugins compatible for Editor in 1.44 ms, found 1 plugins.
Preloading 0 native plugins for Editor in 0.00 ms.
Asset Pipeline Refresh (id=0caf95b2568287c428e74eb5fb702ee0): Total: 0.032 seconds - Initiated by StopAssetImportingV2(NoUpdateAssetOptions)
[Licensing::Client] Successfully resolved entitlement details
[Licensing::Client] Successfully resolved entitlement details
Default Volume Profile has been modified to ensure all overrides are present. This is required to avoid missing overrides at runtime which can lead to unexpected rendering issues. Please save these changes to avoid this message in the future.
UnityEngine.Debug:ExtractStackTraceNoAlloc (byte*,int,string)
UnityEngine.StackTraceUtility:ExtractStackTrace ()
UnityEngine.DebugLogHandler:Internal_Log (UnityEngine.LogType,UnityEngine.LogOption,string,UnityEngine.Object)
UnityEngine.DebugLogHandler:LogFormat (UnityEngine.LogType,UnityEngine.Object,string,object[])
UnityEngine.Logger:Log (UnityEngine.LogType,object)
UnityEngine.Debug:Log (object)
UnityEditor.Rendering.Universal.URPPreprocessBuild:EnsureVolumeProfile () (at ./Library/PackageCache/com.unity.render-pipelines.universal@a8b4b2fc3560/Editor/BuildProcessors/URPPreprocessBuild.cs:50)
UnityEditor.Rendering.Universal.URPPreprocessBuild:OnPreprocessBuild (UnityEditor.Build.Reporting.BuildReport) (at ./Library/PackageCache/com.unity.render-pipelines.universal@a8b4b2fc3560/Editor/BuildProcessors/URPPreprocessBuild.cs:30)
UnityEditor.Build.BuildPipelineInterfaces/<>c__DisplayClass17_0:<OnBuildPreProcess>b__1 (UnityEditor.Build.IPreprocessBuildWithReport)
UnityEditor.Build.BuildPipelineInterfaces:InvokeCallbackInterfacesPair<UnityEditor.Build.IPreprocessBuild, UnityEditor.Build.IPreprocessBuildWithReport> (System.Collections.Generic.List`1<UnityEditor.Build.IPreprocessBuild>,System.Action`1<UnityEditor.Build.IPreprocessBuild>,System.Collections.Generic.List`1<UnityEditor.Build.IPreprocessBuildWithReport>,System.Action`1<UnityEditor.Build.IPreprocessBuildWithReport>,bool)
UnityEditor.Build.BuildPipelineInterfaces:OnBuildPreProcess (UnityEditor.Build.Reporting.BuildReport)
UnityEditor.BuildPipeline:BuildPlayerInternalNoCheck (string[],string,string,UnityEditor.BuildTargetGroup,UnityEditor.BuildTarget,int,UnityEditor.BuildOptions,string[],bool)
UnityEditor.BuildPipeline:BuildPlayerInternal (string[],string,string,UnityEditor.BuildTargetGroup,UnityEditor.BuildTarget,int,UnityEditor.BuildOptions,string[])
UnityEditor.BuildPipeline:BuildPlayer (string[],string,string,UnityEditor.BuildTargetGroup,UnityEditor.BuildTarget,int,UnityEditor.BuildOptions,string[])
UnityEditor.BuildPipeline:BuildPlayer (UnityEditor.BuildPlayerOptions)
SimpleARPlacement.EditorTools.SimpleARPlacementTool:BuildApk () (at Assets/SimpleARPlacement/Editor/SimpleARPlacementTool.cs:307)
SimpleARPlacement.EditorTools.SimpleARPlacementTool:BuildApkBatch () (at Assets/SimpleARPlacement/Editor/SimpleARPlacementTool.cs:150)

(Filename: ./Library/PackageCache/com.unity.render-pipelines.universal@a8b4b2fc3560/Editor/BuildProcessors/URPPreprocessBuild.cs Line: 50)

1 URP assets included in build
- URP-Performant - Assets/Settings/URP-Performant.asset
	 - URP-Performant-Renderer - Assets/Settings/URP-Performant-Renderer.asset - UnityEngine.Rendering.Universal.UniversalRendererData
UnityEngine.Debug:ExtractStackTraceNoAlloc (byte*,int,string)
UnityEngine.StackTraceUtility:ExtractStackTrace ()
UnityEngine.DebugLogHandler:Internal_Log (UnityEngine.LogType,UnityEngine.LogOption,string,UnityEngine.Object)
UnityEngine.DebugLogHandler:LogFormat (UnityEngine.LogType,UnityEngine.Object,string,object[])
UnityEngine.Logger:Log (UnityEngine.LogType,object)
UnityEngine.Debug:Log (object)
UnityEditor.Rendering.Universal.URPPreprocessBuild:LogIncludedAssets (System.Collections.Generic.List`1<UnityEngine.Rendering.Universal.UniversalRenderPipelineAsset>) (at ./Library/PackageCache/com.unity.render-pipelines.universal@a8b4b2fc3560/Editor/BuildProcessors/URPPreprocessBuild.cs:73)
UnityEditor.Rendering.Universal.URPPreprocessBuild:OnPreprocessBuild (UnityEditor.Build.Reporting.BuildReport) (at ./Library/PackageCache/com.unity.render-pipelines.universal@a8b4b2fc3560/Editor/BuildProcessors/URPPreprocessBuild.cs:32)
UnityEditor.Build.BuildPipelineInterfaces/<>c__DisplayClass17_0:<OnBuildPreProcess>b__1 (UnityEditor.Build.IPreprocessBuildWithReport)
UnityEditor.Build.BuildPipelineInterfaces:InvokeCallbackInterfacesPair<UnityEditor.Build.IPreprocessBuild, UnityEditor.Build.IPreprocessBuildWithReport> (System.Collections.Generic.List`1<UnityEditor.Build.IPreprocessBuild>,System.Action`1<UnityEditor.Build.IPreprocessBuild>,System.Collections.Generic.List`1<UnityEditor.Build.IPreprocessBuildWithReport>,System.Action`1<UnityEditor.Build.IPreprocessBuildWithReport>,bool)
UnityEditor.Build.BuildPipelineInterfaces:OnBuildPreProcess (UnityEditor.Build.Reporting.BuildReport)
UnityEditor.BuildPipeline:BuildPlayerInternalNoCheck (string[],string,string,UnityEditor.BuildTargetGroup,UnityEditor.BuildTarget,int,UnityEditor.BuildOptions,string[],bool)
UnityEditor.BuildPipeline:BuildPlayerInternal (string[],string,string,UnityEditor.BuildTargetGroup,UnityEditor.BuildTarget,int,UnityEditor.BuildOptions,string[])
UnityEditor.BuildPipeline:BuildPlayer (string[],string,string,UnityEditor.BuildTargetGroup,UnityEditor.BuildTarget,int,UnityEditor.BuildOptions,string[])
UnityEditor.BuildPipeline:BuildPlayer (UnityEditor.BuildPlayerOptions)
SimpleARPlacement.EditorTools.SimpleARPlacementTool:BuildApk () (at Assets/SimpleARPlacement/Editor/SimpleARPlacementTool.cs:307)
SimpleARPlacement.EditorTools.SimpleARPlacementTool:BuildApkBatch () (at Assets/SimpleARPlacement/Editor/SimpleARPlacementTool.cs:150)

(Filename: ./Library/PackageCache/com.unity.render-pipelines.universal@a8b4b2fc3560/Editor/BuildProcessors/URPPreprocessBuild.cs Line: 73)

Start importing Assets/Resources using Guid(32af282e3a3053942afcd27b09455349) (DefaultImporter) -> (artifact id: '97db109def61ff2eba534c34250024f3') in 0.0073509 seconds
Refreshing native plugins compatible for Editor in 1.46 ms, found 1 plugins.
Preloading 0 native plugins for Editor in 0.00 ms.
Asset Pipeline Refresh (id=070a412722ba1d04d81e505891536b4f): Total: 0.049 seconds - Initiated by StopAssetImportingV2(NoUpdateAssetOptions)
[TestRunBuilder] Creating new file 'Assets/Resources/PerformanceTestRunInfo.json' (3255 bytes)
UnityEngine.Debug:ExtractStackTraceNoAlloc (byte*,int,string)
UnityEngine.StackTraceUtility:ExtractStackTrace ()
UnityEngine.DebugLogHandler:Internal_Log (UnityEngine.LogType,UnityEngine.LogOption,string,UnityEngine.Object)
UnityEngine.DebugLogHandler:LogFormat (UnityEngine.LogType,UnityEngine.Object,string,object[])
UnityEngine.Logger:Log (UnityEngine.LogType,object)
UnityEngine.Debug:Log (object)
Unity.PerformanceTesting.Editor.TestRunBuilder:SaveToStorage (object,string) (at ./Library/PackageCache/com.unity.test-framework.performance@8b56083ec0f0/Editor/TestRunBuilder.cs:242)
Unity.PerformanceTesting.Editor.TestRunBuilder:OnPreprocessBuild (UnityEditor.Build.Reporting.BuildReport) (at ./Library/PackageCache/com.unity.test-framework.performance@8b56083ec0f0/Editor/TestRunBuilder.cs:35)
UnityEditor.Build.BuildPipelineInterfaces/<>c__DisplayClass17_0:<OnBuildPreProcess>b__1 (UnityEditor.Build.IPreprocessBuildWithReport)
UnityEditor.Build.BuildPipelineInterfaces:InvokeCallbackInterfacesPair<UnityEditor.Build.IPreprocessBuild, UnityEditor.Build.IPreprocessBuildWithReport> (System.Collections.Generic.List`1<UnityEditor.Build.IPreprocessBuild>,System.Action`1<UnityEditor.Build.IPreprocessBuild>,System.Collections.Generic.List`1<UnityEditor.Build.IPreprocessBuildWithReport>,System.Action`1<UnityEditor.Build.IPreprocessBuildWithReport>,bool)
UnityEditor.Build.BuildPipelineInterfaces:OnBuildPreProcess (UnityEditor.Build.Reporting.BuildReport)
UnityEditor.BuildPipeline:BuildPlayerInternalNoCheck (string[],string,string,UnityEditor.BuildTargetGroup,UnityEditor.BuildTarget,int,UnityEditor.BuildOptions,string[],bool)
UnityEditor.BuildPipeline:BuildPlayerInternal (string[],string,string,UnityEditor.BuildTargetGroup,UnityEditor.BuildTarget,int,UnityEditor.BuildOptions,string[])
UnityEditor.BuildPipeline:BuildPlayer (string[],string,string,UnityEditor.BuildTargetGroup,UnityEditor.BuildTarget,int,UnityEditor.BuildOptions,string[])
UnityEditor.BuildPipeline:BuildPlayer (UnityEditor.BuildPlayerOptions)
SimpleARPlacement.EditorTools.SimpleARPlacementTool:BuildApk () (at Assets/SimpleARPlacement/Editor/SimpleARPlacementTool.cs:307)
SimpleARPlacement.EditorTools.SimpleARPlacementTool:BuildApkBatch () (at Assets/SimpleARPlacement/Editor/SimpleARPlacementTool.cs:150)

(Filename: ./Library/PackageCache/com.unity.test-framework.performance@8b56083ec0f0/Editor/TestRunBuilder.cs Line: 242)

[TestRunBuilder] Creating new file 'Assets/Resources/PerformanceTestRunSettings.json' (23 bytes)
UnityEngine.Debug:ExtractStackTraceNoAlloc (byte*,int,string)
UnityEngine.StackTraceUtility:ExtractStackTrace ()
UnityEngine.DebugLogHandler:Internal_Log (UnityEngine.LogType,UnityEngine.LogOption,string,UnityEngine.Object)
UnityEngine.DebugLogHandler:LogFormat (UnityEngine.LogType,UnityEngine.Object,string,object[])
UnityEngine.Logger:Log (UnityEngine.LogType,object)
UnityEngine.Debug:Log (object)
Unity.PerformanceTesting.Editor.TestRunBuilder:SaveToStorage (object,string) (at ./Library/PackageCache/com.unity.test-framework.performance@8b56083ec0f0/Editor/TestRunBuilder.cs:242)
Unity.PerformanceTesting.Editor.TestRunBuilder:OnPreprocessBuild (UnityEditor.Build.Reporting.BuildReport) (at ./Library/PackageCache/com.unity.test-framework.performance@8b56083ec0f0/Editor/TestRunBuilder.cs:38)
UnityEditor.Build.BuildPipelineInterfaces/<>c__DisplayClass17_0:<OnBuildPreProcess>b__1 (UnityEditor.Build.IPreprocessBuildWithReport)
UnityEditor.Build.BuildPipelineInterfaces:InvokeCallbackInterfacesPair<UnityEditor.Build.IPreprocessBuild, UnityEditor.Build.IPreprocessBuildWithReport> (System.Collections.Generic.List`1<UnityEditor.Build.IPreprocessBuild>,System.Action`1<UnityEditor.Build.IPreprocessBuild>,System.Collections.Generic.List`1<UnityEditor.Build.IPreprocessBuildWithReport>,System.Action`1<UnityEditor.Build.IPreprocessBuildWithReport>,bool)
UnityEditor.Build.BuildPipelineInterfaces:OnBuildPreProcess (UnityEditor.Build.Reporting.BuildReport)
UnityEditor.BuildPipeline:BuildPlayerInternalNoCheck (string[],string,string,UnityEditor.BuildTargetGroup,UnityEditor.BuildTarget,int,UnityEditor.BuildOptions,string[],bool)
UnityEditor.BuildPipeline:BuildPlayerInternal (string[],string,string,UnityEditor.BuildTargetGroup,UnityEditor.BuildTarget,int,UnityEditor.BuildOptions,string[])
UnityEditor.BuildPipeline:BuildPlayer (string[],string,string,UnityEditor.BuildTargetGroup,UnityEditor.BuildTarget,int,UnityEditor.BuildOptions,string[])
UnityEditor.BuildPipeline:BuildPlayer (UnityEditor.BuildPlayerOptions)
SimpleARPlacement.EditorTools.SimpleARPlacementTool:BuildApk () (at Assets/SimpleARPlacement/Editor/SimpleARPlacementTool.cs:307)
SimpleARPlacement.EditorTools.SimpleARPlacementTool:BuildApkBatch () (at Assets/SimpleARPlacement/Editor/SimpleARPlacementTool.cs:150)

(Filename: ./Library/PackageCache/com.unity.test-framework.performance@8b56083ec0f0/Editor/TestRunBuilder.cs Line: 242)

Start importing Assets/Settings/URP-Performant.asset using Guid(d0e2fc18fe036412f8223b3b3d9ad574) (NativeFormatImporter) -> (artifact id: 'b159e4db6bb1d5ac626f1d0290e66a23') in 0.0012088 seconds
Refreshing native plugins compatible for Editor in 1.48 ms, found 1 plugins.
Preloading 0 native plugins for Editor in 0.00 ms.
Asset Pipeline Refresh (id=4dc6b5b3f0b73174d804b01bf6c45a8b): Total: 0.014 seconds - Initiated by StopAssetImportingV2(NoUpdateAssetOptions)
Start importing Assets/XR/Temp using Guid(69e92eda9c7ebc64694650d5f3336269) (DefaultImporter) -> (artifact id: '9e5033a6a4337b58615ff61b9dd8722e') in 0.006839 seconds
Refreshing native plugins compatible for Editor in 1.57 ms, found 1 plugins.
Preloading 0 native plugins for Editor in 0.00 ms.
Asset Pipeline Refresh (id=e1c5a38ec0389fc4597579f68f6fa579): Total: 0.047 seconds - Initiated by StopAssetImportingV2(NoUpdateAssetOptions)
Refreshing native plugins compatible for Editor in 1.76 ms, found 1 plugins.
Preloading 0 native plugins for Editor in 0.00 ms.
Asset Pipeline Refresh (id=731444a20b03ec945aea14fa193ec076): Total: 0.037 seconds - Initiated by StopAssetImportingV2(NoUpdateAssetOptions)
Refreshing native plugins compatible for Editor in 1.72 ms, found 1 plugins.
Preloading 0 native plugins for Editor in 0.00 ms.
Asset Pipeline Refresh (id=982dcf3bd8bdbc84189ac793a197f493): Total: 0.038 seconds - Initiated by StopAssetImportingV2(NoUpdateAssetOptions)
Start importing Assets/Resources/PerformanceTestRunSettings.json using Guid(f666287d7efe2f948a6284ce7c335268) (TextScriptImporter) -> (artifact id: '773e5521cf00260f72abd51db3ee0723') in 0.0080939 seconds
Start importing Assets/Resources/PerformanceTestRunInfo.json using Guid(df0aeccbfeff2a64c9278fdfa1a16ed7) (TextScriptImporter) -> (artifact id: '1af92cb192d2b0dfda44123136f2c272') in 0.0078727 seconds
Refreshing native plugins compatible for Editor in 1.95 ms, found 1 plugins.
Preloading 0 native plugins for Editor in 0.00 ms.
Asset Pipeline Refresh (id=db69032abb6bc7e48ad5f938b78e7671): Total: 0.057 seconds - Initiated by RefreshV2(NoUpdateAssetOptions)
DisplayProgressbar: Compiling XRReferenceImageLibrary (1 of 2)
DisplayProgressbar: Compiling XRReferenceImageLibrary (2 of 2)
Start importing ProjectSettings/ProjectSettings.asset using Guid(00000000000000004000000000000000) (LibraryAssetImporter) -> (artifact id: '65084778a2b5db57d4e535f3fb524152') in 0.0023369 seconds
Start importing ProjectSettings/GraphicsSettings.asset using Guid(00000000000000006100000000000000) (LibraryAssetImporter) -> (artifact id: '7881d7fa1aeeec92bceebb06ea5ece1d') in 0.0011834 seconds
Start importing ProjectSettings/UnityConnectSettings.asset using Guid(0000000000000000a100000000000000) (LibraryAssetImporter) -> (artifact id: '942c64376612a7642f514eb6f9fdc46e') in 0.0013596 seconds
Start importing Assets/DefaultVolumeProfile.asset using Guid(20ea68209c5f62c45bf3cbafc76dc42c) (NativeFormatImporter) -> (artifact id: '94d24eab2d6aaad9d58e66ebb5a0b2f1') in 0.0089303 seconds
Start importing Packages/com.unity.xr.arkit/Tests/Editor/Assets/TestReferenceImageLibrary.asset using Guid(e140c899c3d924dff8f41e493d33d3a7) (NativeFormatImporter) -> (artifact id: '894cacfd41615513afae9f4dfb223b2b') in 0.0067603 seconds
Start importing Packages/com.unity.xr.arcore/Tests/Editor/Assets/TestReferenceImageLibrary.asset using Guid(c33765148919746ecbe8e10cceb19107) (NativeFormatImporter) -> (artifact id: '6b88c89d1be78a7f810b6cf466be590a') in 0.001576 seconds
Start importing Assets/Settings/UniversalRenderPipelineGlobalSettings.asset using Guid(18dc0cd2c080841dea60987a38ce93fa) (NativeFormatImporter) -> (artifact id: 'a34dd238aebf6bc969adb615a35da8e8') in 0.0066252 seconds
The following asset(s) located in immutable packages were unexpectedly altered. Making changes to immutable packages isn't recommended because the changes can be lost without any warning during Package Manager operations.
  Packages/com.unity.xr.arcore/Tests/Editor/Assets/TestReferenceImageLibrary.asset
  Packages/com.unity.xr.arkit/Tests/Editor/Assets/TestReferenceImageLibrary.asset
Refreshing native plugins compatible for Editor in 1.74 ms, found 1 plugins.
Preloading 0 native plugins for Editor in 0.00 ms.
Asset Pipeline Refresh (id=ac34d9ccba27f844f9162204b880b3e1): Total: 0.070 seconds - Initiated by StopAssetImportingV2(NoUpdateAssetOptions)
Diagnostics Data is enabled, and it requires Debug Symbols to be either SymbolTable or Full to resolve stacktraces in crash reports. Consider selecting Full to receive fully-detailed crash reports.
UnityEngine.Debug:ExtractStackTraceNoAlloc (byte*,int,string)
UnityEngine.StackTraceUtility:ExtractStackTrace ()
UnityEngine.DebugLogHandler:Internal_Log (UnityEngine.LogType,UnityEngine.LogOption,string,UnityEngine.Object)
UnityEngine.DebugLogHandler:LogFormat (UnityEngine.LogType,UnityEngine.Object,string,object[])
UnityEngine.Logger:Log (UnityEngine.LogType,object)
UnityEngine.Debug:LogWarning (object)
UnityEditor.Android.PostProcessAndroidPlayer:SetupContextForPreBuild (UnityEditor.BuildOptions,UnityEditor.BuildTarget) (at /home/bokken/build/output/unity/unity/PlatformDependent/AndroidPlayer/Editor/Managed/PostProcessAndroidPlayer.cs:142)
UnityEditor.Android.PostProcessAndroidPlayer:PrepareForBuild (UnityEditor.BuildOptions,UnityEditor.BuildTarget) (at /home/bokken/build/output/unity/unity/PlatformDependent/AndroidPlayer/Editor/Managed/PostProcessAndroidPlayer.cs:49)
UnityEditor.Android.AndroidBuildPostprocessor:PrepareForBuild (UnityEditor.BuildPlayerOptions) (at /home/bokken/build/output/unity/unity/PlatformDependent/AndroidPlayer/Editor/Managed/ExtensionModule.cs:1254)
UnityEditor.PostprocessBuildPlayer:PrepareForBuild (UnityEditor.BuildPlayerOptions)
UnityEditor.BuildPipeline:BuildPlayerInternalNoCheck (string[],string,string,UnityEditor.BuildTargetGroup,UnityEditor.BuildTarget,int,UnityEditor.BuildOptions,string[],bool)
UnityEditor.BuildPipeline:BuildPlayerInternal (string[],string,string,UnityEditor.BuildTargetGroup,UnityEditor.BuildTarget,int,UnityEditor.BuildOptions,string[])
UnityEditor.BuildPipeline:BuildPlayer (string[],string,string,UnityEditor.BuildTargetGroup,UnityEditor.BuildTarget,int,UnityEditor.BuildOptions,string[])
UnityEditor.BuildPipeline:BuildPlayer (UnityEditor.BuildPlayerOptions)
SimpleARPlacement.EditorTools.SimpleARPlacementTool:BuildApk () (at Assets/SimpleARPlacement/Editor/SimpleARPlacementTool.cs:307)
SimpleARPlacement.EditorTools.SimpleARPlacementTool:BuildApkBatch () (at Assets/SimpleARPlacement/Editor/SimpleARPlacementTool.cs:150)

(Filename: /home/bokken/build/output/unity/unity/PlatformDependent/AndroidPlayer/Editor/Managed/PostProcessAndroidPlayer.cs Line: 142)

Failed to send event androidAssetPacksBuild. Result: TooManyRequests
DisplayProgressbar: Checking prerequisites
Reporting tool paths:
 JDK: 'D:\Unity\6000.3.24f1\Editor\Data\PlaybackEngines\AndroidPlayer\OpenJDK'
 Android SDK: 'D:\Unity\6000.3.24f1\Editor\Data\PlaybackEngines\AndroidPlayer\SDK'
 Android NDK: 'D:\Unity\6000.3.24f1\Editor\Data\PlaybackEngines\AndroidPlayer\NDK'
 Gradle: 'D:\Unity\6000.3.24f1\Editor\Data\PlaybackEngines\AndroidPlayer\Tools\gradle' (Gradle Version: '9.1.0' Android Plugin Version: '9.0.0')
Android PostProcess task "Checking prerequisites" took 24.4541 ms
DisplayProgressbar: Detect Java Development Kit (JDK)
Android PostProcess task "Detect Java Development Kit (JDK)" took 1.2314 ms
DisplayProgressbar: Detecting Android SDK
AndroidSDKTools:

	root          : D:\Unity\6000.3.24f1\Editor\Data\PlaybackEngines\AndroidPlayer\SDK
	cmdline-tools : D:\Unity\6000.3.24f1\Editor\Data\PlaybackEngines\AndroidPlayer\SDK\cmdline-tools\16.0
	platform-tools: D:\Unity\6000.3.24f1\Editor\Data\PlaybackEngines\AndroidPlayer\SDK\platform-tools
	build-tools   : D:\Unity\6000.3.24f1\Editor\Data\PlaybackEngines\AndroidPlayer\SDK\build-tools\36.0.0

	adb           : D:\Unity\6000.3.24f1\Editor\Data\PlaybackEngines\AndroidPlayer\SDK\platform-tools\adb.exe

Android PostProcess task "Detecting Android SDK" took 6562.1196 ms
DisplayProgressbar: Detect Android NDK
Android PostProcess task "Detect Android NDK" took 0.6237 ms
Android PostProcess task "Trying to find a suitable Android device" took 0.6235 ms
DisplayProgressbar: Check resources
Android PostProcess task "Check resources" took 0.1913 ms
DisplayProgressbar: Check Android Player Settings
Android PostProcess task "Check Android Player Settings" took 9.0068 ms
Starting: D:\Unity\6000.3.24f1\Editor\Data\Tools\BuildPipeline\bee_backend.exe --ipc --defer-dag-verification --dagfile="Library/Bee/1300b0aESkipCompile.dag" --continue-on-failure --profile="Library/Bee/backend1.traceevents" ScriptAssembliesAndTypeDB
WorkingDir: D:/Unity/RVA 1
ExitCode: 4 Duration: 0s78ms
[             ] Require frontend run.  Library/Bee/1300b0aESkipCompile.dag couldn't be loaded
Starting: D:\Unity\6000.3.24f1\Editor\Data\netcorerun\netcorerun.exe "D:\Unity\6000.3.24f1\Editor\Data\Tools\BuildPipeline\ScriptCompilationBuildProgram.exe" "Library/Bee/1300b0aESkipCompile.dag.json" "Library/Bee/1300b0aESkipCompile-inputdata.json" "Library\Bee\buildprogram0.traceevents"
WorkingDir: D:/Unity/RVA 1
DisplayProgressbar: Compiling Scripts
ExitCode: 0 Duration: 0s404ms
Starting: D:\Unity\6000.3.24f1\Editor\Data\Tools\BuildPipeline\bee_backend.exe --ipc --defer-dag-verification --dagfile="Library/Bee/1300b0aESkipCompile.dag" --continue-on-failure --dagfilejson="Library\Bee\1300b0aESkipCompile.dag.json" --profile="Library/Bee/backend2.traceevents" ScriptAssembliesAndTypeDB
WorkingDir: D:/Unity/RVA 1
ExitCode: 0 Duration: 2s711ms
Finished compiling graph: 4 nodes, 5 flattened edges (5 ToBuild, 0 ToUse), maximum node priority 3
[2/3        2s] BuildPlayerDataGenerator Library/BuildPlayerData/Editor/TypeDb-All.json
Field 'System.Numerics.Vector2 SixLabors.Fonts.GlyphInstance/ControlPointCollection::SecondControlPoint' from 'D:\Unity\RVA 1\Library\PackageCache\com.unity.testtools.codecoverage@19a841221620\lib\ReportGenerator\ReportGeneratorMerged.dll', exception Failed to resolve System.Numerics.Vector2

Field 'System.Numerics.Vector2 SixLabors.Fonts.GlyphInstance/ControlPointCollection::ThirdControlPoint' from 'D:\Unity\RVA 1\Library\PackageCache\com.unity.testtools.codecoverage@19a841221620\lib\ReportGenerator\ReportGeneratorMerged.dll', exception Failed to resolve System.Numerics.Vector2

Field 'System.Numerics.Vector4 SixLabors.ImageSharp.ComplexVector4::Real' from 'D:\Unity\RVA 1\Library\PackageCache\com.unity.testtools.codecoverage@19a841221620\lib\ReportGenerator\ReportGeneratorMerged.dll', exception Failed to resolve System.Numerics.Vector4

Field 'System.Numerics.Vector4 SixLabors.ImageSharp.ComplexVector4::Imaginary' from 'D:\Unity\RVA 1\Library\PackageCache\com.unity.testtools.codecoverage@19a841221620\lib\ReportGenerator\ReportGeneratorMerged.dll', exception Failed to resolve System.Numerics.Vector4

Field 'System.Numerics.Vector4 SixLabors.ImageSharp.Formats.Jpeg.Components.Block8x8F::V0L' from 'D:\Unity\RVA 1\Library\PackageCache\com.unity.testtools.codecoverage@19a841221620\lib\ReportGenerator\ReportGeneratorMerged.dll', exception Failed to resolve System.Numerics.Vector4

Field 'System.Numerics.Vector4 SixLabors.ImageSharp.Formats.Jpeg.Components.Block8x8F::V0R' from 'D:\Unity\RVA 1\Library\PackageCache\com.unity.testtools.codecoverage@19a841221620\lib\ReportGenerator\ReportGeneratorMerged.dll', exception Failed to resolve System.Numerics.Vector4

Field 'System.Numerics.Vector4 SixLabors.ImageSharp.Formats.Jpeg.Components.Block8x8F::V1L' from 'D:\Unity\RVA 1\Library\PackageCache\com.unity.testtools.codecoverage@19a841221620\lib\ReportGenerator\ReportGeneratorMerged.dll', exception Failed to resolve System.Numerics.Vector4

Field 'System.Numerics.Vector4 SixLabors.ImageSharp.Formats.Jpeg.Components.Block8x8F::V1R' from 'D:\Unity\RVA 1\Library\PackageCache\com.unity.testtools.codecoverage@19a841221620\lib\ReportGenerator\ReportGeneratorMerged.dll', exception Failed to resolve System.Numerics.Vector4

Field 'System.Numerics.Vector4 SixLabors.ImageSharp.Formats.Jpeg.Components.Block8x8F::V2L' from 'D:\Unity\RVA 1\Library\PackageCache\com.unity.testtools.codecoverage@19a841221620\lib\ReportGenerator\ReportGeneratorMerged.dll', exception Failed to resolve System.Numerics.Vector4

Field 'System.Numerics.Vector4 SixLabors.ImageSharp.Formats.Jpeg.Components.Block8x8F::V2R' from 'D:\Unity\RVA 1\Library\PackageCache\com.unity.testtools.codecoverage@19a841221620\lib\ReportGenerator\ReportGeneratorMerged.dll', exception Failed to resolve System.Numerics.Vector4

Field 'System.Numerics.Vector4 SixLabors.ImageSharp.Formats.Jpeg.Components.Block8x8F::V3L' from 'D:\Unity\RVA 1\Library\PackageCache\com.unity.testtools.codecoverage@19a841221620\lib\ReportGenerator\ReportGeneratorMerged.dll', exception Failed to resolve System.Numerics.Vector4

Field 'System.Numerics.Vector4 SixLabors.ImageSharp.Formats.Jpeg.Components.Block8x8F::V3R' from 'D:\Unity\RVA 1\Library\PackageCache\com.unity.testtools.codecoverage@19a841221620\lib\ReportGenerator\ReportGeneratorMerged.dll', exception Failed to resolve System.Numerics.Vector4

Field 'System.Numerics.Vector4 SixLabors.ImageSharp.Formats.Jpeg.Components.Block8x8F::V4L' from 'D:\Unity\RVA 1\Library\PackageCache\com.unity.testtools.codecoverage@19a841221620\lib\ReportGenerator\ReportGeneratorMerged.dll', exception Failed to resolve System.Numerics.Vector4

Field 'System.Numerics.Vector4 SixLabors.ImageSharp.Formats.Jpeg.Components.Block8x8F::V4R' from 'D:\Unity\RVA 1\Library\PackageCache\com.unity.testtools.codecoverage@19a841221620\lib\ReportGenerator\ReportGeneratorMerged.dll', exception Failed to resolve System.Numerics.Vector4

Field 'System.Numerics.Vector4 SixLabors.ImageSharp.Formats.Jpeg.Components.Block8x8F::V5L' from 'D:\Unity\RVA 1\Library\PackageCache\com.unity.testtools.codecoverage@19a841221620\lib\ReportGenerator\ReportGeneratorMerged.dll', exception Failed to resolve System.Numerics.Vector4

Field 'System.Numerics.Vector4 SixLabors.ImageSharp.Formats.Jpeg.Components.Block8x8F::V5R' from 'D:\Unity\RVA 1\Library\PackageCache\com.unity.testtools.codecoverage@19a841221620\lib\ReportGenerator\ReportGeneratorMerged.dll', exception Failed to resolve System.Numerics.Vector4

Field 'System.Numerics.Vector4 SixLabors.ImageSharp.Formats.Jpeg.Components.Block8x8F::V6L' from 'D:\Unity\RVA 1\Library\PackageCache\com.unity.testtools.codecoverage@19a841221620\lib\ReportGenerator\ReportGeneratorMerged.dll', exception Failed to resolve System.Numerics.Vector4

Field 'System.Numerics.Vector4 SixLabors.ImageSharp.Formats.Jpeg.Components.Block8x8F::V6R' from 'D:\Unity\RVA 1\Library\PackageCache\com.unity.testtools.codecoverage@19a841221620\lib\ReportGenerator\ReportGeneratorMerged.dll', exception Failed to resolve System.Numerics.Vector4

Field 'System.Numerics.Vector4 SixLabors.ImageSharp.Formats.Jpeg.Components.Block8x8F::V7L' from 'D:\Unity\RVA 1\Library\PackageCache\com.unity.testtools.codecoverage@19a841221620\lib\ReportGenerator\ReportGeneratorMerged.dll', exception Failed to resolve System.Numerics.Vector4

Field 'System.Numerics.Vector4 SixLabors.ImageSharp.Formats.Jpeg.Components.Block8x8F::V7R' from 'D:\Unity\RVA 1\Library\PackageCache\com.unity.testtools.codecoverage@19a841221620\lib\ReportGenerator\ReportGeneratorMerged.dll', exception Failed to resolve System.Numerics.Vector4

Field 'System.Numerics.Vector4 SixLabors.ImageSharp.Formats.Jpeg.Components.Decoder.ColorConverters.JpegColorConverter/Vector4Octet::V0' from 'D:\Unity\RVA 1\Library\PackageCache\com.unity.testtools.codecoverage@19a841221620\lib\ReportGenerator\ReportGeneratorMerged.dll', exception Failed to resolve System.Numerics.Vector4

Field 'System.Numerics.Vector4 SixLabors.ImageSharp.Formats.Jpeg.Components.Decoder.ColorConverters.JpegColorConverter/Vector4Octet::V1' from 'D:\Unity\RVA 1\Library\PackageCache\com.unity.testtools.codecoverage@19a841221620\lib\ReportGenerator\ReportGeneratorMerged.dll', exception Failed to resolve System.Numerics.Vector4

Field 'System.Numerics.Vector4 SixLabors.ImageSharp.Formats.Jpeg.Components.Decoder.ColorConverters.JpegColorConverter/Vector4Octet::V2' from 'D:\Unity\RVA 1\Library\PackageCache\com.unity.testtools.codecoverage@19a841221620\lib\ReportGenerator\ReportGeneratorMerged.dll', exception Failed to resolve System.Numerics.Vector4

Field 'System.Numerics.Vector4 SixLabors.ImageSharp.Formats.Jpeg.Components.Decoder.ColorConverters.JpegColorConverter/Vector4Octet::V3' from 'D:\Unity\RVA 1\Library\PackageCache\com.unity.testtools.codecoverage@19a841221620\lib\ReportGenerator\ReportGeneratorMerged.dll', exception Failed to resolve System.Numerics.Vector4

Field 'System.Numerics.Vector4 SixLabors.ImageSharp.Formats.Jpeg.Components.Decoder.ColorConverters.JpegColorConverter/Vector4Octet::V4' from 'D:\Unity\RVA 1\Library\PackageCache\com.unity.testtools.codecoverage@19a841221620\lib\ReportGenerator\ReportGeneratorMerged.dll', exception Failed to resolve System.Numerics.Vector4

Field 'System.Numerics.Vector4 SixLabors.ImageSharp.Formats.Jpeg.Components.Decoder.ColorConverters.JpegColorConverter/Vector4Octet::V5' from 'D:\Unity\RVA 1\Library\PackageCache\com.unity.testtools.codecoverage@19a841221620\lib\ReportGenerator\ReportGeneratorMerged.dll', exception Failed to resolve System.Numerics.Vector4

Field 'System.Numerics.Vector4 SixLabors.ImageSharp.Formats.Jpeg.Components.Decoder.ColorConverters.JpegColorConverter/Vector4Octet::V6' from 'D:\Unity\RVA 1\Library\PackageCache\com.unity.testtools.codecoverage@19a841221620\lib\ReportGenerator\ReportGeneratorMerged.dll', exception Failed to resolve System.Numerics.Vector4

Field 'System.Numerics.Vector4 SixLabors.ImageSharp.Formats.Jpeg.Components.Decoder.ColorConverters.JpegColorConverter/Vector4Octet::V7' from 'D:\Unity\RVA 1\Library\PackageCache\com.unity.testtools.codecoverage@19a841221620\lib\ReportGenerator\ReportGeneratorMerged.dll', exception Failed to resolve System.Numerics.Vector4

Field 'System.Numerics.Vector4 SixLabors.ImageSharp.Tuples.Vector4Pair::A' from 'D:\Unity\RVA 1\Library\PackageCache\com.unity.testtools.codecoverage@19a841221620\lib\ReportGenerator\ReportGeneratorMerged.dll', exception Failed to resolve System.Numerics.Vector4

Field 'System.Numerics.Vector4 SixLabors.ImageSharp.Tuples.Vector4Pair::B' from 'D:\Unity\RVA 1\Library\PackageCache\com.unity.testtools.codecoverage@19a841221620\lib\ReportGenerator\ReportGeneratorMerged.dll', exception Failed to resolve System.Numerics.Vector4
*** Tundra build success (2.69 seconds), 1 items updated, 3 evaluated
Asset Pipeline Refresh (id=2c766b73957eb5846a8f57fdd6e8d8d7): Total: 0.011 seconds - Initiated by RefreshV2(NoUpdateAssetOptions)
[ScriptCompilation] Requested script compilation because: Recompiling scripts for player build.
BuildPlayer: start building target 13
Total cache size 95046620
Total cache size after purge 95046620, took 00:00:00.1271329
Starting: D:\Unity\6000.3.24f1\Editor\Data\Tools\BuildPipeline\bee_backend.exe --ipc --defer-dag-verification --dagfile="Library/Bee/1300b0aP.dag" --continue-on-failure --profile="Library/Bee/backend1.traceevents" ScriptAssembliesAndTypeDB
WorkingDir: D:/Unity/RVA 1
ExitCode: 4 Duration: 0s22ms
[             ] Require frontend run.  Library/Bee/1300b0aP.dag couldn't be loaded
Starting: D:\Unity\6000.3.24f1\Editor\Data\netcorerun\netcorerun.exe "D:\Unity\6000.3.24f1\Editor\Data\Tools\BuildPipeline\ScriptCompilationBuildProgram.exe" "Library/Bee/1300b0aP.dag.json" "Library/Bee/1300b0aP-inputdata.json" "Library\Bee\buildprogram0.traceevents"
WorkingDir: D:/Unity/RVA 1
ExitCode: 0 Duration: 0s423ms
Starting: D:\Unity\6000.3.24f1\Editor\Data\Tools\BuildPipeline\bee_backend.exe --ipc --defer-dag-verification --dagfile="Library/Bee/1300b0aP.dag" --continue-on-failure --dagfilejson="Library\Bee\1300b0aP.dag.json" --profile="Library/Bee/backend2.traceevents" ScriptAssembliesAndTypeDB
WorkingDir: D:/Unity/RVA 1
ExitCode: 0 Duration: 17s
Finished compiling graph: 664 nodes, 7773 flattened edges (6195 ToBuild, 86 ToUse), maximum node priority 400
[  2/663    0s] WriteText Library/Bee/artifacts/1300b0aP.dag/UnityEngine.UI.rsp2
[  3/663    0s] WriteText Library/Bee/artifacts/1300b0aP.dag/UnityEngine.UI.UnityAdditionalFile.txt
[  4/663    0s] MovedFromExtractor Library/Bee/artifacts/mvdfrm/UnityEngine.ARModule.dll_0832B8101FFE51D7.mvfrm
[  5/663    0s] MovedFromExtractor Library/Bee/artifacts/mvdfrm/UnityEngine.dll_A1D2E3CD0E641560.mvfrm
[  6/663    0s] MovedFromExtractor Library/Bee/artifacts/mvdfrm/UnityEngine.UnityWebRequestTextureModule.dll_8ADA4C0948322CD1.mvfrm
[  7/663    0s] MovedFromExtractor Library/Bee/artifacts/mvdfrm/UnityEngine.GIModule.dll_E6FC3C1A5E8FDB28.mvfrm
[  8/663    0s] MovedFromExtractor Library/Bee/artifacts/mvdfrm/UnityEngine.AssetBundleModule.dll_610C897AF16CD6C0.mvfrm
[  9/663    0s] MovedFromExtractor Library/Bee/artifacts/mvdfrm/UnityEngine.XRModule.dll_CFC47AC44A1CCB90.mvfrm
[ 10/663    0s] MovedFromExtractor Library/Bee/artifacts/mvdfrm/UnityEngine.AdaptivePerformanceModule.dll_9461BFFD4A1524F8.mvfrm
[ 11/663    0s] MovedFromExtractor Library/Bee/artifacts/mvdfrm/UnityEngine.AnimationModule.dll_6B7379B9770B8152.mvfrm
[ 12/663    0s] MovedFromExtractor Library/Bee/artifacts/mvdfrm/UnityEngine.AccessibilityModule.dll_5691A800E4ABEDAC.mvfrm
[ 13/663    0s] MovedFromExtractor Library/Bee/artifacts/mvdfrm/UnityEngine.TextRenderingModule.dll_F9D050CCAF8AFA8D.mvfrm
[ 14/663    0s] MovedFromExtractor Library/Bee/artifacts/mvdfrm/UnityEngine.AudioModule.dll_458A53E441113DC4.mvfrm
[ 15/663    0s] MovedFromExtractor Library/Bee/artifacts/mvdfrm/UnityEngine.AndroidJNIModule.dll_383A9EA381DB3FCC.mvfrm
[ 16/663    0s] MovedFromExtractor Library/Bee/artifacts/mvdfrm/UnityEngine.ContentLoadModule.dll_FA22E2BBBFEF7EAD.mvfrm
[ 17/663    0s] MovedFromExtractor Library/Bee/artifacts/mvdfrm/UnityEngine.ClothModule.dll_AC72B0DF1B2E1CA8.mvfrm
[ 18/663    0s] MovedFromExtractor Library/Bee/artifacts/mvdfrm/UnityEngine.CrashReportingModule.dll_42D5E2CEBD1047DD.mvfrm
[ 19/663    0s] MovedFromExtractor Library/Bee/artifacts/mvdfrm/UnityEngine.DSPGraphModule.dll_01B32E50F74C0BA3.mvfrm
[ 20/663    0s] MovedFromExtractor Library/Bee/artifacts/mvdfrm/UnityEngine.GameCenterModule.dll_6287E8BE481C30BD.mvfrm
[ 21/663    0s] MovedFromExtractor Library/Bee/artifacts/mvdfrm/UnityEngine.CoreModule.dll_AC4E37E6D0E3CB25.mvfrm
[ 22/663    0s] MovedFromExtractor Library/Bee/artifacts/mvdfrm/UnityEngine.DirectorModule.dll_FC61CCE784EB3A82.mvfrm
[ 23/663    0s] MovedFromExtractor Library/Bee/artifacts/mvdfrm/UnityEngine.HierarchyCoreModule.dll_CDAC44DB535946A2.mvfrm
[ 24/663    0s] MovedFromExtractor Library/Bee/artifacts/mvdfrm/UnityEngine.GraphicsStateCollectionSerializerModule.dll_43ADF2B10E4BE6D4.mvfrm
[ 25/663    0s] MovedFromExtractor Library/Bee/artifacts/mvdfrm/UnityEngine.GridModule.dll_89BF53D4E938611C.mvfrm
[ 26/663    0s] MovedFromExtractor Library/Bee/artifacts/mvdfrm/UnityEngine.HotReloadModule.dll_ECBC37BF523E9CD4.mvfrm
[ 27/663    0s] MovedFromExtractor Library/Bee/artifacts/mvdfrm/UnityEngine.IMGUIModule.dll_7DE9F34B0742D1A5.mvfrm
[ 28/663    0s] MovedFromExtractor Library/Bee/artifacts/mvdfrm/UnityEngine.ImageConversionModule.dll_B6FD8B69DDA8CA5F.mvfrm
[ 29/663    0s] MovedFromExtractor Library/Bee/artifacts/mvdfrm/UnityEngine.InputModule.dll_AC001B94B7496268.mvfrm
[ 30/663    0s] MovedFromExtractor Library/Bee/artifacts/mvdfrm/UnityEngine.InputForUIModule.dll_653A42D7A83CCD79.mvfrm
[ 31/663    0s] MovedFromExtractor Library/Bee/artifacts/mvdfrm/UnityEngine.IdentifiersModule.dll_39961170B3E5A4D8.mvfrm
[ 32/663    0s] MovedFromExtractor Library/Bee/artifacts/mvdfrm/UnityEngine.InsightsModule.dll_962895780F688A01.mvfrm
[ 33/663    0s] MovedFromExtractor Library/Bee/artifacts/mvdfrm/UnityEngine.InputLegacyModule.dll_F251A499895E8CB1.mvfrm
[ 34/663    0s] MovedFromExtractor Library/Bee/artifacts/mvdfrm/UnityEngine.LocalizationModule.dll_834C08DB2CECD16F.mvfrm
[ 35/663    0s] MovedFromExtractor Library/Bee/artifacts/mvdfrm/UnityEngine.JSONSerializeModule.dll_B6A9313CE3E74E36.mvfrm
[ 36/663    0s] MovedFromExtractor Library/Bee/artifacts/mvdfrm/UnityEngine.MarshallingModule.dll_0975280FD5950412.mvfrm
[ 37/663    0s] MovedFromExtractor Library/Bee/artifacts/mvdfrm/UnityEngine.MultiplayerModule.dll_E0B4A607AA346438.mvfrm
[ 38/663    0s] MovedFromExtractor Library/Bee/artifacts/mvdfrm/UnityEngine.ParticleSystemModule.dll_95E82C1B2B21D36B.mvfrm
[ 39/663    0s] MovedFromExtractor Library/Bee/artifacts/mvdfrm/UnityEngine.PerformanceReportingModule.dll_E7AC8BF67915C4E4.mvfrm
[ 40/663    0s] MovedFromExtractor Library/Bee/artifacts/mvdfrm/UnityEngine.PropertiesModule.dll_8FC327FCBB0794F9.mvfrm
[ 41/663    0s] MovedFromExtractor Library/Bee/artifacts/mvdfrm/UnityEngine.PhysicsBackendPhysXModule.dll_6E75A78A2CD167B7.mvfrm
[ 42/663    0s] MovedFromExtractor Library/Bee/artifacts/mvdfrm/UnityEngine.RenderAs2DModule.dll_D0FAEA829A61DF30.mvfrm
[ 43/663    0s] MovedFromExtractor Library/Bee/artifacts/mvdfrm/UnityEngine.ShaderRuntimeModule.dll_E669512F34AF5821.mvfrm
[ 44/663    0s] MovedFromExtractor Library/Bee/artifacts/mvdfrm/UnityEngine.PhysicsModule.dll_A264A7E9DED40915.mvfrm
[ 45/663    0s] MovedFromExtractor Library/Bee/artifacts/mvdfrm/UnityEngine.RuntimeInitializeOnLoadManagerInitializerModule.dll_87DBBB5450EE37B0.mvfrm
[ 46/663    0s] MovedFromExtractor Library/Bee/artifacts/mvdfrm/UnityEngine.ShaderVariantAnalyticsModule.dll_4B9469B9F3FE684C.mvfrm
[ 47/663    0s] MovedFromExtractor Library/Bee/artifacts/mvdfrm/UnityEngine.Physics2DModule.dll_B81969AA180878E7.mvfrm
[ 48/663    0s] MovedFromExtractor Library/Bee/artifacts/mvdfrm/UnityEngine.ScreenCaptureModule.dll_D090DEC1F8537A98.mvfrm
[ 49/663    0s] MovedFromExtractor Library/Bee/artifacts/mvdfrm/UnityEngine.SpriteShapeModule.dll_7A6DB6D5A70F0ECA.mvfrm
[ 50/663    0s] MovedFromExtractor Library/Bee/artifacts/mvdfrm/UnityEngine.SpriteMaskModule.dll_4BB45B4E698BC637.mvfrm
[ 51/663    0s] MovedFromExtractor Library/Bee/artifacts/mvdfrm/UnityEngine.SharedInternalsModule.dll_3B0ECA3F54D6C5AF.mvfrm
[ 52/663    0s] MovedFromExtractor Library/Bee/artifacts/mvdfrm/UnityEngine.AIModule.dll_4EBFF30CC2E0F30E.mvfrm
[ 53/663    0s] MovedFromExtractor Library/Bee/artifacts/mvdfrm/UnityEngine.SubsystemsModule.dll_B661C1B037D3AE4A.mvfrm
[ 54/663    0s] MovedFromExtractor Library/Bee/artifacts/mvdfrm/UnityEngine.TerrainModule.dll_BCAB2358B4925203.mvfrm
[ 55/663    0s] MovedFromExtractor Library/Bee/artifacts/mvdfrm/UnityEngine.StreamingModule.dll_20086709C6933890.mvfrm
[ 56/663    0s] MovedFromExtractor Library/Bee/artifacts/mvdfrm/UnityEngine.TLSModule.dll_1C411A1D3CDA8CA9.mvfrm
[ 57/663    0s] MovedFromExtractor Library/Bee/artifacts/mvdfrm/UnityEngine.SubstanceModule.dll_FCB37B5311E6369E.mvfrm
[ 58/663    0s] MovedFromExtractor Library/Bee/artifacts/mvdfrm/UnityEngine.TerrainPhysicsModule.dll_9662D4EE4464CDF8.mvfrm
[ 59/663    0s] MovedFromExtractor Library/Bee/artifacts/mvdfrm/UnityEngine.TextCoreFontEngineModule.dll_23FEAA0CD8DE6F03.mvfrm
[ 60/663    0s] MovedFromExtractor Library/Bee/artifacts/mvdfrm/UnityEngine.TilemapModule.dll_5BA78AD9CC4F330C.mvfrm
[ 61/663    0s] MovedFromExtractor Library/Bee/artifacts/mvdfrm/UnityEngine.TextCoreTextEngineModule.dll_6BE6E07E68622821.mvfrm
[ 62/663    0s] MovedFromExtractor Library/Bee/artifacts/mvdfrm/UnityEngine.UmbraModule.dll_C05EFFFCCE37E937.mvfrm
[ 63/663    0s] MovedFromExtractor Library/Bee/artifacts/mvdfrm/UnityEngine.UnityAnalyticsCommonModule.dll_82EB493A92FE6342.mvfrm
[ 64/663    0s] MovedFromExtractor Library/Bee/artifacts/mvdfrm/UnityEngine.UIElementsModule.dll_BAA023183AFFEA41.mvfrm
[ 65/663    0s] MovedFromExtractor Library/Bee/artifacts/mvdfrm/UnityEngine.UnityAnalyticsModule.dll_B5879CE4D7492567.mvfrm
[ 66/663    0s] MovedFromExtractor Library/Bee/artifacts/mvdfrm/UnityEngine.UnityConnectModule.dll_B2C24D81DE710C5B.mvfrm
[ 67/663    0s] MovedFromExtractor Library/Bee/artifacts/mvdfrm/UnityEngine.UnityWebRequestAssetBundleModule.dll_A3E098F5A82C7D78.mvfrm
[ 68/663    0s] MovedFromExtractor Library/Bee/artifacts/mvdfrm/UnityEngine.UnityConsentModule.dll_8467E4ADEB7BA2AB.mvfrm
[ 69/663    0s] WriteText Library/Bee/artifacts/Android_CodeGen/UnityEngine.TestRunner.UnityAdditionalFile.txt
[ 70/663    0s] WriteText Library/Bee/artifacts/Android_CodeGen/UnityEngine.TestRunner.rsp2
[ 71/663    0s] WriteText Library/Bee/artifacts/1300b0aP.dag/UnityEngine.UI.dll.mvfrm.rsp
[ 72/663    0s] WriteText Library/Bee/artifacts/1300b0aP.dag/UnityEngine.UI.rsp
[205/663    0s] WriteText Library/Bee/artifacts/Android_CodeGen/UnityEngine.TestRunner.dll.mvfrm.rsp
[206/663    0s] WriteText Library/Bee/artifacts/Android_CodeGen/UnityEngine.UI.rsp2
[207/663    0s] WriteText Library/Bee/artifacts/Android_CodeGen/UnityEngine.UI.UnityAdditionalFile.txt
[208/663    0s] MovedFromExtractor Library/Bee/artifacts/mvdfrm/UnityEngine.UnityWebRequestAudioModule.dll_5FA8DFD4FF808F7C.mvfrm
[209/663    0s] WriteText Library/Bee/artifacts/Android_CodeGen/UnityEngine.TestRunner.rsp
[210/663    0s] WriteText Library/Bee/artifacts/Android_CodeGen/UnityEditor.TestRunner.rsp2
[211/663    0s] WriteText Library/Bee/artifacts/Android_CodeGen/UnityEditor.TestRunner.UnityAdditionalFile.txt
[215/663    0s] WriteText Library/Bee/artifacts/Android_CodeGen/UnityEngine.UI.dll.mvfrm.rsp
[216/663    0s] MovedFromExtractor Library/Bee/artifacts/mvdfrm/UnityEngine.UnityCurlModule.dll_9E901AEAE71F733F.mvfrm
[220/663    0s] WriteText Library/Bee/artifacts/Android_CodeGen/UnityEngine.UI.rsp
[224/663    0s] WriteText Library/Bee/artifacts/Android_CodeGen/UnityEditor.TestRunner.dll.mvfrm.rsp
[225/663    0s] WriteText Library/Bee/artifacts/Android_CodeGen/UnityEditor.TestRunner.rsp
[226/663    0s] WriteText Library/Bee/artifacts/Android_CodeGen/UnityEditor.UI.rsp2
[227/663    0s] WriteText Library/Bee/artifacts/Android_CodeGen/UnityEditor.UI.UnityAdditionalFile.txt
[228/663    0s] WriteText Library/Bee/artifacts/1300b0aP.dag/Unity.Mathematics.UnityAdditionalFile.txt
[229/663    0s] WriteText Library/Bee/artifacts/1300b0aP.dag/Unity.Mathematics.rsp2
[230/663    0s] WriteText Library/Bee/artifacts/1300b0aP.dag/Unity.Burst.rsp2
[231/663    0s] WriteText Library/Bee/artifacts/1300b0aP.dag/Unity.Burst.UnityAdditionalFile.txt
[233/663    0s] WriteText Library/Bee/artifacts/1300b0aP.dag/Unity.Mathematics.dll.mvfrm.rsp
[234/663    0s] WriteText Library/Bee/artifacts/1300b0aP.dag/Unity.InputSystem.rsp2
[235/663    0s] WriteText Library/Bee/artifacts/1300b0aP.dag/Unity.InputSystem.UnityAdditionalFile.txt
[236/663    0s] WriteText Library/Bee/artifacts/1300b0aP.dag/Unity.Burst.dll.mvfrm.rsp
[237/663    0s] WriteText Library/Bee/artifacts/1300b0aP.dag/Unity.Mathematics.rsp
[238/663    0s] WriteText Library/Bee/artifacts/1300b0aP.dag/Unity.Burst.rsp
[239/663    0s] WriteText Library/Bee/artifacts/Android_CodeGen/UnityEditor.UI.dll.mvfrm.rsp
[240/663    0s] WriteText Library/Bee/artifacts/Android_CodeGen/UnityEditor.UI.rsp
[241/663    0s] WriteText Library/Bee/artifacts/Android_CodeGen/Unity.Burst.rsp2
[242/663    0s] WriteText Library/Bee/artifacts/Android_CodeGen/Unity.Burst.UnityAdditionalFile.txt
[243/663    0s] WriteText Library/Bee/artifacts/1300b0aP.dag/Unity.Collections.rsp2
[244/663    0s] WriteText Library/Bee/artifacts/1300b0aP.dag/Unity.Collections.UnityAdditionalFile.txt
[245/663    0s] WriteText Library/Bee/artifacts/Android_CodeGen/Unity.Mathematics.rsp2
[246/663    0s] WriteText Library/Bee/artifacts/Android_CodeGen/Unity.Mathematics.UnityAdditionalFile.txt
[247/663    0s] WriteText Library/Bee/artifacts/1300b0aP.dag/Unity.InputSystem.dll.mvfrm.rsp
[248/663    0s] WriteText Library/Bee/artifacts/1300b0aP.dag/Unity.InputSystem.rsp
[249/663    0s] WriteText Library/Bee/artifacts/1300b0aP.dag/UnityEngine.SpatialTracking.UnityAdditionalFile.txt
[250/663    0s] WriteText Library/Bee/artifacts/1300b0aP.dag/UnityEngine.SpatialTracking.rsp2
[251/663    0s] WriteText Library/Bee/artifacts/1300b0aP.dag/Unity.Collections.dll.mvfrm.rsp
[252/663    0s] WriteText Library/Bee/artifacts/1300b0aP.dag/Unity.Collections.rsp
[253/663    0s] WriteText Library/Bee/artifacts/1300b0aP.dag/UnityEngine.SpatialTracking.dll.mvfrm.rsp
[254/663    0s] WriteText Library/Bee/artifacts/1300b0aP.dag/UnityEngine.SpatialTracking.rsp
[255/663    0s] WriteText Library/Bee/artifacts/1300b0aP.dag/Unity.RenderPipelines.Core.Runtime.UnityAdditionalFile.txt
[256/663    0s] WriteText Library/Bee/artifacts/1300b0aP.dag/Unity.RenderPipelines.Core.Runtime.rsp2
[257/663    0s] WriteText Library/Bee/artifacts/Android_CodeGen/Unity.Burst.dll.mvfrm.rsp
[258/663    0s] WriteText Library/Bee/artifacts/1300b0aP.dag/Unity.XR.CoreUtils.rsp2
[259/663    0s] WriteText Library/Bee/artifacts/1300b0aP.dag/Unity.XR.CoreUtils.UnityAdditionalFile.txt
[260/663    0s] WriteText Library/Bee/artifacts/Android_CodeGen/Unity.Burst.rsp
[261/663    0s] WriteText Library/Bee/artifacts/Android_CodeGen/Unity.Mathematics.dll.mvfrm.rsp
[262/663    0s] WriteText Library/Bee/artifacts/Android_CodeGen/Unity.Mathematics.rsp
[263/663    0s] WriteText Library/Bee/artifacts/Android_CodeGen/Unity.Collections.UnityAdditionalFile.txt
[264/663    0s] WriteText Library/Bee/artifacts/Android_CodeGen/Unity.Collections.rsp2
[265/663    0s] WriteText Library/Bee/artifacts/1300b0aP.dag/Unity.RenderPipelines.Core.Runtime.dll.mvfrm.rsp
[266/663    0s] WriteText Library/Bee/artifacts/1300b0aP.dag/Unity.RenderPipelines.Core.Runtime.rsp
[267/663    0s] WriteText Library/Bee/artifacts/1300b0aP.dag/Unity.XR.CoreUtils.dll.mvfrm.rsp
[268/663    0s] WriteText Library/Bee/artifacts/1300b0aP.dag/Unity.XR.CoreUtils.rsp
[269/663    0s] WriteText Library/Bee/artifacts/1300b0aP.dag/Unity.XR.ARSubsystems.rsp2
[270/663    0s] WriteText Library/Bee/artifacts/1300b0aP.dag/Unity.XR.ARSubsystems.UnityAdditionalFile.txt
[271/663    0s] WriteText Library/Bee/artifacts/1300b0aP.dag/Unity.RenderPipeline.Universal.ShaderLibrary.UnityAdditionalFile.txt
[272/663    0s] WriteText Library/Bee/artifacts/1300b0aP.dag/Unity.RenderPipeline.Universal.ShaderLibrary.rsp2
[273/663    0s] WriteText Library/Bee/artifacts/1300b0aP.dag/Unity.XR.Management.UnityAdditionalFile.txt
[274/663    0s] WriteText Library/Bee/artifacts/1300b0aP.dag/Unity.XR.Management.rsp2
[275/663    0s] WriteText Library/Bee/artifacts/1300b0aP.dag/Unity.RenderPipelines.GPUDriven.Runtime.rsp2
[276/663    0s] WriteText Library/Bee/artifacts/1300b0aP.dag/Unity.UnifiedRayTracing.Runtime.rsp2
[277/663    0s] WriteText Library/Bee/artifacts/1300b0aP.dag/Unity.RenderPipelines.Core.Runtime.Shared.UnityAdditionalFile.txt
[278/663    0s] WriteText Library/Bee/artifacts/1300b0aP.dag/Unity.RenderPipelines.Core.Runtime.Shared.rsp2
[279/663    0s] WriteText Library/Bee/artifacts/1300b0aP.dag/Unity.RenderPipelines.Universal.Config.Runtime.UnityAdditionalFile.txt
[280/663    0s] WriteText Library/Bee/artifacts/1300b0aP.dag/Unity.RenderPipelines.Universal.Config.Runtime.rsp2
[281/663    0s] WriteText Library/Bee/artifacts/1300b0aP.dag/Unity.UnifiedRayTracing.Runtime.UnityAdditionalFile.txt
[282/663    0s] WriteText Library/Bee/artifacts/1300b0aP.dag/Unity.RenderPipelines.GPUDriven.Runtime.UnityAdditionalFile.txt
[283/663    0s] WriteText Library/Bee/artifacts/Android_CodeGen/Unity.Collections.dll.mvfrm.rsp
[284/663    0s] WriteText Library/Bee/artifacts/Android_CodeGen/Unity.Collections.rsp
[285/663    0s] WriteText Library/Bee/artifacts/1300b0aP.dag/Unity.XR.ARSubsystems.dll.mvfrm.rsp
[286/663    0s] WriteText Library/Bee/artifacts/1300b0aP.dag/Unity.RenderPipeline.Universal.ShaderLibrary.dll.mvfrm.rsp
[287/663    0s] WriteText Library/Bee/artifacts/1300b0aP.dag/Unity.XR.ARSubsystems.rsp
[288/663    0s] WriteText Library/Bee/artifacts/1300b0aP.dag/Unity.UnifiedRayTracing.Runtime.dll.mvfrm.rsp
[289/663    0s] WriteText Library/Bee/artifacts/1300b0aP.dag/Unity.RenderPipeline.Universal.ShaderLibrary.rsp
[290/663    0s] WriteText Library/Bee/artifacts/1300b0aP.dag/Unity.RenderPipelines.Universal.Config.Runtime.dll.mvfrm.rsp
[291/663    0s] WriteText Library/Bee/artifacts/1300b0aP.dag/Unity.RenderPipelines.Core.Runtime.Shared.dll.mvfrm.rsp
[292/663    0s] WriteText Library/Bee/artifacts/1300b0aP.dag/Unity.RenderPipelines.GPUDriven.Runtime.dll.mvfrm.rsp
[293/663    0s] WriteText Library/Bee/artifacts/Android_CodeGen/Unity.Burst.CodeGen.UnityAdditionalFile.txt
[294/663    0s] WriteText Library/Bee/artifacts/Android_CodeGen/Unity.Burst.CodeGen.rsp2
[295/663    0s] WriteText Library/Bee/artifacts/Android_CodeGen/Unity.Collections.CodeGen.UnityAdditionalFile.txt
[296/663    0s] WriteText Library/Bee/artifacts/Android_CodeGen/Unity.Collections.CodeGen.rsp2
[297/663    0s] WriteText Library/Bee/artifacts/1300b0aP.dag/Unity.XR.Management.dll.mvfrm.rsp
[298/663    0s] WriteText Library/Bee/artifacts/1300b0aP.dag/Unity.RenderPipelines.GPUDriven.Runtime.rsp
[299/663    0s] WriteText Library/Bee/artifacts/1300b0aP.dag/Unity.RenderPipelines.Core.Runtime.Shared.rsp
[300/663    0s] WriteText Library/Bee/artifacts/1300b0aP.dag/Unity.RenderPipelines.Universal.Config.Runtime.rsp
[301/663    0s] WriteText Library/Bee/artifacts/1300b0aP.dag/Unity.UnifiedRayTracing.Runtime.rsp
[302/663    0s] WriteText Library/Bee/artifacts/1300b0aP.dag/Unity.XR.Management.rsp
[303/663    0s] WriteText Library/Bee/artifacts/1300b0aP.dag/Unity.RenderPipelines.Universal.Runtime.UnityAdditionalFile.txt
[304/663    0s] WriteText Library/Bee/artifacts/1300b0aP.dag/Unity.RenderPipelines.Universal.Runtime.rsp2
[305/663    0s] WriteText Library/Bee/artifacts/1300b0aP.dag/Unity.XR.ARFoundation.InternalUtils.UnityAdditionalFile.txt
[306/663    0s] WriteText Library/Bee/artifacts/1300b0aP.dag/Unity.XR.ARFoundation.InternalUtils.rsp2
[307/663    0s] WriteText Library/Bee/artifacts/1300b0aP.dag/Unity.RenderPipelines.Universal.Runtime.dll.mvfrm.rsp
[308/663    0s] WriteText Library/Bee/artifacts/1300b0aP.dag/Unity.InternalAPIEngineBridge.004.UnityAdditionalFile.txt
[309/663    0s] WriteText Library/Bee/artifacts/1300b0aP.dag/Unity.InternalAPIEngineBridge.004.rsp2
[310/663    0s] WriteText Library/Bee/artifacts/1300b0aP.dag/Unity.RenderPipelines.Universal.Runtime.rsp
[311/663    0s] WriteText Library/Bee/artifacts/1300b0aP.dag/Unity.XR.ARFoundation.InternalUtils.dll.mvfrm.rsp
[312/663    0s] WriteText Library/Bee/artifacts/1300b0aP.dag/Unity.InternalAPIEngineBridge.004.dll.mvfrm.rsp
[313/663    0s] WriteText Library/Bee/artifacts/1300b0aP.dag/Unity.XR.ARFoundation.InternalUtils.rsp
[314/663    0s] MovedFromExtractor Library/Bee/artifacts/mvdfrm/UnityEngine.UnityWebRequestModule.dll_C89C9313E89D64DE.mvfrm
[319/663    0s] WriteText Library/Bee/artifacts/1300b0aP.dag/Unity.InternalAPIEngineBridge.004.rsp
[321/663    0s] WriteText Library/Bee/artifacts/Android_CodeGen/Unity.Burst.CodeGen.dll.mvfrm.rsp
[322/663    0s] WriteText Library/Bee/artifacts/Android_CodeGen/Unity.Collections.CodeGen.dll.mvfrm.rsp
[323/663    0s] WriteText Library/Bee/artifacts/1300b0aP.dag/Unity.XR.ARFoundation.UnityAdditionalFile.txt
[324/663    0s] WriteText Library/Bee/artifacts/1300b0aP.dag/Unity.XR.ARFoundation.rsp2
[325/663    0s] WriteText Library/Bee/artifacts/Android_CodeGen/Unity.Burst.CodeGen.rsp
[326/663    0s] WriteText Library/Bee/artifacts/Android_CodeGen/Unity.Collections.CodeGen.rsp
[327/663    0s] WriteText Library/Bee/artifacts/1300b0aP.dag/Unity.TextMeshPro.rsp2
[328/663    0s] WriteText Library/Bee/artifacts/1300b0aP.dag/Unity.TextMeshPro.UnityAdditionalFile.txt
[329/663    0s] WriteText Library/Bee/artifacts/1300b0aP.dag/UnityEngine.XR.LegacyInputHelpers.rsp2
[330/663    0s] WriteText Library/Bee/artifacts/1300b0aP.dag/UnityEngine.XR.LegacyInputHelpers.UnityAdditionalFile.txt
[331/663    0s] WriteText Library/Bee/artifacts/1300b0aP.dag/Unity.InputSystem.ForUI.UnityAdditionalFile.txt
[332/663    0s] WriteText Library/Bee/artifacts/1300b0aP.dag/Unity.InputSystem.ForUI.rsp2
[333/663    0s] WriteText Library/Bee/artifacts/1300b0aP.dag/Unity.XR.ARFoundation.dll.mvfrm.rsp
[334/663    0s] WriteText Library/Bee/artifacts/1300b0aP.dag/Unity.TextMeshPro.dll.mvfrm.rsp
[335/663    0s] WriteText Library/Bee/artifacts/1300b0aP.dag/Unity.XR.ARFoundation.rsp
[336/663    0s] WriteText Library/Bee/artifacts/1300b0aP.dag/Unity.TextMeshPro.rsp
[337/663    0s] WriteText Library/Bee/artifacts/1300b0aP.dag/UnityEngine.XR.LegacyInputHelpers.dll.mvfrm.rsp
[338/663    0s] WriteText Library/Bee/artifacts/1300b0aP.dag/Unity.InputSystem.ForUI.dll.mvfrm.rsp
[339/663    0s] WriteText Library/Bee/artifacts/1300b0aP.dag/UnityEngine.XR.LegacyInputHelpers.rsp
[340/663    0s] WriteText Library/Bee/artifacts/1300b0aP.dag/Unity.InputSystem.ForUI.rsp
[341/663    0s] WriteText Library/Bee/artifacts/1300b0aP.dag/Unity.XR.Interaction.Toolkit.rsp2
[342/663    0s] WriteText Library/Bee/artifacts/1300b0aP.dag/Unity.XR.Interaction.Toolkit.UnityAdditionalFile.txt
[343/663    0s] WriteText Library/Bee/artifacts/1300b0aP.dag/Unity.XR.Interaction.Toolkit.dll.mvfrm.rsp
[344/663    0s] WriteText Library/Bee/artifacts/1300b0aP.dag/Unity.XR.Interaction.Toolkit.rsp
[345/663    0s] WriteText Library/Bee/artifacts/1300b0aP.dag/Unity.XR.Interaction.Toolkit.Samples.StarterAssets.rsp2
[346/663    0s] WriteText Library/Bee/artifacts/1300b0aP.dag/Unity.XR.Interaction.Toolkit.Samples.StarterAssets.UnityAdditionalFile.txt
[347/663    0s] WriteResponseFile Library/Bee/artifacts/rsp/4747638433968585886.rsp
[348/663    0s] WriteText Library/Bee/artifacts/1300b0aP.dag/Unity.XR.Interaction.Toolkit.Samples.StarterAssets.dll.mvfrm.rsp
[349/663    0s] WriteText Library/Bee/artifacts/1300b0aP.dag/Unity.XR.Interaction.Toolkit.Samples.StarterAssets.rsp
[350/663    0s] WriteText Library/Bee/artifacts/1300b0aP.dag/Unity.Tutorials.UnityAdditionalFile.txt
[351/663    0s] WriteText Library/Bee/artifacts/1300b0aP.dag/Unity.RenderPipelines.Universal.Shaders.rsp2
[352/663    0s] WriteText Library/Bee/artifacts/1300b0aP.dag/Unity.RenderPipelines.Universal.2D.Runtime.UnityAdditionalFile.txt
[353/663    0s] WriteText Library/Bee/artifacts/1300b0aP.dag/Unity.RenderPipelines.Universal.Shaders.UnityAdditionalFile.txt
[354/663    0s] WriteText Library/Bee/artifacts/1300b0aP.dag/Unity.RenderPipelines.ShaderGraph.ShaderGraphLibrary.rsp2
[355/663    0s] WriteText Library/Bee/artifacts/1300b0aP.dag/Unity.RenderPipelines.ShaderGraph.ShaderGraphLibrary.UnityAdditionalFile.txt
[356/663    0s] WriteText Library/Bee/artifacts/1300b0aP.dag/Unity.RenderPipelines.Core.ShaderLibrary.rsp2
[357/663    0s] WriteText Library/Bee/artifacts/1300b0aP.dag/Unity.RenderPipelines.Core.ShaderLibrary.UnityAdditionalFile.txt
[358/663    0s] WriteText Library/Bee/artifacts/1300b0aP.dag/Unity.Multiplayer.Center.Common.rsp2
[359/663    0s] WriteText Library/Bee/artifacts/1300b0aP.dag/Unity.Multiplayer.Center.Common.UnityAdditionalFile.txt
[360/663    0s] WriteText Library/Bee/artifacts/1300b0aP.dag/Unity.XR.Interaction.Toolkit.Samples.ARStarterAssets.rsp2
[361/663    0s] WriteText Library/Bee/artifacts/1300b0aP.dag/Unity.XR.Interaction.Toolkit.Samples.ARStarterAssets.UnityAdditionalFile.txt
[362/663    0s] WriteText Library/Bee/artifacts/1300b0aP.dag/Unity.XR.ARFoundation.VisualScripting.UnityAdditionalFile.txt
[363/663    0s] WriteText Library/Bee/artifacts/1300b0aP.dag/Unity.XR.ARFoundation.VisualScripting.rsp2
[364/663    0s] WriteText Library/Bee/artifacts/1300b0aP.dag/Unity.XR.ARCore.rsp2
[365/663    0s] WriteText Library/Bee/artifacts/1300b0aP.dag/Unity.XR.ARCore.UnityAdditionalFile.txt
[366/663    0s] WriteText Library/Bee/artifacts/1300b0aP.dag/Unity.RenderPipelines.Universal.2D.Runtime.rsp2
[367/663    0s] WriteText Library/Bee/artifacts/1300b0aP.dag/Unity.Multiplayer.Center.Common.dll.mvfrm.rsp
[368/663    0s] WriteText Library/Bee/artifacts/1300b0aP.dag/Unity.RenderPipelines.Core.ShaderLibrary.dll.mvfrm.rsp
[369/663    0s] WriteText Library/Bee/artifacts/1300b0aP.dag/Unity.RenderPipelines.ShaderGraph.ShaderGraphLibrary.dll.mvfrm.rsp
[370/663    0s] WriteText Library/Bee/artifacts/1300b0aP.dag/Unity.RenderPipelines.Universal.2D.Runtime.dll.mvfrm.rsp
[371/663    0s] WriteText Library/Bee/artifacts/1300b0aP.dag/Unity.RenderPipelines.Universal.Shaders.dll.mvfrm.rsp
[372/663    0s] WriteText Library/Bee/artifacts/1300b0aP.dag/Unity.Tutorials.dll.mvfrm.rsp
[373/663    0s] WriteText Library/Bee/artifacts/1300b0aP.dag/Unity.XR.ARCore.dll.mvfrm.rsp
[374/663    0s] WriteText Library/Bee/artifacts/1300b0aP.dag/Unity.XR.ARFoundation.VisualScripting.dll.mvfrm.rsp
[375/663    0s] WriteText Library/Bee/artifacts/1300b0aP.dag/Unity.XR.Interaction.Toolkit.Samples.ARStarterAssets.dll.mvfrm.rsp
[376/663    0s] WriteText Library/Bee/artifacts/1300b0aP.dag/Unity.RenderPipelines.ShaderGraph.ShaderGraphLibrary.rsp
[377/663    0s] WriteText Library/Bee/artifacts/1300b0aP.dag/Unity.Tutorials.rsp
[378/663    0s] WriteText Library/Bee/artifacts/1300b0aP.dag/Unity.Multiplayer.Center.Common.rsp
[379/663    0s] WriteText Library/Bee/artifacts/1300b0aP.dag/Unity.RenderPipelines.Core.ShaderLibrary.rsp
[380/663    0s] WriteText Library/Bee/artifacts/1300b0aP.dag/Unity.XR.ARCore.rsp
[381/663    0s] WriteText Library/Bee/artifacts/1300b0aP.dag/Unity.RenderPipelines.Universal.2D.Runtime.rsp
[382/663    0s] WriteText Library/Bee/artifacts/1300b0aP.dag/Unity.RenderPipelines.Universal.Shaders.rsp
[383/663    0s] WriteText Library/Bee/artifacts/1300b0aP.dag/Unity.XR.ARFoundation.VisualScripting.rsp
[384/663    0s] WriteText Library/Bee/artifacts/1300b0aP.dag/Unity.XR.Interaction.Toolkit.Samples.ARStarterAssets.rsp
[385/663    0s] WriteText Library/Bee/artifacts/1300b0aP.dag/Unity.Tutorials.rsp2
[386/663    0s] WriteText Library/Bee/artifacts/1300b0aP.dag/Assembly-CSharp.dll.mvfrm.rsp
[387/663    0s] WriteText Library/Bee/artifacts/1300b0aP.dag/Assembly-CSharp.UnityAdditionalFile.txt
[388/663    0s] WriteText Library/Bee/artifacts/1300b0aP.dag/Assembly-CSharp.rsp2
[389/663    0s] WriteText Library/Bee/artifacts/1300b0aP.dag/Assembly-CSharp.rsp
[390/663    0s] WriteResponseFile Library/Bee/artifacts/rsp/15894787169906418389.rsp
[391/663    0s] WriteResponseFile Library/Bee/artifacts/rsp/18233949247207186902.rsp
[392/663    0s] WriteResponseFile Library/Bee/artifacts/rsp/15228710169658269968.rsp
[393/663    0s] WriteResponseFile Library/Bee/artifacts/rsp/15907415892376651998.rsp
[394/663    0s] WriteResponseFile Library/Bee/artifacts/rsp/6508951009339132853.rsp
[395/663    0s] WriteResponseFile Library/Bee/artifacts/rsp/15201509376401771623.rsp
[396/663    0s] WriteResponseFile Library/Bee/artifacts/rsp/6291305732106305440.rsp
[397/663    0s] WriteResponseFile Library/Bee/artifacts/rsp/3359792699429921086.rsp
[398/663    0s] WriteResponseFile Library/Bee/artifacts/rsp/3398277663090063864.rsp
[399/663    0s] WriteResponseFile Library/Bee/artifacts/rsp/6330438945516616120.rsp
[400/663    0s] WriteResponseFile Library/Bee/artifacts/rsp/7289484485874553318.rsp
[401/663    0s] WriteResponseFile Library/Bee/artifacts/rsp/8988836454400967177.rsp
[402/663    0s] WriteResponseFile Library/Bee/artifacts/rsp/2500162592822822721.rsp
[403/663    0s] WriteResponseFile Library/Bee/artifacts/rsp/6993129936995520935.rsp
[404/663    0s] WriteResponseFile Library/Bee/artifacts/rsp/9766718788248844585.rsp
[405/663    0s] WriteResponseFile Library/Bee/artifacts/rsp/13155616310095448955.rsp
[406/663    0s] WriteResponseFile Library/Bee/artifacts/rsp/9205997524977230452.rsp
[407/663    0s] WriteResponseFile Library/Bee/artifacts/rsp/4831452256510709508.rsp
[408/663    0s] WriteResponseFile Library/Bee/artifacts/rsp/981101458197481158.rsp
[409/663    0s] WriteResponseFile Library/Bee/artifacts/rsp/12901109179592943418.rsp
[410/663    0s] WriteResponseFile Library/Bee/artifacts/rsp/2632389429457759941.rsp
[411/663    0s] WriteResponseFile Library/Bee/artifacts/rsp/7942491916806718901.rsp
[412/663    0s] WriteResponseFile Library/Bee/artifacts/rsp/9432179616866573143.rsp
[413/663    0s] WriteResponseFile Library/Bee/artifacts/rsp/11897712654715090967.rsp
[414/663    0s] WriteResponseFile Library/Bee/artifacts/rsp/817447370256053808.rsp
[415/663    0s] WriteResponseFile Library/Bee/artifacts/rsp/14217442742867696928.rsp
[416/663    0s] WriteResponseFile Library/Bee/artifacts/rsp/11496836471497908796.rsp
[417/663    0s] WriteResponseFile Library/Bee/artifacts/rsp/902444397228611008.rsp
[418/663    0s] WriteResponseFile Library/Bee/artifacts/rsp/5132293125539016922.rsp
[419/663    0s] WriteResponseFile Library/Bee/artifacts/rsp/4893465205100795670.rsp
[420/663    0s] WriteResponseFile Library/Bee/artifacts/rsp/11295223868419055766.rsp
[421/663    0s] WriteResponseFile Library/Bee/artifacts/rsp/2875525603281319197.rsp
[422/663    0s] WriteResponseFile Library/Bee/artifacts/rsp/17732682223719904820.rsp
[423/663    0s] WriteResponseFile Library/Bee/artifacts/rsp/13525290774574426104.rsp
[424/663    0s] MovedFromExtractor Library/Bee/artifacts/mvdfrm/UnityEngine.UIModule.dll_4A33913A1F27F8BA.mvfrm
[425/663    0s] MovedFromExtractor Library/Bee/artifacts/mvdfrm/UnityEngine.UnityWebRequestWWWModule.dll_36A925DA5821E48D.mvfrm
[426/663    0s] MovedFromExtractor Library/Bee/artifacts/mvdfrm/UnityEngine.VehiclesModule.dll_7424C666FF150A1D.mvfrm
[427/663    0s] MovedFromExtractor Library/Bee/artifacts/mvdfrm/UnityEngine.VFXModule.dll_9D1FB28C1347F616.mvfrm
[428/663    0s] MovedFromExtractor Library/Bee/artifacts/mvdfrm/UnityEngine.VRModule.dll_9D05B7BFC0E27E32.mvfrm
[429/663    0s] MovedFromExtractor Library/Bee/artifacts/mvdfrm/UnityEngine.VectorGraphicsModule.dll_2D2F624FBD2849B4.mvfrm
[430/663    0s] MovedFromExtractor Library/Bee/artifacts/mvdfrm/UnityEngine.WindModule.dll_229D130F621A498E.mvfrm
[431/663    0s] MovedFromExtractor-Combine Library/Bee/artifacts/Android_CodeGen/UnityEngine.UI.dll.mvfrm
[432/663    0s] MovedFromExtractor-Combine Library/Bee/artifacts/Android_CodeGen/UnityEngine.TestRunner.dll.mvfrm
[433/663    0s] MovedFromExtractor Library/Bee/artifacts/mvdfrm/UnityEngine.VideoModule.dll_6A93D84F03A35969.mvfrm
[434/663    0s] MovedFromExtractor-Combine Library/Bee/artifacts/1300b0aP.dag/UnityEngine.UI.dll.mvfrm
[435/663    0s] Csc Library/Bee/artifacts/Android_CodeGen/UnityEngine.TestRunner.dll (+2 others)
[           0s] Csc Library/Bee/artifacts/Android_CodeGen/UnityEngine.TestRunner.dll (+2 others) [CacheWrite 00000000000000000000000000000005]
[436/663    0s] Csc Library/Bee/artifacts/Android_CodeGen/UnityEngine.UI.dll (+2 others)
[437/663    0s] Csc Library/Bee/artifacts/1300b0aP.dag/UnityEngine.UI.dll (+2 others)
[           0s] Csc Library/Bee/artifacts/1300b0aP.dag/UnityEngine.UI.dll (+2 others) [CacheWrite 00000000000000000000000000000005]
[           0s] Csc Library/Bee/artifacts/Android_CodeGen/UnityEngine.UI.dll (+2 others) [CacheWrite 00000000000000000000000000000005]
[438/663    0s] MovedFromExtractor Library/Bee/artifacts/mvdfrm/UnityEngine.TestRunner.ref.dll_80B890C2D7911DBF.mvfrm
[439/663    0s] MovedFromExtractor Library/Bee/artifacts/mvdfrm/UnityEngine.UI.ref.dll_DB7439BD0E712D01.mvfrm
[440/663    0s] MovedFromExtractor Library/Bee/artifacts/mvdfrm/UnityEngine.UI.ref.dll_AFC2E85BC2EDBC0B.mvfrm
[441/663    0s] MovedFromExtractor-Combine Library/Bee/artifacts/Android_CodeGen/UnityEditor.TestRunner.dll.mvfrm
[442/663    0s] MovedFromExtractor-Combine Library/Bee/artifacts/1300b0aP.dag/Unity.RenderPipelines.Universal.Shaders.dll.mvfrm
[443/663    0s] MovedFromExtractor-Combine Library/Bee/artifacts/1300b0aP.dag/Unity.InputSystem.dll.mvfrm
[444/663    0s] MovedFromExtractor-Combine Library/Bee/artifacts/1300b0aP.dag/UnityEngine.SpatialTracking.dll.mvfrm
[445/663    0s] MovedFromExtractor-Combine Library/Bee/artifacts/1300b0aP.dag/Unity.Mathematics.dll.mvfrm
[446/663    0s] MovedFromExtractor-Combine Library/Bee/artifacts/1300b0aP.dag/Unity.InternalAPIEngineBridge.004.dll.mvfrm
[447/663    0s] MovedFromExtractor-Combine Library/Bee/artifacts/1300b0aP.dag/Unity.RenderPipelines.Core.ShaderLibrary.dll.mvfrm
[448/663    0s] MovedFromExtractor-Combine Library/Bee/artifacts/1300b0aP.dag/Unity.Tutorials.dll.mvfrm
[449/663    0s] MovedFromExtractor-Combine Library/Bee/artifacts/1300b0aP.dag/Unity.Burst.dll.mvfrm
[450/663    0s] MovedFromExtractor-Combine Library/Bee/artifacts/1300b0aP.dag/Unity.XR.Management.dll.mvfrm
[451/663    0s] MovedFromExtractor-Combine Library/Bee/artifacts/1300b0aP.dag/Unity.RenderPipelines.ShaderGraph.ShaderGraphLibrary.dll.mvfrm
[452/663    0s] MovedFromExtractor-Combine Library/Bee/artifacts/1300b0aP.dag/Unity.Multiplayer.Center.Common.dll.mvfrm
[453/663    0s] Csc Library/Bee/artifacts/1300b0aP.dag/Unity.RenderPipelines.Universal.Shaders.dll (+2 others)
[454/663    0s] Csc Library/Bee/artifacts/1300b0aP.dag/UnityEngine.SpatialTracking.dll (+2 others)
[455/663    0s] Csc Library/Bee/artifacts/1300b0aP.dag/Unity.InternalAPIEngineBridge.004.dll (+2 others)
[456/663    0s] Csc Library/Bee/artifacts/1300b0aP.dag/Unity.Tutorials.dll (+2 others)
[           0s] Csc Library/Bee/artifacts/1300b0aP.dag/Unity.RenderPipelines.Universal.Shaders.dll (+2 others) [CacheWrite 00000000000000000000000000000005]
[457/663    0s] Csc Library/Bee/artifacts/1300b0aP.dag/Unity.RenderPipelines.Core.ShaderLibrary.dll (+2 others)
[458/663    0s] Csc Library/Bee/artifacts/1300b0aP.dag/Unity.RenderPipelines.ShaderGraph.ShaderGraphLibrary.dll (+2 others)
[           0s] Csc Library/Bee/artifacts/1300b0aP.dag/UnityEngine.SpatialTracking.dll (+2 others) [CacheWrite 00000000000000000000000000000005]
[           0s] Csc Library/Bee/artifacts/1300b0aP.dag/Unity.InternalAPIEngineBridge.004.dll (+2 others) [CacheWrite 00000000000000000000000000000005]
[459/663    0s] Csc Library/Bee/artifacts/1300b0aP.dag/Unity.Multiplayer.Center.Common.dll (+2 others)
[460/663    0s] Csc Library/Bee/artifacts/1300b0aP.dag/Unity.XR.Management.dll (+2 others)
[           0s] Csc Library/Bee/artifacts/1300b0aP.dag/Unity.Tutorials.dll (+2 others) [CacheWrite 00000000000000000000000000000005]
[           0s] Csc Library/Bee/artifacts/1300b0aP.dag/Unity.RenderPipelines.Core.ShaderLibrary.dll (+2 others) [CacheWrite 00000000000000000000000000000005]
[           0s] Csc Library/Bee/artifacts/1300b0aP.dag/Unity.RenderPipelines.ShaderGraph.ShaderGraphLibrary.dll (+2 others) [CacheWrite 00000000000000000000000000000005]
[461/663    0s] MovedFromExtractor Library/Bee/artifacts/mvdfrm/Unity.RenderPipelines.Universal.Shaders.ref.dll_75E0D491C6D663C5.mvfrm
[462/663    1s] Csc Library/Bee/artifacts/Android_CodeGen/UnityEditor.TestRunner.dll (+2 others)
[           0s] Csc Library/Bee/artifacts/1300b0aP.dag/Unity.Multiplayer.Center.Common.dll (+2 others) [CacheWrite 00000000000000000000000000000005]
[463/663    0s] MovedFromExtractor Library/Bee/artifacts/mvdfrm/UnityEngine.SpatialTracking.ref.dll_E3484C16F227CFFA.mvfrm
[           0s] Csc Library/Bee/artifacts/1300b0aP.dag/Unity.XR.Management.dll (+2 others) [CacheWrite 00000000000000000000000000000005]
[           0s] Csc Library/Bee/artifacts/Android_CodeGen/UnityEditor.TestRunner.dll (+2 others) [CacheWrite 00000000000000000000000000000005]
[464/663    1s] MovedFromExtractor Library/Bee/artifacts/mvdfrm/Unity.RenderPipelines.Core.ShaderLibrary.ref.dll_3FA56196D520B7A3.mvfrm
[465/663    1s] MovedFromExtractor Library/Bee/artifacts/mvdfrm/Unity.Tutorials.ref.dll_EB5195430DEC9CB2.mvfrm
[466/663    0s] MovedFromExtractor Library/Bee/artifacts/mvdfrm/Unity.RenderPipelines.ShaderGraph.ShaderGraphLibrary.ref.dll_F007F1EECED691E3.mvfrm
[467/663    1s] MovedFromExtractor Library/Bee/artifacts/mvdfrm/Unity.InternalAPIEngineBridge.004.ref.dll_DE559C9CDA613EEB.mvfrm
[468/663    1s] Csc Library/Bee/artifacts/1300b0aP.dag/Unity.Burst.dll (+2 others)
[469/663    0s] MovedFromExtractor Library/Bee/artifacts/mvdfrm/Unity.Multiplayer.Center.Common.ref.dll_A2E97B59907D8CED.mvfrm
[470/663    0s] MovedFromExtractor-Combine Library/Bee/artifacts/1300b0aP.dag/UnityEngine.XR.LegacyInputHelpers.dll.mvfrm
[           0s] Csc Library/Bee/artifacts/1300b0aP.dag/Unity.Burst.dll (+2 others) [CacheWrite 00000000000000000000000000000005]
[471/663    0s] MovedFromExtractor Library/Bee/artifacts/mvdfrm/Unity.XR.Management.ref.dll_2CC2F0B9CB7419B4.mvfrm
[472/663    0s] MovedFromExtractor-Combine Library/Bee/artifacts/1300b0aP.dag/Unity.TextMeshPro.dll.mvfrm
[473/663    0s] MovedFromExtractor Library/Bee/artifacts/mvdfrm/UnityEditor.TestRunner.ref.dll_B49A4614ABCDBFD4.mvfrm
[474/663    0s] MovedFromExtractor-Combine Library/Bee/artifacts/Android_CodeGen/UnityEditor.UI.dll.mvfrm
[475/663    0s] MovedFromExtractor Library/Bee/artifacts/mvdfrm/Unity.Burst.ref.dll_59592FE1C19AAD4D.mvfrm
[476/663    0s] Csc Library/Bee/artifacts/1300b0aP.dag/UnityEngine.XR.LegacyInputHelpers.dll (+2 others)
[477/663    2s] Csc Library/Bee/artifacts/1300b0aP.dag/Unity.InputSystem.dll (+2 others)
[           0s] Csc Library/Bee/artifacts/1300b0aP.dag/Unity.InputSystem.dll (+2 others) [CacheWrite 00000000000000000000000000000005]
[           0s] Csc Library/Bee/artifacts/1300b0aP.dag/UnityEngine.XR.LegacyInputHelpers.dll (+2 others) [CacheWrite 00000000000000000000000000000005]
[478/663    0s] MovedFromExtractor Library/Bee/artifacts/mvdfrm/Unity.InputSystem.ref.dll_A6FF0182FCD80C46.mvfrm
[479/663    0s] MovedFromExtractor Library/Bee/artifacts/mvdfrm/UnityEngine.XR.LegacyInputHelpers.ref.dll_3E6614D410430047.mvfrm
[480/663    0s] Csc Library/Bee/artifacts/Android_CodeGen/UnityEditor.UI.dll (+2 others)
[           0s] Csc Library/Bee/artifacts/Android_CodeGen/UnityEditor.UI.dll (+2 others) [CacheWrite 00000000000000000000000000000005]
[481/663    0s] MovedFromExtractor-Combine Library/Bee/artifacts/1300b0aP.dag/Unity.InputSystem.ForUI.dll.mvfrm
[482/663    0s] MovedFromExtractor-Combine Library/Bee/artifacts/1300b0aP.dag/Unity.XR.CoreUtils.dll.mvfrm
[483/663    0s] MovedFromExtractor Library/Bee/artifacts/mvdfrm/UnityEditor.UI.ref.dll_1F0E6362084F0496.mvfrm
[484/663    0s] Csc Library/Bee/artifacts/1300b0aP.dag/Unity.TextMeshPro.dll (+2 others)
[           0s] Csc Library/Bee/artifacts/1300b0aP.dag/Unity.TextMeshPro.dll (+2 others) [CacheWrite 00000000000000000000000000000005]
[485/663    0s] Csc Library/Bee/artifacts/1300b0aP.dag/Unity.InputSystem.ForUI.dll (+2 others)
[486/663    0s] MovedFromExtractor-Combine Library/Bee/artifacts/Android_CodeGen/Unity.Burst.dll.mvfrm
[487/663    0s] MovedFromExtractor-Combine Library/Bee/artifacts/Android_CodeGen/Unity.Mathematics.dll.mvfrm
[488/663    0s] Csc Library/Bee/artifacts/1300b0aP.dag/Unity.XR.CoreUtils.dll (+2 others)
[           0s] Csc Library/Bee/artifacts/1300b0aP.dag/Unity.InputSystem.ForUI.dll (+2 others) [CacheWrite 00000000000000000000000000000005]
[           0s] Csc Library/Bee/artifacts/1300b0aP.dag/Unity.XR.CoreUtils.dll (+2 others) [CacheWrite 00000000000000000000000000000005]
[489/663    0s] MovedFromExtractor Library/Bee/artifacts/mvdfrm/Unity.TextMeshPro.ref.dll_2E746244A5BDAEA0.mvfrm
[490/663    0s] MovedFromExtractor Library/Bee/artifacts/mvdfrm/Unity.InputSystem.ForUI.ref.dll_F2CC0B57F8094615.mvfrm
[491/663    3s] Csc Library/Bee/artifacts/1300b0aP.dag/Unity.Mathematics.dll (+2 others)
[492/663    0s] MovedFromExtractor Library/Bee/artifacts/mvdfrm/Unity.XR.CoreUtils.ref.dll_A353C602C700ED67.mvfrm
[           0s] Csc Library/Bee/artifacts/1300b0aP.dag/Unity.Mathematics.dll (+2 others) [CacheWrite 00000000000000000000000000000005]
[493/663    0s] MovedFromExtractor-Combine Library/Bee/artifacts/1300b0aP.dag/Unity.XR.ARSubsystems.dll.mvfrm
[494/663    0s] MovedFromExtractor Library/Bee/artifacts/mvdfrm/Unity.Mathematics.ref.dll_92C0142275484313.mvfrm
[495/663    0s] MovedFromExtractor-Combine Library/Bee/artifacts/1300b0aP.dag/Unity.Collections.dll.mvfrm
[496/663    0s] Csc Library/Bee/artifacts/Android_CodeGen/Unity.Burst.dll (+2 others)
[           0s] Csc Library/Bee/artifacts/Android_CodeGen/Unity.Burst.dll (+2 others) [CacheWrite 00000000000000000000000000000005]
[497/663    0s] Csc Library/Bee/artifacts/1300b0aP.dag/Unity.XR.ARSubsystems.dll (+2 others)
[498/663    0s] MovedFromExtractor Library/Bee/artifacts/mvdfrm/Unity.Burst.ref.dll_A570EA442BAEBF77.mvfrm
[           0s] Csc Library/Bee/artifacts/1300b0aP.dag/Unity.XR.ARSubsystems.dll (+2 others) [CacheWrite 00000000000000000000000000000005]
[499/663    0s] MovedFromExtractor-Combine Library/Bee/artifacts/Android_CodeGen/Unity.Burst.CodeGen.dll.mvfrm
[500/663    0s] MovedFromExtractor Library/Bee/artifacts/mvdfrm/Unity.XR.ARSubsystems.ref.dll_46AC1CE864089236.mvfrm
[501/663    0s] MovedFromExtractor-Combine Library/Bee/artifacts/1300b0aP.dag/Unity.XR.ARFoundation.InternalUtils.dll.mvfrm
[502/663    0s] Csc Library/Bee/artifacts/Android_CodeGen/Unity.Burst.CodeGen.dll (+2 others)
[           0s] Csc Library/Bee/artifacts/Android_CodeGen/Unity.Burst.CodeGen.dll (+2 others) [CacheWrite 00000000000000000000000000000005]
[503/663    0s] Csc Library/Bee/artifacts/1300b0aP.dag/Unity.XR.ARFoundation.InternalUtils.dll (+2 others)
[           0s] Csc Library/Bee/artifacts/1300b0aP.dag/Unity.XR.ARFoundation.InternalUtils.dll (+2 others) [CacheWrite 00000000000000000000000000000005]
[504/663    0s] MovedFromExtractor Library/Bee/artifacts/mvdfrm/Unity.XR.ARFoundation.InternalUtils.ref.dll_E6ADA17C9612E86B.mvfrm
[505/663    1s] Csc Library/Bee/artifacts/1300b0aP.dag/Unity.Collections.dll (+2 others)
[506/663    2s] Csc Library/Bee/artifacts/Android_CodeGen/Unity.Mathematics.dll (+2 others)
[           0s] Csc Library/Bee/artifacts/1300b0aP.dag/Unity.Collections.dll (+2 others) [CacheWrite 00000000000000000000000000000005]
[           0s] Csc Library/Bee/artifacts/Android_CodeGen/Unity.Mathematics.dll (+2 others) [CacheWrite 00000000000000000000000000000005]
[507/663    0s] MovedFromExtractor Library/Bee/artifacts/mvdfrm/Unity.Collections.ref.dll_0F3DAD17CF6CCA92.mvfrm
[508/663    0s] MovedFromExtractor Library/Bee/artifacts/mvdfrm/Unity.Mathematics.ref.dll_26011928474328FD.mvfrm
[509/663    0s] MovedFromExtractor-Combine Library/Bee/artifacts/1300b0aP.dag/Unity.UnifiedRayTracing.Runtime.dll.mvfrm
[510/663    0s] MovedFromExtractor-Combine Library/Bee/artifacts/1300b0aP.dag/Unity.RenderPipelines.Core.Runtime.dll.mvfrm
[511/663    0s] MovedFromExtractor-Combine Library/Bee/artifacts/Android_CodeGen/Unity.Collections.dll.mvfrm
[512/663    0s] Csc Library/Bee/artifacts/1300b0aP.dag/Unity.UnifiedRayTracing.Runtime.dll (+2 others)
[           0s] Csc Library/Bee/artifacts/1300b0aP.dag/Unity.UnifiedRayTracing.Runtime.dll (+2 others) [CacheWrite 00000000000000000000000000000005]
[513/663    0s] MovedFromExtractor Library/Bee/artifacts/mvdfrm/Unity.UnifiedRayTracing.Runtime.ref.dll_C7C506D8A0B24831.mvfrm
[514/663    1s] Csc Library/Bee/artifacts/1300b0aP.dag/Unity.RenderPipelines.Core.Runtime.dll (+2 others)
[           0s] Csc Library/Bee/artifacts/1300b0aP.dag/Unity.RenderPipelines.Core.Runtime.dll (+2 others) [CacheWrite 00000000000000000000000000000005]
[515/663    1s] Csc Library/Bee/artifacts/Android_CodeGen/Unity.Collections.dll (+2 others)
[516/663    0s] MovedFromExtractor Library/Bee/artifacts/mvdfrm/Unity.RenderPipelines.Core.Runtime.ref.dll_C67A4099BF12A775.mvfrm
[           0s] Csc Library/Bee/artifacts/Android_CodeGen/Unity.Collections.dll (+2 others) [CacheWrite 00000000000000000000000000000005]
[517/663    0s] MovedFromExtractor-Combine Library/Bee/artifacts/1300b0aP.dag/Unity.RenderPipelines.GPUDriven.Runtime.dll.mvfrm
[518/663    0s] MovedFromExtractor-Combine Library/Bee/artifacts/1300b0aP.dag/Unity.RenderPipeline.Universal.ShaderLibrary.dll.mvfrm
[519/663    0s] MovedFromExtractor-Combine Library/Bee/artifacts/1300b0aP.dag/Unity.RenderPipelines.Universal.Config.Runtime.dll.mvfrm
[520/663    0s] MovedFromExtractor-Combine Library/Bee/artifacts/1300b0aP.dag/Unity.RenderPipelines.Core.Runtime.Shared.dll.mvfrm
[521/663    0s] MovedFromExtractor Library/Bee/artifacts/mvdfrm/Unity.Collections.ref.dll_A27EB21DA167B07C.mvfrm
[522/663    0s] MovedFromExtractor-Combine Library/Bee/artifacts/Android_CodeGen/Unity.Collections.CodeGen.dll.mvfrm
[523/663    0s] Csc Library/Bee/artifacts/1300b0aP.dag/Unity.RenderPipelines.Universal.Config.Runtime.dll (+2 others)
[524/663    0s] Csc Library/Bee/artifacts/1300b0aP.dag/Unity.RenderPipeline.Universal.ShaderLibrary.dll (+2 others)
[525/663    0s] Csc Library/Bee/artifacts/1300b0aP.dag/Unity.RenderPipelines.Core.Runtime.Shared.dll (+2 others)
[           0s] Csc Library/Bee/artifacts/1300b0aP.dag/Unity.RenderPipeline.Universal.ShaderLibrary.dll (+2 others) [CacheWrite 00000000000000000000000000000005]
[           0s] Csc Library/Bee/artifacts/1300b0aP.dag/Unity.RenderPipelines.Universal.Config.Runtime.dll (+2 others) [CacheWrite 00000000000000000000000000000005]
[           0s] Csc Library/Bee/artifacts/1300b0aP.dag/Unity.RenderPipelines.Core.Runtime.Shared.dll (+2 others) [CacheWrite 00000000000000000000000000000005]
[526/663    0s] MovedFromExtractor Library/Bee/artifacts/mvdfrm/Unity.RenderPipelines.Universal.Config.Runtime.ref.dll_2C26A14ADC1DDCEB.mvfrm
[527/663    0s] MovedFromExtractor Library/Bee/artifacts/mvdfrm/Unity.RenderPipelines.Core.Runtime.Shared.ref.dll_C6B5F88DEF417E04.mvfrm
[528/663    0s] MovedFromExtractor Library/Bee/artifacts/mvdfrm/Unity.RenderPipeline.Universal.ShaderLibrary.ref.dll_C33FC1AA6F3F1AD6.mvfrm
[529/663    0s] Csc Library/Bee/artifacts/1300b0aP.dag/Unity.RenderPipelines.GPUDriven.Runtime.dll (+2 others)
[530/663    0s] Csc Library/Bee/artifacts/Android_CodeGen/Unity.Collections.CodeGen.dll (+2 others)
[           0s] Csc Library/Bee/artifacts/1300b0aP.dag/Unity.RenderPipelines.GPUDriven.Runtime.dll (+2 others) [CacheWrite 00000000000000000000000000000005]
[           0s] Csc Library/Bee/artifacts/Android_CodeGen/Unity.Collections.CodeGen.dll (+2 others) [CacheWrite 00000000000000000000000000000005]
[531/663    0s] MovedFromExtractor Library/Bee/artifacts/mvdfrm/Unity.RenderPipelines.GPUDriven.Runtime.ref.dll_766D69CB02F04644.mvfrm
[532/663    0s] MovedFromExtractor-Combine Library/Bee/artifacts/1300b0aP.dag/Unity.RenderPipelines.Universal.Runtime.dll.mvfrm
[533/663    0s] ILPP-Configuration Library/ilpp-configuration.nevergeneratedoutput
[534/663    0s] ILPostProcess Library/Bee/artifacts/1300b0aP.dag/post-processed/Unity.XR.ARFoundation.InternalUtils.dll (+pdb)
Processing assembly Library/Bee/artifacts/1300b0aP.dag/Unity.XR.ARFoundation.InternalUtils.dll, with 137 defines and 204 references

processors: Unity.Jobs.CodeGen.JobsILPostProcessor, zzzUnity.Burst.CodeGen.BurstILPostProcessor

running Unity.Jobs.CodeGen.JobsILPostProcessor

running zzzUnity.Burst.CodeGen.BurstILPostProcessor
[535/663    0s] ILPostProcess Library/Bee/artifacts/1300b0aP.dag/post-processed/Unity.RenderPipeline.Universal.ShaderLibrary.dll (+pdb)
Processing assembly Library/Bee/artifacts/1300b0aP.dag/Unity.RenderPipeline.Universal.ShaderLibrary.dll, with 137 defines and 202 references

processors: Unity.Jobs.CodeGen.JobsILPostProcessor, zzzUnity.Burst.CodeGen.BurstILPostProcessor

running Unity.Jobs.CodeGen.JobsILPostProcessor

running zzzUnity.Burst.CodeGen.BurstILPostProcessor
[536/663    0s] ILPostProcess Library/Bee/artifacts/1300b0aP.dag/post-processed/UnityEngine.UI.dll (+pdb)
Processing assembly Library/Bee/artifacts/1300b0aP.dag/UnityEngine.UI.dll, with 143 defines and 200 references

processors: Unity.Jobs.CodeGen.JobsILPostProcessor, zzzUnity.Burst.CodeGen.BurstILPostProcessor

running Unity.Jobs.CodeGen.JobsILPostProcessor

running zzzUnity.Burst.CodeGen.BurstILPostProcessor
[537/663    0s] ILPostProcess Library/Bee/artifacts/1300b0aP.dag/post-processed/Unity.RenderPipelines.Universal.Config.Runtime.dll (+pdb)
Processing assembly Library/Bee/artifacts/1300b0aP.dag/Unity.RenderPipelines.Universal.Config.Runtime.dll, with 137 defines and 202 references

processors: Unity.Jobs.CodeGen.JobsILPostProcessor, zzzUnity.Burst.CodeGen.BurstILPostProcessor

running Unity.Jobs.CodeGen.JobsILPostProcessor

running zzzUnity.Burst.CodeGen.BurstILPostProcessor
[538/663    0s] ILPostProcess Library/Bee/artifacts/1300b0aP.dag/post-processed/Unity.XR.Management.dll (+pdb)
Processing assembly Library/Bee/artifacts/1300b0aP.dag/Unity.XR.Management.dll, with 138 defines and 201 references

processors: Unity.Jobs.CodeGen.JobsILPostProcessor, zzzUnity.Burst.CodeGen.BurstILPostProcessor

running Unity.Jobs.CodeGen.JobsILPostProcessor

running zzzUnity.Burst.CodeGen.BurstILPostProcessor
[539/663    0s] ILPostProcess Library/Bee/artifacts/1300b0aP.dag/post-processed/UnityEngine.XR.LegacyInputHelpers.dll (+pdb)
Processing assembly Library/Bee/artifacts/1300b0aP.dag/UnityEngine.XR.LegacyInputHelpers.dll, with 137 defines and 202 references

processors: Unity.Jobs.CodeGen.JobsILPostProcessor, zzzUnity.Burst.CodeGen.BurstILPostProcessor

running Unity.Jobs.CodeGen.JobsILPostProcessor

running zzzUnity.Burst.CodeGen.BurstILPostProcessor
[540/663    0s] ILPostProcess Library/Bee/artifacts/1300b0aP.dag/post-processed/Unity.RenderPipelines.Core.ShaderLibrary.dll (+pdb)
Processing assembly Library/Bee/artifacts/1300b0aP.dag/Unity.RenderPipelines.Core.ShaderLibrary.dll, with 137 defines and 201 references

processors: Unity.Jobs.CodeGen.JobsILPostProcessor, zzzUnity.Burst.CodeGen.BurstILPostProcessor

running Unity.Jobs.CodeGen.JobsILPostProcessor

running zzzUnity.Burst.CodeGen.BurstILPostProcessor
[541/663    0s] ILPostProcess Library/Bee/artifacts/1300b0aP.dag/post-processed/Unity.XR.CoreUtils.dll (+pdb)
Processing assembly Library/Bee/artifacts/1300b0aP.dag/Unity.XR.CoreUtils.dll, with 143 defines and 203 references

processors: Unity.Jobs.CodeGen.JobsILPostProcessor, zzzUnity.Burst.CodeGen.BurstILPostProcessor

running Unity.Jobs.CodeGen.JobsILPostProcessor

running zzzUnity.Burst.CodeGen.BurstILPostProcessor
[542/663    0s] ILPostProcess Library/Bee/artifacts/1300b0aP.dag/post-processed/Unity.TextMeshPro.dll (+pdb)
Processing assembly Library/Bee/artifacts/1300b0aP.dag/Unity.TextMeshPro.dll, with 138 defines and 202 references

processors: Unity.Jobs.CodeGen.JobsILPostProcessor, zzzUnity.Burst.CodeGen.BurstILPostProcessor

running Unity.Jobs.CodeGen.JobsILPostProcessor

running zzzUnity.Burst.CodeGen.BurstILPostProcessor
[543/663    0s] ILPostProcess Library/Bee/artifacts/1300b0aP.dag/post-processed/Unity.XR.ARSubsystems.dll (+pdb)
Processing assembly Library/Bee/artifacts/1300b0aP.dag/Unity.XR.ARSubsystems.dll, with 138 defines and 203 references

processors: Unity.Jobs.CodeGen.JobsILPostProcessor, zzzUnity.Burst.CodeGen.BurstILPostProcessor

running Unity.Jobs.CodeGen.JobsILPostProcessor

running zzzUnity.Burst.CodeGen.BurstILPostProcessor
[544/663    0s] ILPostProcess Library/Bee/artifacts/1300b0aP.dag/post-processed/Unity.InputSystem.ForUI.dll (+pdb)
Processing assembly Library/Bee/artifacts/1300b0aP.dag/Unity.InputSystem.ForUI.dll, with 137 defines and 202 references

processors: Unity.Jobs.CodeGen.JobsILPostProcessor, zzzUnity.Burst.CodeGen.BurstILPostProcessor

running Unity.Jobs.CodeGen.JobsILPostProcessor

running zzzUnity.Burst.CodeGen.BurstILPostProcessor
[545/663    0s] ILPostProcess Library/Bee/artifacts/1300b0aP.dag/post-processed/UnityEngine.SpatialTracking.dll (+pdb)
Processing assembly Library/Bee/artifacts/1300b0aP.dag/UnityEngine.SpatialTracking.dll, with 137 defines and 201 references

processors: Unity.Jobs.CodeGen.JobsILPostProcessor, zzzUnity.Burst.CodeGen.BurstILPostProcessor

running Unity.Jobs.CodeGen.JobsILPostProcessor

running zzzUnity.Burst.CodeGen.BurstILPostProcessor
[546/663    0s] ILPostProcess Library/Bee/artifacts/1300b0aP.dag/post-processed/Unity.Mathematics.dll (+pdb)
Processing assembly Library/Bee/artifacts/1300b0aP.dag/Unity.Mathematics.dll, with 137 defines and 201 references

processors: Unity.Jobs.CodeGen.JobsILPostProcessor, zzzUnity.Burst.CodeGen.BurstILPostProcessor

running Unity.Jobs.CodeGen.JobsILPostProcessor

running zzzUnity.Burst.CodeGen.BurstILPostProcessor
[547/663    0s] ILPostProcess Library/Bee/artifacts/1300b0aP.dag/post-processed/Unity.Multiplayer.Center.Common.dll (+pdb)
Processing assembly Library/Bee/artifacts/1300b0aP.dag/Unity.Multiplayer.Center.Common.dll, with 137 defines and 201 references

processors: Unity.Jobs.CodeGen.JobsILPostProcessor, zzzUnity.Burst.CodeGen.BurstILPostProcessor

running Unity.Jobs.CodeGen.JobsILPostProcessor

running zzzUnity.Burst.CodeGen.BurstILPostProcessor
[548/663    0s] ILPostProcess Library/Bee/artifacts/1300b0aP.dag/post-processed/Unity.RenderPipelines.ShaderGraph.ShaderGraphLibrary.dll (+pdb)
Processing assembly Library/Bee/artifacts/1300b0aP.dag/Unity.RenderPipelines.ShaderGraph.ShaderGraphLibrary.dll, with 137 defines and 201 references

processors: Unity.Jobs.CodeGen.JobsILPostProcessor, zzzUnity.Burst.CodeGen.BurstILPostProcessor

running Unity.Jobs.CodeGen.JobsILPostProcessor

running zzzUnity.Burst.CodeGen.BurstILPostProcessor
[549/663    0s] ILPostProcess Library/Bee/artifacts/1300b0aP.dag/post-processed/Unity.Tutorials.dll (+pdb)
Processing assembly Library/Bee/artifacts/1300b0aP.dag/Unity.Tutorials.dll, with 137 defines and 201 references

processors: Unity.Jobs.CodeGen.JobsILPostProcessor, zzzUnity.Burst.CodeGen.BurstILPostProcessor

running Unity.Jobs.CodeGen.JobsILPostProcessor

running zzzUnity.Burst.CodeGen.BurstILPostProcessor
[550/663    0s] CopyFiles Library/Bee/PlayerScriptAssemblies/Unity.RenderPipelines.ShaderGraph.ShaderGraphLibrary.dll
[551/663    0s] CopyFiles Library/Bee/PlayerScriptAssemblies/Unity.Multiplayer.Center.Common.dll
[552/663    0s] CopyFiles Library/Bee/PlayerScriptAssemblies/Unity.Tutorials.dll
[553/663    0s] CopyFiles Library/Bee/PlayerScriptAssemblies/UnityEngine.SpatialTracking.dll
[554/663    0s] CopyFiles Library/Bee/PlayerScriptAssemblies/Unity.InputSystem.ForUI.dll
[555/663    0s] CopyFiles Library/Bee/PlayerScriptAssemblies/Unity.XR.ARSubsystems.dll
[556/663    0s] CopyFiles Library/Bee/PlayerScriptAssemblies/Unity.TextMeshPro.dll
[557/663    0s] CopyFiles Library/Bee/PlayerScriptAssemblies/Unity.XR.CoreUtils.dll
[558/663    0s] CopyFiles Library/Bee/PlayerScriptAssemblies/Unity.RenderPipelines.Core.ShaderLibrary.dll
[559/663    0s] CopyFiles Library/Bee/PlayerScriptAssemblies/UnityEngine.XR.LegacyInputHelpers.dll
[560/663    0s] CopyFiles Library/Bee/PlayerScriptAssemblies/Unity.XR.Management.dll
[561/663    0s] CopyFiles Library/Bee/PlayerScriptAssemblies/Unity.RenderPipelines.Universal.Config.Runtime.dll
[562/663    0s] CopyFiles Library/Bee/PlayerScriptAssemblies/UnityEngine.UI.dll
[563/663    0s] CopyFiles Library/Bee/PlayerScriptAssemblies/Unity.RenderPipeline.Universal.ShaderLibrary.dll
[564/663    0s] CopyFiles Library/Bee/PlayerScriptAssemblies/Unity.XR.ARFoundation.InternalUtils.dll
[565/663    0s] CopyFiles Library/Bee/PlayerScriptAssemblies/Unity.Tutorials.pdb
[566/663    0s] CopyFiles Library/Bee/PlayerScriptAssemblies/Unity.RenderPipelines.ShaderGraph.ShaderGraphLibrary.pdb
[567/663    0s] CopyFiles Library/Bee/PlayerScriptAssemblies/Unity.Multiplayer.Center.Common.pdb
[568/663    0s] CopyFiles Library/Bee/PlayerScriptAssemblies/Unity.Mathematics.pdb
[569/663    0s] CopyFiles Library/Bee/PlayerScriptAssemblies/UnityEngine.SpatialTracking.pdb
[570/663    0s] CopyFiles Library/Bee/PlayerScriptAssemblies/Unity.InputSystem.ForUI.pdb
[571/663    0s] CopyFiles Library/Bee/PlayerScriptAssemblies/Unity.XR.ARSubsystems.pdb
[572/663    0s] CopyFiles Library/Bee/PlayerScriptAssemblies/Unity.TextMeshPro.pdb
[573/663    0s] CopyFiles Library/Bee/PlayerScriptAssemblies/Unity.XR.CoreUtils.pdb
[574/663    0s] CopyFiles Library/Bee/PlayerScriptAssemblies/Unity.RenderPipelines.Core.ShaderLibrary.pdb
[575/663    0s] CopyFiles Library/Bee/PlayerScriptAssemblies/UnityEngine.XR.LegacyInputHelpers.pdb
[576/663    0s] CopyFiles Library/Bee/PlayerScriptAssemblies/Unity.XR.Management.pdb
[577/663    0s] CopyFiles Library/Bee/PlayerScriptAssemblies/Unity.RenderPipelines.Universal.Config.Runtime.pdb
[578/663    0s] CopyFiles Library/Bee/PlayerScriptAssemblies/UnityEngine.UI.pdb
[579/663    0s] CopyFiles Library/Bee/PlayerScriptAssemblies/Unity.RenderPipeline.Universal.ShaderLibrary.pdb
[580/663    0s] CopyFiles Library/Bee/PlayerScriptAssemblies/Unity.XR.ARFoundation.InternalUtils.pdb
[581/663    0s] CopyFiles Library/Bee/PlayerScriptAssemblies/Unity.Mathematics.dll
[582/663    0s] ILPostProcess Library/Bee/artifacts/1300b0aP.dag/post-processed/Unity.InternalAPIEngineBridge.004.dll (+pdb)
Processing assembly Library/Bee/artifacts/1300b0aP.dag/Unity.InternalAPIEngineBridge.004.dll, with 137 defines and 201 references

processors: Unity.Jobs.CodeGen.JobsILPostProcessor, zzzUnity.Burst.CodeGen.BurstILPostProcessor

running Unity.Jobs.CodeGen.JobsILPostProcessor

running zzzUnity.Burst.CodeGen.BurstILPostProcessor
[583/663    0s] ILPostProcess Library/Bee/artifacts/1300b0aP.dag/post-processed/Unity.InputSystem.dll (+pdb)
Processing assembly Library/Bee/artifacts/1300b0aP.dag/Unity.InputSystem.dll, with 148 defines and 201 references

processors: Unity.Jobs.CodeGen.JobsILPostProcessor, zzzUnity.Burst.CodeGen.BurstILPostProcessor

running Unity.Jobs.CodeGen.JobsILPostProcessor

running zzzUnity.Burst.CodeGen.BurstILPostProcessor
[584/663    0s] ILPostProcess Library/Bee/artifacts/1300b0aP.dag/post-processed/Unity.RenderPipelines.Core.Runtime.Shared.dll (+pdb)
Processing assembly Library/Bee/artifacts/1300b0aP.dag/Unity.RenderPipelines.Core.Runtime.Shared.dll, with 137 defines and 202 references

processors: Unity.Jobs.CodeGen.JobsILPostProcessor, zzzUnity.Burst.CodeGen.BurstILPostProcessor

running Unity.Jobs.CodeGen.JobsILPostProcessor

running zzzUnity.Burst.CodeGen.BurstILPostProcessor
[585/663    0s] ILPostProcess Library/Bee/artifacts/1300b0aP.dag/post-processed/Unity.RenderPipelines.Universal.Shaders.dll (+pdb)
Processing assembly Library/Bee/artifacts/1300b0aP.dag/Unity.RenderPipelines.Universal.Shaders.dll, with 137 defines and 201 references

processors: Unity.Jobs.CodeGen.JobsILPostProcessor, zzzUnity.Burst.CodeGen.BurstILPostProcessor

running Unity.Jobs.CodeGen.JobsILPostProcessor

running zzzUnity.Burst.CodeGen.BurstILPostProcessor
[586/663    0s] CopyFiles Library/Bee/PlayerScriptAssemblies/Unity.InternalAPIEngineBridge.004.dll
[587/663    0s] CopyFiles Library/Bee/PlayerScriptAssemblies/Unity.InternalAPIEngineBridge.004.pdb
[588/663    0s] CopyFiles Library/Bee/PlayerScriptAssemblies/Unity.InputSystem.pdb
[589/663    0s] CopyFiles Library/Bee/PlayerScriptAssemblies/Unity.RenderPipelines.Core.Runtime.Shared.dll
[590/663    0s] CopyFiles Library/Bee/PlayerScriptAssemblies/Unity.RenderPipelines.Core.Runtime.Shared.pdb
[591/663    0s] CopyFiles Library/Bee/PlayerScriptAssemblies/Unity.RenderPipelines.Universal.Shaders.dll
[592/663    0s] CopyFiles Library/Bee/PlayerScriptAssemblies/Unity.RenderPipelines.Universal.Shaders.pdb
[593/663    0s] CopyFiles Library/Bee/PlayerScriptAssemblies/Unity.InputSystem.dll
[594/663    0s] Csc Library/Bee/artifacts/1300b0aP.dag/Unity.RenderPipelines.Universal.Runtime.dll (+2 others)
[           0s] Csc Library/Bee/artifacts/1300b0aP.dag/Unity.RenderPipelines.Universal.Runtime.dll (+2 others) [CacheWrite 00000000000000000000000000000005]
[595/663    0s] MovedFromExtractor Library/Bee/artifacts/mvdfrm/Unity.RenderPipelines.Universal.Runtime.ref.dll_3578C5488867C88F.mvfrm
[596/663    0s] MovedFromExtractor-Combine Library/Bee/artifacts/1300b0aP.dag/Unity.XR.ARFoundation.dll.mvfrm
[597/663    0s] MovedFromExtractor-Combine Library/Bee/artifacts/1300b0aP.dag/Unity.XR.ARCore.dll.mvfrm
[598/663    0s] MovedFromExtractor-Combine Library/Bee/artifacts/1300b0aP.dag/Unity.RenderPipelines.Universal.2D.Runtime.dll.mvfrm
[599/663    0s] ILPostProcess Library/Bee/artifacts/1300b0aP.dag/post-processed/Unity.RenderPipelines.Universal.Runtime.dll (+pdb)
Processing assembly Library/Bee/artifacts/1300b0aP.dag/Unity.RenderPipelines.Universal.Runtime.dll, with 144 defines and 209 references

processors: Unity.Jobs.CodeGen.JobsILPostProcessor, zzzUnity.Burst.CodeGen.BurstILPostProcessor

running Unity.Jobs.CodeGen.JobsILPostProcessor

running zzzUnity.Burst.CodeGen.BurstILPostProcessor
[600/663    0s] CopyFiles Library/Bee/PlayerScriptAssemblies/Unity.RenderPipelines.Universal.Runtime.pdb
[601/663    1s] ILPostProcess Library/Bee/artifacts/1300b0aP.dag/post-processed/Unity.RenderPipelines.Core.Runtime.dll (+pdb)
Processing assembly Library/Bee/artifacts/1300b0aP.dag/Unity.RenderPipelines.Core.Runtime.dll, with 140 defines and 205 references

processors: Unity.Jobs.CodeGen.JobsILPostProcessor, zzzUnity.Burst.CodeGen.BurstILPostProcessor

running Unity.Jobs.CodeGen.JobsILPostProcessor

running zzzUnity.Burst.CodeGen.BurstILPostProcessor
[602/663    0s] CopyFiles Library/Bee/PlayerScriptAssemblies/Unity.RenderPipelines.Universal.Runtime.dll
[603/663    0s] CopyFiles Library/Bee/PlayerScriptAssemblies/Unity.RenderPipelines.Core.Runtime.pdb
[604/663    0s] Csc Library/Bee/artifacts/1300b0aP.dag/Unity.XR.ARCore.dll (+2 others)
[           0s] Csc Library/Bee/artifacts/1300b0aP.dag/Unity.XR.ARCore.dll (+2 others) [CacheWrite 00000000000000000000000000000005]
[605/663    0s] Csc Library/Bee/artifacts/1300b0aP.dag/Unity.RenderPipelines.Universal.2D.Runtime.dll (+2 others)
[606/663    0s] CopyFiles Library/Bee/PlayerScriptAssemblies/Unity.RenderPipelines.Core.Runtime.dll
[           0s] Csc Library/Bee/artifacts/1300b0aP.dag/Unity.RenderPipelines.Universal.2D.Runtime.dll (+2 others) [CacheWrite 00000000000000000000000000000005]
[607/663    0s] Csc Library/Bee/artifacts/1300b0aP.dag/Unity.XR.ARFoundation.dll (+2 others)
[           0s] Csc Library/Bee/artifacts/1300b0aP.dag/Unity.XR.ARFoundation.dll (+2 others) [CacheWrite 00000000000000000000000000000005]
[608/663    0s] MovedFromExtractor Library/Bee/artifacts/mvdfrm/Unity.XR.ARCore.ref.dll_7307ABC8A6A74491.mvfrm
[609/663    1s] ILPostProcess Library/Bee/artifacts/1300b0aP.dag/post-processed/Unity.UnifiedRayTracing.Runtime.dll (+pdb)
Processing assembly Library/Bee/artifacts/1300b0aP.dag/Unity.UnifiedRayTracing.Runtime.dll, with 138 defines and 204 references

processors: Unity.Jobs.CodeGen.JobsILPostProcessor, zzzUnity.Burst.CodeGen.BurstILPostProcessor

running Unity.Jobs.CodeGen.JobsILPostProcessor

running zzzUnity.Burst.CodeGen.BurstILPostProcessor
[610/663    0s] CopyFiles Library/Bee/PlayerScriptAssemblies/Unity.UnifiedRayTracing.Runtime.pdb
[611/663    0s] ILPostProcess Library/Bee/artifacts/1300b0aP.dag/post-processed/Unity.XR.ARCore.dll (+pdb)
Processing assembly Library/Bee/artifacts/1300b0aP.dag/Unity.XR.ARCore.dll, with 140 defines and 207 references

processors: Unity.Jobs.CodeGen.JobsILPostProcessor, zzzUnity.Burst.CodeGen.BurstILPostProcessor

running Unity.Jobs.CodeGen.JobsILPostProcessor

running zzzUnity.Burst.CodeGen.BurstILPostProcessor
[612/663    0s] CopyFiles Library/Bee/PlayerScriptAssemblies/Unity.XR.ARCore.pdb
[613/663    0s] MovedFromExtractor Library/Bee/artifacts/mvdfrm/Unity.RenderPipelines.Universal.2D.Runtime.ref.dll_9BA32E87BA51DE5B.mvfrm
[614/663    0s] CopyFiles Library/Bee/PlayerScriptAssemblies/Unity.XR.ARCore.dll
[615/663    0s] MovedFromExtractor Library/Bee/artifacts/mvdfrm/Unity.XR.ARFoundation.ref.dll_AC282E0304638895.mvfrm
[616/663    0s] ILPostProcess Library/Bee/artifacts/1300b0aP.dag/post-processed/Unity.XR.ARFoundation.dll (+pdb)
Processing assembly Library/Bee/artifacts/1300b0aP.dag/Unity.XR.ARFoundation.dll, with 140 defines and 208 references

processors: Unity.Jobs.CodeGen.JobsILPostProcessor, zzzUnity.Burst.CodeGen.BurstILPostProcessor

running Unity.Jobs.CodeGen.JobsILPostProcessor

running zzzUnity.Burst.CodeGen.BurstILPostProcessor
[617/663    0s] CopyFiles Library/Bee/PlayerScriptAssemblies/Unity.XR.ARFoundation.pdb
[618/663    0s] CopyFiles Library/Bee/PlayerScriptAssemblies/Unity.UnifiedRayTracing.Runtime.dll
[619/663    0s] CopyFiles Library/Bee/PlayerScriptAssemblies/Unity.XR.ARFoundation.dll
[620/663    0s] MovedFromExtractor-Combine Library/Bee/artifacts/1300b0aP.dag/Unity.XR.ARFoundation.VisualScripting.dll.mvfrm
[621/663    0s] MovedFromExtractor-Combine Library/Bee/artifacts/1300b0aP.dag/Unity.XR.Interaction.Toolkit.dll.mvfrm
[622/663    1s] ILPostProcess Library/Bee/artifacts/1300b0aP.dag/post-processed/Unity.Collections.dll (+pdb)
Processing assembly Library/Bee/artifacts/1300b0aP.dag/Unity.Collections.dll, with 139 defines and 203 references

processors: Unity.Jobs.CodeGen.JobsILPostProcessor, zzzUnity.Burst.CodeGen.BurstILPostProcessor

running Unity.Jobs.CodeGen.JobsILPostProcessor

running zzzUnity.Burst.CodeGen.BurstILPostProcessor
[623/663    1s] ILPostProcess Library/Bee/artifacts/1300b0aP.dag/post-processed/Unity.Burst.dll (+pdb)
Processing assembly Library/Bee/artifacts/1300b0aP.dag/Unity.Burst.dll, with 137 defines and 200 references

processors: Unity.Jobs.CodeGen.JobsILPostProcessor, zzzUnity.Burst.CodeGen.BurstILPostProcessor

running Unity.Jobs.CodeGen.JobsILPostProcessor

running zzzUnity.Burst.CodeGen.BurstILPostProcessor
[624/663    0s] CopyFiles Library/Bee/PlayerScriptAssemblies/Unity.Collections.pdb
[625/663    0s] CopyFiles Library/Bee/PlayerScriptAssemblies/Unity.Burst.pdb
[626/663    0s] ILPostProcess Library/Bee/artifacts/1300b0aP.dag/post-processed/Unity.RenderPipelines.Universal.2D.Runtime.dll (+pdb)
Processing assembly Library/Bee/artifacts/1300b0aP.dag/Unity.RenderPipelines.Universal.2D.Runtime.dll, with 140 defines and 206 references

processors: Unity.Jobs.CodeGen.JobsILPostProcessor, zzzUnity.Burst.CodeGen.BurstILPostProcessor

running Unity.Jobs.CodeGen.JobsILPostProcessor

running zzzUnity.Burst.CodeGen.BurstILPostProcessor
[627/663    1s] ILPostProcess Library/Bee/artifacts/1300b0aP.dag/post-processed/Unity.RenderPipelines.GPUDriven.Runtime.dll (+pdb)
Processing assembly Library/Bee/artifacts/1300b0aP.dag/Unity.RenderPipelines.GPUDriven.Runtime.dll, with 137 defines and 205 references

processors: Unity.Jobs.CodeGen.JobsILPostProcessor, zzzUnity.Burst.CodeGen.BurstILPostProcessor

running Unity.Jobs.CodeGen.JobsILPostProcessor

running zzzUnity.Burst.CodeGen.BurstILPostProcessor
[628/663    0s] CopyFiles Library/Bee/PlayerScriptAssemblies/Unity.RenderPipelines.Universal.2D.Runtime.pdb
[629/663    0s] CopyFiles Library/Bee/PlayerScriptAssemblies/Unity.RenderPipelines.GPUDriven.Runtime.pdb
[630/663    0s] CopyFiles Library/Bee/PlayerScriptAssemblies/Unity.Collections.dll
[631/663    0s] CopyFiles Library/Bee/PlayerScriptAssemblies/Unity.Burst.dll
[632/663    0s] CopyFiles Library/Bee/PlayerScriptAssemblies/Unity.RenderPipelines.GPUDriven.Runtime.dll
[633/663    0s] CopyFiles Library/Bee/PlayerScriptAssemblies/Unity.RenderPipelines.Universal.2D.Runtime.dll
[634/663    0s] Csc Library/Bee/artifacts/1300b0aP.dag/Unity.XR.ARFoundation.VisualScripting.dll (+2 others)
[           0s] Csc Library/Bee/artifacts/1300b0aP.dag/Unity.XR.ARFoundation.VisualScripting.dll (+2 others) [CacheWrite 00000000000000000000000000000005]
[635/663    0s] ILPostProcess Library/Bee/artifacts/1300b0aP.dag/post-processed/Unity.XR.ARFoundation.VisualScripting.dll (+pdb)
Processing assembly Library/Bee/artifacts/1300b0aP.dag/Unity.XR.ARFoundation.VisualScripting.dll, with 137 defines and 204 references

processors: Unity.Jobs.CodeGen.JobsILPostProcessor, zzzUnity.Burst.CodeGen.BurstILPostProcessor

running Unity.Jobs.CodeGen.JobsILPostProcessor

running zzzUnity.Burst.CodeGen.BurstILPostProcessor
[636/663    0s] CopyFiles Library/Bee/PlayerScriptAssemblies/Unity.XR.ARFoundation.VisualScripting.dll
[637/663    0s] CopyFiles Library/Bee/PlayerScriptAssemblies/Unity.XR.ARFoundation.VisualScripting.pdb
[638/663    0s] MovedFromExtractor Library/Bee/artifacts/mvdfrm/Unity.XR.ARFoundation.VisualScripting.ref.dll_1EB806DC6595485E.mvfrm
[639/663    1s] Csc Library/Bee/artifacts/1300b0aP.dag/Unity.XR.Interaction.Toolkit.dll (+2 others)
[           0s] Csc Library/Bee/artifacts/1300b0aP.dag/Unity.XR.Interaction.Toolkit.dll (+2 others) [CacheWrite 00000000000000000000000000000005]
[640/663    0s] MovedFromExtractor Library/Bee/artifacts/mvdfrm/Unity.XR.Interaction.Toolkit.ref.dll_B6018A029E4CC2A7.mvfrm
[641/663    0s] MovedFromExtractor-Combine Library/Bee/artifacts/1300b0aP.dag/Unity.XR.Interaction.Toolkit.Samples.StarterAssets.dll.mvfrm
[642/663    0s] Csc Library/Bee/artifacts/1300b0aP.dag/Unity.XR.Interaction.Toolkit.Samples.StarterAssets.dll (+2 others)
[643/663    0s] ILPostProcess Library/Bee/artifacts/1300b0aP.dag/post-processed/Unity.XR.Interaction.Toolkit.dll (+pdb)
Processing assembly Library/Bee/artifacts/1300b0aP.dag/Unity.XR.Interaction.Toolkit.dll, with 152 defines and 212 references

processors: Unity.Jobs.CodeGen.JobsILPostProcessor, zzzUnity.Burst.CodeGen.BurstILPostProcessor

running Unity.Jobs.CodeGen.JobsILPostProcessor

running zzzUnity.Burst.CodeGen.BurstILPostProcessor
[644/663    0s] CopyFiles Library/Bee/PlayerScriptAssemblies/Unity.XR.Interaction.Toolkit.pdb
[645/663    0s] CopyFiles Library/Bee/PlayerScriptAssemblies/Unity.XR.Interaction.Toolkit.dll
[646/663    0s] MovedFromExtractor Library/Bee/artifacts/mvdfrm/Unity.XR.Interaction.Toolkit.Samples.StarterAssets.ref.dll_964F636EFA54D6B6.mvfrm
[647/663    0s] ILPostProcess Library/Bee/artifacts/1300b0aP.dag/post-processed/Unity.XR.Interaction.Toolkit.Samples.StarterAssets.dll (+pdb)
Processing assembly Library/Bee/artifacts/1300b0aP.dag/Unity.XR.Interaction.Toolkit.Samples.StarterAssets.dll, with 137 defines and 206 references

processors: Unity.Jobs.CodeGen.JobsILPostProcessor, zzzUnity.Burst.CodeGen.BurstILPostProcessor

running Unity.Jobs.CodeGen.JobsILPostProcessor

running zzzUnity.Burst.CodeGen.BurstILPostProcessor
[648/663    0s] CopyFiles Library/Bee/PlayerScriptAssemblies/Unity.XR.Interaction.Toolkit.Samples.StarterAssets.pdb
[649/663    0s] CopyFiles Library/Bee/PlayerScriptAssemblies/Unity.XR.Interaction.Toolkit.Samples.StarterAssets.dll
[650/663    0s] MovedFromExtractor-Combine Library/Bee/artifacts/1300b0aP.dag/Unity.XR.Interaction.Toolkit.Samples.ARStarterAssets.dll.mvfrm
[651/663    0s] Csc Library/Bee/artifacts/1300b0aP.dag/Unity.XR.Interaction.Toolkit.Samples.ARStarterAssets.dll (+2 others)
[652/663    0s] ILPostProcess Library/Bee/artifacts/1300b0aP.dag/post-processed/Unity.XR.Interaction.Toolkit.Samples.ARStarterAssets.dll (+pdb)
Processing assembly Library/Bee/artifacts/1300b0aP.dag/Unity.XR.Interaction.Toolkit.Samples.ARStarterAssets.dll, with 138 defines and 208 references

processors: Unity.Jobs.CodeGen.JobsILPostProcessor, zzzUnity.Burst.CodeGen.BurstILPostProcessor

running Unity.Jobs.CodeGen.JobsILPostProcessor

running zzzUnity.Burst.CodeGen.BurstILPostProcessor
[653/663    0s] CopyFiles Library/Bee/PlayerScriptAssemblies/Unity.XR.Interaction.Toolkit.Samples.ARStarterAssets.pdb
[654/663    0s] CopyFiles Library/Bee/PlayerScriptAssemblies/Unity.XR.Interaction.Toolkit.Samples.ARStarterAssets.dll
[655/663    0s] MovedFromExtractor Library/Bee/artifacts/mvdfrm/Unity.XR.Interaction.Toolkit.Samples.ARStarterAssets.ref.dll_AD7957537A397065.mvfrm
[656/663    0s] MovedFromExtractor-Combine Library/Bee/artifacts/1300b0aP.dag/Assembly-CSharp.dll.mvfrm
[657/663    0s] Csc Library/Bee/artifacts/1300b0aP.dag/Assembly-CSharp.dll (+2 others)
[658/663    0s] ILPostProcess Library/Bee/artifacts/1300b0aP.dag/post-processed/Assembly-CSharp.dll (+pdb)
Processing assembly Library/Bee/artifacts/1300b0aP.dag/Assembly-CSharp.dll, with 137 defines and 233 references

processors: Unity.Jobs.CodeGen.JobsILPostProcessor, zzzUnity.Burst.CodeGen.BurstILPostProcessor

running Unity.Jobs.CodeGen.JobsILPostProcessor

running zzzUnity.Burst.CodeGen.BurstILPostProcessor
[659/663    0s] CopyFiles Library/Bee/PlayerScriptAssemblies/Assembly-CSharp.pdb
[660/663    0s] CopyFiles Library/Bee/PlayerScriptAssemblies/Assembly-CSharp.dll
[662/663    0s] BuildPlayerDataGenerator Library/BuildPlayerData/Player/RuntimeInitializeOnLoads.json (+1 other)
*** Tundra build success (17.64 seconds), 513 items updated, 663 evaluated
Total cache size 114031660
Total cache size after purge 114031660, took 00:00:00.0911520
Opening scene 'Assets/Scenes/SimpleARPlacement.unity'
[Licensing::Client] Successfully resolved entitlement details
Unloading 1 Unused Serialized files (Serialized files now loaded: 0)
Loaded scene 'Assets/Scenes/SimpleARPlacement.unity'
	Deserialize:            6.267 ms
	Integration:            379.442 ms
	Integration of assets:  0.002 ms
	Thread Wait Time:       0.006 ms
	Total Operation Time:   385.717 ms
Unloading 243 unused Assets / (0.8 MB). Loaded Objects now: 6973.
Memory consumption went from 299.1 MB to 298.3 MB.
Total: 31.852600 ms (FindLiveObjects: 0.422800 ms CreateObjectMapping: 0.225400 ms MarkObjects: 20.186100 ms  DeleteObjects: 11.015800 ms)

Created GICache directory at C:/Users/user/AppData/LocalLow/Unity/Caches/GiCache. Took: 0.046s, timestamps: [147.857 - 147.902]


Mono dependencies included in the build
Dependency assembly - System.Data.Services.Client.dll
Dependency assembly - System.Web.Extensions.Design.dll
Dependency assembly - System.Text.Encoding.Extensions.dll
Dependency assembly - System.Design.dll
Dependency assembly - System.Drawing.Design.dll
Dependency assembly - System.Net.WebSockets.dll
Dependency assembly - System.Reflection.Emit.Lightweight.dll
Dependency assembly - System.Collections.dll
Dependency assembly - Unity.InternalAPIEngineBridge.004.dll
Dependency assembly - System.Xml.XmlSerializer.dll
Dependency assembly - System.Web.ApplicationServices.dll
Dependency assembly - System.ServiceModel.Web.dll
Dependency assembly - Unity.RenderPipelines.Core.ShaderLibrary.dll
Dependency assembly - System.ServiceModel.Http.dll
Dependency assembly - Unity.RenderPipeline.Universal.ShaderLibrary.dll
Dependency assembly - System.Console.dll
Dependency assembly - System.Runtime.CompilerServices.VisualC.dll
Dependency assembly - System.Net.Cache.dll
Dependency assembly - Unity.Tutorials.dll
Dependency assembly - System.Net.Security.dll
Dependency assembly - System.Runtime.InteropServices.dll
Dependency assembly - System.Runtime.Loader.dll
Dependency assembly - Unity.XR.Interaction.Toolkit.dll
Dependency assembly - Unity.RenderPipelines.GPUDriven.Runtime.dll
Dependency assembly - System.Runtime.Numerics.dll
Dependency assembly - System.Security.dll
Dependency assembly - System.Security.Cryptography.RandomNumberGenerator.dll
Dependency assembly - System.Net.Ping.dll
Dependency assembly - System.Security.Cryptography.DeriveBytes.dll
Dependency assembly - System.Security.Cryptography.Csp.dll
Dependency assembly - System.IO.FileSystem.Primitives.dll
Dependency assembly - System.Data.Entity.dll
Dependency assembly - System.Text.RegularExpressions.dll
Dependency assembly - System.Runtime.DurableInstancing.dll
Dependency assembly - System.Threading.Tasks.dll
Dependency assembly - System.Web.Services.dll
Dependency assembly - System.ServiceModel.Internals.dll
Dependency assembly - System.ObjectModel.dll
Dependency assembly - System.Diagnostics.TextWriterTraceListener.dll
Dependency assembly - System.Net.HttpListener.dll
Dependency assembly - System.Runtime.Serialization.Formatters.dll
Dependency assembly - System.Runtime.InteropServices.WindowsRuntime.dll
Dependency assembly - Assembly-CSharp.dll
Dependency assembly - System.Data.SqlClient.dll
Dependency assembly - I18N.Other.dll
Dependency assembly - System.Net.NameResolution.dll
Dependency assembly - System.Data.DataSetExtensions.dll
Dependency assembly - System.Net.ServicePoint.dll
Dependency assembly - System.Runtime.Serialization.Primitives.dll
Dependency assembly - System.Web.DynamicData.dll
Dependency assembly - System.Reflection.Context.dll
Dependency assembly - System.Json.dll
Dependency assembly - System.Numerics.dll
Dependency assembly - System.Linq.Parallel.dll
Dependency assembly - System.Diagnostics.Contracts.dll
Dependency assembly - System.Globalization.Extensions.dll
Dependency assembly - Mono.Data.Tds.dll
Dependency assembly - mscorlib.dll
Dependency assembly - System.ServiceProcess.ServiceController.dll
Dependency assembly - System.Transactions.dll
Dependency assembly - System.Numerics.Vectors.dll
Dependency assembly - System.Web.Extensions.dll
Dependency assembly - System.Runtime.Serialization.Formatters.Soap.dll
Dependency assembly - System.ComponentModel.Annotations.dll
Dependency assembly - System.ComponentModel.DataAnnotations.dll
Dependency assembly - System.Diagnostics.TraceEvent.dll
Dependency assembly - Accessibility.dll
Dependency assembly - System.Net.dll
Dependency assembly - System.Security.Cryptography.Encoding.dll
Dependency assembly - System.Diagnostics.Tracing.dll
Dependency assembly - System.Runtime.Serialization.dll
Dependency assembly - System.Security.Cryptography.Encryption.ECDsa.dll
Dependency assembly - System.IO.Compression.dll
Dependency assembly - Microsoft.CSharp.dll
Dependency assembly - System.Globalization.Calendars.dll
Dependency assembly - Unity.XR.Interaction.Toolkit.Samples.StarterAssets.dll
Dependency assembly - System.Threading.AccessControl.dll
Dependency assembly - Microsoft.Win32.Primitives.dll
Dependency assembly - System.Reflection.Primitives.dll
Dependency assembly - System.Resources.Writer.dll
Dependency assembly - System.IO.dll
Dependency assembly - System.Data.dll
Dependency assembly - System.Linq.Expressions.dll
Dependency assembly - System.Net.Primitives.dll
Dependency assembly - System.Linq.dll
Dependency assembly - System.ServiceModel.Routing.dll
Dependency assembly - System.Threading.Tasks.Parallel.dll
Dependency assembly - System.Runtime.Serialization.Json.dll
Dependency assembly - System.Net.Requests.dll
Dependency assembly - System.Threading.dll
Dependency assembly - System.Security.Cryptography.OpenSsl.dll
Dependency assembly - Unity.UnifiedRayTracing.Runtime.dll
Dependency assembly - System.Security.Cryptography.Primitives.dll
Dependency assembly - System.Data.Services.dll
Dependency assembly - System.Reflection.TypeExtensions.dll
Dependency assembly - I18N.CJK.dll
Dependency assembly - System.Net.Sockets.dll
Dependency assembly - System.DirectoryServices.Protocols.dll
Dependency assembly - System.Net.NetworkInformation.dll
Dependency assembly - Unity.RenderPipelines.Core.Runtime.Shared.dll
Dependency assembly - Unity.RenderPipelines.Universal.Runtime.dll
Dependency assembly - System.ServiceModel.Discovery.dll
Dependency assembly - System.Diagnostics.Process.dll
Dependency assembly - System.Net.Utilities.dll
Dependency assembly - Unity.RenderPipelines.Universal.Shaders.dll
Dependency assembly - System.Resources.Reader.dll
Dependency assembly - System.dll
Dependency assembly - Unity.RenderPipelines.ShaderGraph.ShaderGraphLibrary.dll
Dependency assembly - System.Security.Cryptography.Encryption.ECDiffieHellman.dll
Dependency assembly - System.ServiceProcess.dll
Dependency assembly - UnityEngine.XR.LegacyInputHelpers.dll
Dependency assembly - System.IO.FileSystem.AccessControl.dll
Dependency assembly - System.Security.Cryptography.Pkcs.dll
Dependency assembly - System.Xml.ReaderWriter.dll
Dependency assembly - System.Security.AccessControl.dll
Dependency assembly - Unity.Burst.Unsafe.dll
Dependency assembly - System.Security.Cryptography.Hashing.dll
Dependency assembly - System.Security.Cryptography.Hashing.Algorithms.dll
Dependency assembly - System.Windows.dll
Dependency assembly - System.Xml.Linq.dll
Dependency assembly - System.Linq.Queryable.dll
Dependency assembly - System.Net.Http.dll
Dependency assembly - System.Collections.Specialized.dll
Dependency assembly - System.Data.Linq.dll
Dependency assembly - System.Runtime.dll
Dependency assembly - System.Diagnostics.FileVersionInfo.dll
Dependency assembly - System.Security.SecureString.dll
Dependency assembly - Unity.XR.ARFoundation.InternalUtils.dll
Dependency assembly - System.Data.OracleClient.dll
Dependency assembly - System.Collections.Concurrent.dll
Dependency assembly - I18N.West.dll
Dependency assembly - System.Threading.Thread.dll
Dependency assembly - System.Resources.ReaderWriter.dll
Dependency assembly - System.ComponentModel.Composition.dll
Dependency assembly - System.Xml.XmlDocument.dll
Dependency assembly - System.Reflection.Emit.dll
Dependency assembly - System.ComponentModel.TypeConverter.dll
Dependency assembly - System.Security.Cryptography.X509Certificates.dll
Dependency assembly - Unity.XR.Interaction.Toolkit.Samples.ARStarterAssets.dll
Dependency assembly - System.Runtime.InteropServices.RuntimeInformation.dll
Dependency assembly - System.ServiceModel.Primitives.dll
Dependency assembly - System.Runtime.Handles.dll
Dependency assembly - System.DirectoryServices.dll
Dependency assembly - System.Configuration.dll
Dependency assembly - System.ComponentModel.dll
Dependency assembly - System.Security.Cryptography.Algorithms.dll
Dependency assembly - Unity.Multiplayer.Center.Common.dll
Dependency assembly - System.Security.Claims.dll
Dependency assembly - System.Dynamic.Runtime.dll
Dependency assembly - System.IO.FileSystem.dll
Dependency assembly - System.Security.Cryptography.Cng.dll
Dependency assembly - Microsoft.Win32.Registry.AccessControl.dll
Dependency assembly - System.IO.Pipes.dll
Dependency assembly - System.Xml.XDocument.dll
Dependency assembly - System.IdentityModel.Selectors.dll
Dependency assembly - System.Web.dll
Dependency assembly - System.Reflection.Extensions.dll
Dependency assembly - System.Reflection.DispatchProxy.dll
Dependency assembly - System.Threading.Tasks.Extensions.dll
Dependency assembly - System.Threading.Timer.dll
Dependency assembly - System.IO.Compression.FileSystem.dll
Dependency assembly - UnityEngine.UI.dll
Dependency assembly - System.ComponentModel.EventBasedAsync.dll
Dependency assembly - System.Threading.Overlapped.dll
Dependency assembly - System.EnterpriseServices.dll
Dependency assembly - Microsoft.Win32.Registry.dll
Dependency assembly - System.Diagnostics.Tools.dll
Dependency assembly - Unity.Collections.dll
Dependency assembly - System.Net.Http.WebRequest.dll
Dependency assembly - System.Web.RegularExpressions.dll
Dependency assembly - System.Security.Principal.Windows.dll
Dependency assembly - System.Buffers.dll
Dependency assembly - System.ComponentModel.Primitives.dll
Dependency assembly - Unity.RenderPipelines.Universal.Config.Runtime.dll
Dependency assembly - System.Reflection.dll
Dependency assembly - System.IdentityModel.dll
Dependency assembly - System.Drawing.dll
Dependency assembly - System.Security.Principal.dll
Dependency assembly - System.Xaml.dll
Dependency assembly - Unity.XR.ARFoundation.dll
Dependency assembly - System.Text.Encoding.CodePages.dll
Dependency assembly - Unity.TextMeshPro.dll
Dependency assembly - System.Data.Common.dll
Dependency assembly - System.ValueTuple.dll
Dependency assembly - System.IO.MemoryMappedFiles.dll
Dependency assembly - Unity.InputSystem.ForUI.dll
Dependency assembly - System.Globalization.dll
Dependency assembly - System.IO.Compression.ZipFile.dll
Dependency assembly - System.ServiceModel.NetTcp.dll
Dependency assembly - System.Text.Encoding.dll
Dependency assembly - System.Security.Cryptography.ProtectedData.dll
Dependency assembly - System.ServiceModel.Duplex.dll
Dependency assembly - System.Windows.Forms.dll
Dependency assembly - System.ServiceModel.Activation.dll
Dependency assembly - Unity.XR.ARCore.dll
Dependency assembly - Unity.XR.CoreUtils.dll
Dependency assembly - UnityEngine.SpatialTracking.dll
Dependency assembly - Unity.Burst.dll
Dependency assembly - System.Windows.Forms.DataVisualization.dll
Dependency assembly - Mono.Security.dll
Dependency assembly - Unity.XR.Management.dll
Dependency assembly - netstandard.dll
Dependency assembly - Unity.RenderPipelines.Universal.2D.Runtime.dll
Dependency assembly - System.Net.WebHeaderCollection.dll
Dependency assembly - System.Xml.XPath.dll
Dependency assembly - System.Resources.ResourceManager.dll
Dependency assembly - System.Runtime.Serialization.Xml.dll
Dependency assembly - System.Messaging.dll
Dependency assembly - System.Drawing.Primitives.dll
Dependency assembly - System.Collections.NonGeneric.dll
Dependency assembly - System.Net.AuthenticationManager.dll
Dependency assembly - System.AppContext.dll
Dependency assembly - System.Runtime.Extensions.dll
Dependency assembly - Unity.Collections.LowLevel.ILSupport.dll
Dependency assembly - System.Xml.XPath.XDocument.dll
Dependency assembly - System.Management.dll
Dependency assembly - Unity.XR.ARFoundation.VisualScripting.dll
Dependency assembly - System.Security.Cryptography.Encryption.dll
Dependency assembly - System.Runtime.Caching.dll
Dependency assembly - Unity.RenderPipelines.Core.Runtime.dll
Dependency assembly - Unity.Mathematics.dll
Dependency assembly - System.Diagnostics.Debug.dll
Dependency assembly - System.IO.UnmanagedMemoryStream.dll
Dependency assembly - System.Runtime.Remoting.dll
Dependency assembly - I18N.Rare.dll
Dependency assembly - Mono.Data.Sqlite.dll
Dependency assembly - System.IO.IsolatedStorage.dll
Dependency assembly - System.Xml.Serialization.dll
Dependency assembly - I18N.dll
Dependency assembly - Unity.XR.ARSubsystems.dll
Dependency assembly - System.Net.Mail.dll
Dependency assembly - System.ServiceModel.dll
Dependency assembly - System.Xml.XPath.XmlDocument.dll
Dependency assembly - System.IO.FileSystem.Watcher.dll
Dependency assembly - System.Memory.dll
Dependency assembly - System.Security.Cryptography.Encryption.Aes.dll
Dependency assembly - System.Diagnostics.StackTrace.dll
Dependency assembly - System.Net.WebSockets.Client.dll
Dependency assembly - System.Reflection.Emit.ILGeneration.dll
Dependency assembly - System.ServiceModel.Security.dll
Dependency assembly - I18N.MidEast.dll
Dependency assembly - System.Threading.ThreadPool.dll
Dependency assembly - Unity.InputSystem.dll
Dependency assembly - System.Xml.dll
Dependency assembly - System.IO.FileSystem.DriveInfo.dll
Dependency assembly - System.Diagnostics.TraceSource.dll
Dependency assembly - System.Xml.Xsl.Primitives.dll
Dependency assembly - System.Configuration.Install.dll
Dependency assembly - System.Security.Cryptography.RSA.dll
Dependency assembly - System.Core.dll

DisplayProgressbar: Fetching assembly references
Unloading 50 Unused Serialized files (Serialized files now loaded: 0)
Unloading 2334 unused Assets / (3.8 MB). Loaded Objects now: 6710.
Memory consumption went from 294.4 MB to 290.6 MB.
Total: 20.560800 ms (FindLiveObjects: 0.377400 ms CreateObjectMapping: 0.202200 ms MarkObjects: 17.644500 ms  DeleteObjects: 2.334800 ms)

Unloading 0 Unused Serialized files (Serialized files now loaded: 0)
Unloading 0 unused Assets / (0 B). Loaded Objects now: 6710.
Memory consumption went from 290.6 MB to 290.6 MB.
Total: 17.650600 ms (FindLiveObjects: 0.360100 ms CreateObjectMapping: 0.165900 ms MarkObjects: 17.108000 ms  DeleteObjects: 0.015900 ms)

Unloading 1 Unused Serialized files (Serialized files now loaded: 0)
Unloading 175 unused Assets / (149.8 MB). Loaded Objects now: 6710.
Memory consumption went from 436.7 MB to 286.8 MB.
Total: 63.755700 ms (FindLiveObjects: 0.499000 ms CreateObjectMapping: 0.370200 ms MarkObjects: 31.089700 ms  DeleteObjects: 31.795300 ms)

Compiling shader "TextMeshPro/Sprite"
  Pass "Default" (vp)
    Target graphics API: gles3
    Full variant space:         4
    After settings filtering:   4
    After built-in stripping:   4
    After scriptable stripping: 4
    Processed in 0.67 seconds
  Pass Default (vp, gles3) finished in 0.05 seconds. Local cache hits 0 (0.00s CPU time), remote cache hits 0 (0.00s CPU time), compiled 4 variants (0.18s CPU time), skipped 0 variants.
    Prepared data for serialisation in 0.00s
Serialized binary data for shader TextMeshPro/Sprite in 0.00s
    gles3 (total internal programs: 4, unique: 4)
Compiling shader "Hidden/Universal Render Pipeline/Sampling"
  Pass "BoxDownsample" (vp)
    Target graphics API: gles3
    Full variant space:         1
    After settings filtering:   1
    After built-in stripping:   1
    After scriptable stripping: 1
    Processed in 0.00 seconds
  Pass BoxDownsample (vp, gles3) finished in 0.07 seconds. Local cache hits 0 (0.00s CPU time), remote cache hits 0 (0.00s CPU time), compiled 1 variants (0.07s CPU time), skipped 0 variants.
    Prepared data for serialisation in 0.00s
Serialized binary data for shader Hidden/Universal Render Pipeline/Sampling in 0.00s
    gles3 (total internal programs: 1, unique: 1)
Compiling shader "Unlit/ARCoreBackground/AfterOpaques"
  Pass "ARCore Background Occlusion Handling" (vp)
    Target graphics API: gles3
    Full variant space:         4
    After settings filtering:   4
    After built-in stripping:   4
    After scriptable stripping: 4
    Processed in 0.00 seconds
  Pass "AR Camera Background (ARCore)" (vp)
    Target graphics API: gles3
    Full variant space:         4
    After settings filtering:   4
    After built-in stripping:   4
    After scriptable stripping: 4
    Processed in 0.00 seconds
  Pass "ARCore Background Occlusion Handling" (vp)
  Pass "AR Camera Background (ARCore)" (vp)
  Pass ARCore Background Occlusion Handling (vp, gles3) finished in 0.01 seconds. Local cache hits 0 (0.00s CPU time), remote cache hits 0 (0.00s CPU time), compiled 4 variants (0.04s CPU time), skipped 0 variants.
    Prepared data for serialisation in 0.00s
  Pass AR Camera Background (ARCore) (vp, gles3) finished in 0.01 seconds. Local cache hits 0 (0.00s CPU time), remote cache hits 0 (0.00s CPU time), compiled 4 variants (0.03s CPU time), skipped 0 variants.
    Prepared data for serialisation in 0.00s
    Prepared data for serialisation in 0.00s
    Prepared data for serialisation in 0.00s
Serialized binary data for shader Unlit/ARCoreBackground/AfterOpaques in 0.00s
    gles3 (total internal programs: 8, unique: 8)
Compiling shader "Hidden/Universal Render Pipeline/Stop NaN"
  Pass "Stop NaN" (vp)
    Target graphics API: gles3
    Full variant space:         1
    After settings filtering:   1
    After built-in stripping:   1
    After scriptable stripping: 1
    Processed in 0.00 seconds
  Pass Stop NaN (vp, gles3) finished in 0.07 seconds. Local cache hits 0 (0.00s CPU time), remote cache hits 0 (0.00s CPU time), compiled 1 variants (0.07s CPU time), skipped 0 variants.
    Prepared data for serialisation in 0.00s
Serialized binary data for shader Hidden/Universal Render Pipeline/Stop NaN in 0.00s
    gles3 (total internal programs: 1, unique: 1)
Compiling shader "Hidden/CoreSRP/CoreCopy"
  Pass "Copy" (vp)
    Target graphics API: gles3
    Full variant space:         2
    After settings filtering:   2
    After built-in stripping:   2
    After scriptable stripping: 2
    Processed in 0.00 seconds
  Pass "CopyMS" (vp)
    Target graphics API: gles3
    Full variant space:         2
    After settings filtering:   2
    After built-in stripping:   2
    After scriptable stripping: 2
    Processed in 0.00 seconds
  Pass Copy (vp, gles3) finished in 0.04 seconds. Local cache hits 0 (0.00s CPU time), remote cache hits 0 (0.00s CPU time), compiled 2 variants (0.06s CPU time), skipped 0 variants.
    Prepared data for serialisation in 0.00s
  Pass CopyMS (vp, gles3) finished in 0.04 seconds. Local cache hits 0 (0.00s CPU time), remote cache hits 0 (0.00s CPU time), compiled 2 variants (0.07s CPU time), skipped 0 variants.
    Prepared data for serialisation in 0.00s
Serialized binary data for shader Hidden/CoreSRP/CoreCopy in 0.00s
    gles3 (total internal programs: 4, unique: 4)
Compiling shader "Hidden/Universal Render Pipeline/CameraMotionBlur"
  Pass "Camera Motion Blur - Low Quality" (vp)
    Target graphics API: gles3
    Full variant space:         2
    After settings filtering:   1
    After built-in stripping:   1
    After scriptable stripping: 1
    Processed in 0.00 seconds
  Pass "Camera Motion Blur - Medium Quality" (vp)
    Target graphics API: gles3
    Full variant space:         2
    After settings filtering:   1
    After built-in stripping:   1
    After scriptable stripping: 1
    Processed in 0.00 seconds
  Pass "Camera Motion Blur - High Quality" (vp)
    Target graphics API: gles3
    Full variant space:         2
    After settings filtering:   1
    After built-in stripping:   1
    After scriptable stripping: 1
    Processed in 0.00 seconds
  Pass "Camera And Object Motion Blur - Low Quality" (vp)
    Target graphics API: gles3
    Full variant space:         2
    After settings filtering:   1
    After built-in stripping:   1
    After scriptable stripping: 1
    Processed in 0.00 seconds
  Pass "Camera And Object Motion Blur - Medium Quality" (vp)
    Target graphics API: gles3
    Full variant space:         2
    After settings filtering:   1
    After built-in stripping:   1
    After scriptable stripping: 1
    Processed in 0.00 seconds
  Pass "Camera And Object Motion Blur - High Quality" (vp)
    Target graphics API: gles3
    Full variant space:         2
    After settings filtering:   1
    After built-in stripping:   1
    After scriptable stripping: 1
    Processed in 0.00 seconds
  Pass Camera Motion Blur - Low Quality (vp, gles3) finished in 0.13 seconds. Local cache hits 0 (0.00s CPU time), remote cache hits 0 (0.00s CPU time), compiled 1 variants (0.13s CPU time), skipped 0 variants.
    Prepared data for serialisation in 0.00s
  Pass Camera Motion Blur - Medium Quality (vp, gles3) finished in 0.13 seconds. Local cache hits 0 (0.00s CPU time), remote cache hits 0 (0.00s CPU time), compiled 1 variants (0.12s CPU time), skipped 0 variants.
    Prepared data for serialisation in 0.00s
  Pass Camera Motion Blur - High Quality (vp, gles3) finished in 0.13 seconds. Local cache hits 0 (0.00s CPU time), remote cache hits 0 (0.00s CPU time), compiled 1 variants (0.13s CPU time), skipped 0 variants.
    Prepared data for serialisation in 0.00s
  Pass Camera And Object Motion Blur - Low Quality (vp, gles3) finished in 0.13 seconds. Local cache hits 0 (0.00s CPU time), remote cache hits 0 (0.00s CPU time), compiled 1 variants (0.09s CPU time), skipped 0 variants.
    Prepared data for serialisation in 0.00s
  Pass Camera And Object Motion Blur - Medium Quality (vp, gles3) finished in 0.13 seconds. Local cache hits 0 (0.00s CPU time), remote cache hits 0 (0.00s CPU time), compiled 1 variants (0.12s CPU time), skipped 0 variants.
    Prepared data for serialisation in 0.00s
  Pass Camera And Object Motion Blur - High Quality (vp, gles3) finished in 0.13 seconds. Local cache hits 0 (0.00s CPU time), remote cache hits 0 (0.00s CPU time), compiled 1 variants (0.12s CPU time), skipped 0 variants.
    Prepared data for serialisation in 0.00s
Serialized binary data for shader Hidden/Universal Render Pipeline/CameraMotionBlur in 0.00s
    gles3 (total internal programs: 6, unique: 6)
Compiling shader "Hidden/Universal Render Pipeline/ClusterDeferred"
  Pass "Deferred Clustered Lights (Lit)" (vp)
  Pass "Deferred Clustered Lights (SimpleLit)" (vp)
  Pass "Fog" (vp)
    Prepared data for serialisation in 0.00s
    Prepared data for serialisation in 0.00s
    Prepared data for serialisation in 0.00s
Serialized binary data for shader Hidden/Universal Render Pipeline/ClusterDeferred in 0.00s
    gles3 (total internal programs: 0, unique: 0)
Compiling shader "Hidden/TerrainEngine/Details/UniversalPipeline/BillboardWavingDoublePass"
  Pass "ForwardLit" (vp)
    Target graphics API: gles3
    Full variant space:         491.520
    After settings filtering:   512
    After built-in stripping:   4
    After scriptable stripping: 4
    Processed in 0.00 seconds
  Pass "GBuffer" (vp)
  Pass "DepthOnly" (vp)
    Target graphics API: gles3
    Full variant space:         2
    After settings filtering:   2
    After built-in stripping:   1
    After scriptable stripping: 1
    Processed in 0.00 seconds
  Pass "DepthNormals" (vp)
    Target graphics API: gles3
    Full variant space:         2
    After settings filtering:   2
    After built-in stripping:   1
    After scriptable stripping: 1
    Processed in 0.00 seconds
  Pass ForwardLit (vp, gles3) finished in 0.40 seconds. Local cache hits 0 (0.00s CPU time), remote cache hits 0 (0.00s CPU time), compiled 4 variants (1.54s CPU time), skipped 0 variants.
    Prepared data for serialisation in 0.00s
    Prepared data for serialisation in 0.00s
  Pass DepthOnly (vp, gles3) finished in 0.40 seconds. Local cache hits 0 (0.00s CPU time), remote cache hits 0 (0.00s CPU time), compiled 1 variants (0.32s CPU time), skipped 0 variants.
    Prepared data for serialisation in 0.00s
  Pass DepthNormals (vp, gles3) finished in 0.40 seconds. Local cache hits 0 (0.00s CPU time), remote cache hits 0 (0.00s CPU time), compiled 1 variants (0.12s CPU time), skipped 0 variants.
    Prepared data for serialisation in 0.00s
Serialized binary data for shader Hidden/TerrainEngine/Details/UniversalPipeline/BillboardWavingDoublePass in 0.00s
    gles3 (total internal programs: 6, unique: 6)
Compiling shader "Hidden/Universal Render Pipeline/BokehDepthOfField"
  Pass "Bokeh Depth Of Field CoC" (vp)
    Target graphics API: gles3
    Full variant space:         2
    After settings filtering:   1
    After built-in stripping:   1
    After scriptable stripping: 1
    Processed in 0.00 seconds
  Pass "Bokeh Depth Of Field Prefilter" (vp)
    Target graphics API: gles3
    Full variant space:         2
    After settings filtering:   1
    After built-in stripping:   1
    After scriptable stripping: 1
    Processed in 0.00 seconds
  Pass "Bokeh Depth Of Field Blur" (vp)
    Target graphics API: gles3
    Full variant space:         2
    After settings filtering:   1
    After built-in stripping:   1
    After scriptable stripping: 1
    Processed in 0.00 seconds
  Pass "Bokeh Depth Of Field Post Blur" (vp)
    Target graphics API: gles3
    Full variant space:         2
    After settings filtering:   1
    After built-in stripping:   1
    After scriptable stripping: 1
    Processed in 0.00 seconds
  Pass "Bokeh Depth Of Field Composite" (vp)
    Target graphics API: gles3
    Full variant space:         4
    After settings filtering:   1
    After built-in stripping:   1
    After scriptable stripping: 1
    Processed in 0.00 seconds
  Pass "Bokeh Depth Of Field CoC" (vp)
    Target graphics API: gles3
    Full variant space:         2
    After settings filtering:   1
    After built-in stripping:   1
    After scriptable stripping: 1
    Processed in 0.00 seconds
  Pass "Bokeh Depth Of Field Prefilter" (vp)
    Target graphics API: gles3
    Full variant space:         2
    After settings filtering:   1
    After built-in stripping:   1
    After scriptable stripping: 1
    Processed in 0.00 seconds
  Pass "Bokeh Depth Of Field Blur" (vp)
    Target graphics API: gles3
    Full variant space:         2
    After settings filtering:   1
    After built-in stripping:   1
    After scriptable stripping: 1
    Processed in 0.00 seconds
  Pass "Bokeh Depth Of Field Post Blur" (vp)
    Target graphics API: gles3
    Full variant space:         2
    After settings filtering:   1
    After built-in stripping:   1
    After scriptable stripping: 1
    Processed in 0.00 seconds
  Pass "Bokeh Depth Of Field Composite" (vp)
    Target graphics API: gles3
    Full variant space:         4
    After settings filtering:   1
    After built-in stripping:   1
    After scriptable stripping: 1
    Processed in 0.00 seconds
  Pass Bokeh Depth Of Field CoC (vp, gles3) finished in 0.13 seconds. Local cache hits 0 (0.00s CPU time), remote cache hits 0 (0.00s CPU time), compiled 1 variants (0.13s CPU time), skipped 0 variants.
    Prepared data for serialisation in 0.00s
  Pass Bokeh Depth Of Field Prefilter (vp, gles3) finished in 0.15 seconds. Local cache hits 0 (0.00s CPU time), remote cache hits 0 (0.00s CPU time), compiled 1 variants (0.15s CPU time), skipped 0 variants.
    Prepared data for serialisation in 0.00s
  Pass Bokeh Depth Of Field Blur (vp, gles3) finished in 0.18 seconds. Local cache hits 0 (0.00s CPU time), remote cache hits 0 (0.00s CPU time), compiled 1 variants (0.18s CPU time), skipped 0 variants.
    Prepared data for serialisation in 0.00s
  Pass Bokeh Depth Of Field Post Blur (vp, gles3) finished in 0.18 seconds. Local cache hits 0 (0.00s CPU time), remote cache hits 0 (0.00s CPU time), compiled 1 variants (0.15s CPU time), skipped 0 variants.
    Prepared data for serialisation in 0.00s
  Pass Bokeh Depth Of Field Composite (vp, gles3) finished in 0.18 seconds. Local cache hits 0 (0.00s CPU time), remote cache hits 0 (0.00s CPU time), compiled 1 variants (0.15s CPU time), skipped 0 variants.
    Prepared data for serialisation in 0.00s
  Pass Bokeh Depth Of Field CoC (vp, gles3) finished in 0.17 seconds. Local cache hits 0 (0.00s CPU time), remote cache hits 0 (0.00s CPU time), compiled 1 variants (0.15s CPU time), skipped 0 variants.
    Prepared data for serialisation in 0.00s
  Pass Bokeh Depth Of Field Prefilter (vp, gles3) finished in 0.17 seconds. Local cache hits 0 (0.00s CPU time), remote cache hits 0 (0.00s CPU time), compiled 1 variants (0.17s CPU time), skipped 0 variants.
    Prepared data for serialisation in 0.00s
  Pass Bokeh Depth Of Field Blur (vp, gles3) finished in 0.20 seconds. Local cache hits 0 (0.00s CPU time), remote cache hits 0 (0.00s CPU time), compiled 1 variants (0.20s CPU time), skipped 0 variants.
    Prepared data for serialisation in 0.00s
  Pass Bokeh Depth Of Field Post Blur (vp, gles3) finished in 0.20 seconds. Local cache hits 0 (0.00s CPU time), remote cache hits 0 (0.00s CPU time), compiled 1 variants (0.17s CPU time), skipped 0 variants.
    Prepared data for serialisation in 0.00s
  Pass Bokeh Depth Of Field Composite (vp, gles3) finished in 0.19 seconds. Local cache hits 0 (0.00s CPU time), remote cache hits 0 (0.00s CPU time), compiled 1 variants (0.17s CPU time), skipped 0 variants.
    Prepared data for serialisation in 0.00s
Serialized binary data for shader Hidden/Universal Render Pipeline/BokehDepthOfField in 0.00s
    gles3 (total internal programs: 10, unique: 10)
Compiling shader "Hidden/Core/FallbackError"
  Pass "" (vp)
    Target graphics API: gles3
    Full variant space:         3
    After settings filtering:   3
    After built-in stripping:   1
    After scriptable stripping: 1
    Processed in 0.00 seconds
  Pass  (vp, gles3) finished in 0.02 seconds. Local cache hits 0 (0.00s CPU time), remote cache hits 0 (0.00s CPU time), compiled 1 variants (0.02s CPU time), skipped 0 variants.
    Prepared data for serialisation in 0.00s
Serialized binary data for shader Hidden/Core/FallbackError in 0.00s
    gles3 (total internal programs: 1, unique: 1)
Compiling shader "Hidden/Universal Render Pipeline/XR/XROcclusionMesh"
  Pass "" (vp)
    Target graphics API: gles3
    Full variant space:         2
    After settings filtering:   2
    After built-in stripping:   2
    After scriptable stripping: 2
    Processed in 0.00 seconds
  Pass  (vp, gles3) finished in 0.04 seconds. Local cache hits 0 (0.00s CPU time), remote cache hits 0 (0.00s CPU time), compiled 2 variants (0.08s CPU time), skipped 0 variants.
    Prepared data for serialisation in 0.00s
Serialized binary data for shader Hidden/Universal Render Pipeline/XR/XROcclusionMesh in 0.00s
    gles3 (total internal programs: 2, unique: 2)
Compiling shader "Hidden/Universal Render Pipeline/Edge Adaptive Spatial Upsampling"
  Pass "EASU" (vp)
    Target graphics API: gles3
    Full variant space:         2
    After settings filtering:   1
    After built-in stripping:   1
    After scriptable stripping: 1
    Processed in 0.00 seconds
  Pass EASU (vp, gles3) finished in 0.19 seconds. Local cache hits 0 (0.00s CPU time), remote cache hits 0 (0.00s CPU time), compiled 1 variants (0.19s CPU time), skipped 0 variants.
    Prepared data for serialisation in 0.00s
Serialized binary data for shader Hidden/Universal Render Pipeline/Edge Adaptive Spatial Upsampling in 0.00s
    gles3 (total internal programs: 1, unique: 1)
Compiling shader "Hidden/Universal/HDRDebugView"
  Pass "" (vp)
    Target graphics API: gles3
    Full variant space:         4
    After settings filtering:   1
    After built-in stripping:   1
    After scriptable stripping: 1
    Processed in 0.00 seconds
  Pass "" (vp)
    Target graphics API: gles3
    Full variant space:         4
    After settings filtering:   1
    After built-in stripping:   1
    After scriptable stripping: 1
    Processed in 0.00 seconds
  Pass  (vp, gles3) finished in 0.11 seconds. Local cache hits 0 (0.00s CPU time), remote cache hits 0 (0.00s CPU time), compiled 1 variants (0.11s CPU time), skipped 0 variants.
    Prepared data for serialisation in 0.00s
  Pass  (vp, gles3) finished in 0.21 seconds. Local cache hits 0 (0.00s CPU time), remote cache hits 0 (0.00s CPU time), compiled 1 variants (0.21s CPU time), skipped 0 variants.
    Prepared data for serialisation in 0.00s
Serialized binary data for shader Hidden/Universal/HDRDebugView in 0.00s
    gles3 (total internal programs: 2, unique: 2)
Compiling shader "Hidden/Universal Render Pipeline/GaussianDepthOfField"
  Pass "Gaussian Depth Of Field CoC" (vp)
    Target graphics API: gles3
    Full variant space:         1
    After settings filtering:   1
    After built-in stripping:   1
    After scriptable stripping: 1
    Processed in 0.00 seconds
  Pass "Gaussian Depth Of Field Prefilter" (vp)
    Target graphics API: gles3
    Full variant space:         4
    After settings filtering:   2
    After built-in stripping:   2
    After scriptable stripping: 2
    Processed in 0.00 seconds
  Pass "Gaussian Depth Of Field Blur Horizontal" (vp)
    Target graphics API: gles3
    Full variant space:         2
    After settings filtering:   1
    After built-in stripping:   1
    After scriptable stripping: 1
    Processed in 0.00 seconds
  Pass "Gaussian Depth Of Field Blur Vertical" (vp)
    Target graphics API: gles3
    Full variant space:         2
    After settings filtering:   1
    After built-in stripping:   1
    After scriptable stripping: 1
    Processed in 0.00 seconds
  Pass "Gaussian Depth Of Field Composite" (vp)
    Target graphics API: gles3
    Full variant space:         4
    After settings filtering:   2
    After built-in stripping:   2
    After scriptable stripping: 2
    Processed in 0.00 seconds
  Pass Gaussian Depth Of Field CoC (vp, gles3) finished in 0.11 seconds. Local cache hits 0 (0.00s CPU time), remote cache hits 0 (0.00s CPU time), compiled 1 variants (0.11s CPU time), skipped 0 variants.
    Prepared data for serialisation in 0.00s
  Pass Gaussian Depth Of Field Prefilter (vp, gles3) finished in 0.12 seconds. Local cache hits 0 (0.00s CPU time), remote cache hits 0 (0.00s CPU time), compiled 2 variants (0.22s CPU time), skipped 0 variants.
    Prepared data for serialisation in 0.00s
  Pass Gaussian Depth Of Field Blur Horizontal (vp, gles3) finished in 0.12 seconds. Local cache hits 0 (0.00s CPU time), remote cache hits 0 (0.00s CPU time), compiled 1 variants (0.11s CPU time), skipped 0 variants.
    Prepared data for serialisation in 0.00s
  Pass Gaussian Depth Of Field Blur Vertical (vp, gles3) finished in 0.13 seconds. Local cache hits 0 (0.00s CPU time), remote cache hits 0 (0.00s CPU time), compiled 1 variants (0.13s CPU time), skipped 0 variants.
    Prepared data for serialisation in 0.00s
  Pass Gaussian Depth Of Field Composite (vp, gles3) finished in 0.13 seconds. Local cache hits 0 (0.00s CPU time), remote cache hits 0 (0.00s CPU time), compiled 2 variants (0.22s CPU time), skipped 0 variants.
    Prepared data for serialisation in 0.00s
Serialized binary data for shader Hidden/Universal Render Pipeline/GaussianDepthOfField in 0.00s
    gles3 (total internal programs: 7, unique: 7)
Compiling shader "Hidden/Universal Render Pipeline/Bloom"
  Pass "Bloom Prefilter" (vp)
    Target graphics API: gles3
    Full variant space:         4
    After settings filtering:   2
    After built-in stripping:   2
    After scriptable stripping: 2
    Processed in 0.00 seconds
  Pass "Bloom Blur Horizontal" (vp)
    Target graphics API: gles3
    Full variant space:         1
    After settings filtering:   1
    After built-in stripping:   1
    After scriptable stripping: 1
    Processed in 0.00 seconds
  Pass "Bloom Blur Vertical" (vp)
    Target graphics API: gles3
    Full variant space:         1
    After settings filtering:   1
    After built-in stripping:   1
    After scriptable stripping: 1
    Processed in 0.00 seconds
  Pass "Bloom Upsample" (vp)
    Target graphics API: gles3
    Full variant space:         2
    After settings filtering:   2
    After built-in stripping:   2
    After scriptable stripping: 2
    Processed in 0.00 seconds
  Pass "Bloom Kawase" (vp)
    Target graphics API: gles3
    Full variant space:         1
    After settings filtering:   1
    After built-in stripping:   1
    After scriptable stripping: 1
    Processed in 0.00 seconds
  Pass "Bloom Dual Downsample" (vp)
    Target graphics API: gles3
    Full variant space:         1
    After settings filtering:   1
    After built-in stripping:   1
    After scriptable stripping: 1
    Processed in 0.00 seconds
  Pass "Bloom Dual Upsample" (vp)
    Target graphics API: gles3
    Full variant space:         1
    After settings filtering:   1
    After built-in stripping:   1
    After scriptable stripping: 1
    Processed in 0.00 seconds
  Pass Bloom Prefilter (vp, gles3) finished in 0.19 seconds. Local cache hits 0 (0.00s CPU time), remote cache hits 0 (0.00s CPU time), compiled 2 variants (0.33s CPU time), skipped 0 variants.
    Prepared data for serialisation in 0.00s
  Pass Bloom Blur Horizontal (vp, gles3) finished in 0.18 seconds. Local cache hits 0 (0.00s CPU time), remote cache hits 0 (0.00s CPU time), compiled 1 variants (0.16s CPU time), skipped 0 variants.
    Prepared data for serialisation in 0.00s
  Pass Bloom Blur Vertical (vp, gles3) finished in 0.18 seconds. Local cache hits 0 (0.00s CPU time), remote cache hits 0 (0.00s CPU time), compiled 1 variants (0.15s CPU time), skipped 0 variants.
    Prepared data for serialisation in 0.00s
  Pass Bloom Upsample (vp, gles3) finished in 0.18 seconds. Local cache hits 0 (0.00s CPU time), remote cache hits 0 (0.00s CPU time), compiled 2 variants (0.31s CPU time), skipped 0 variants.
    Prepared data for serialisation in 0.00s
  Pass Bloom Kawase (vp, gles3) finished in 0.18 seconds. Local cache hits 0 (0.00s CPU time), remote cache hits 0 (0.00s CPU time), compiled 1 variants (0.15s CPU time), skipped 0 variants.
    Prepared data for serialisation in 0.00s
  Pass Bloom Dual Downsample (vp, gles3) finished in 0.18 seconds. Local cache hits 0 (0.00s CPU time), remote cache hits 0 (0.00s CPU time), compiled 1 variants (0.15s CPU time), skipped 0 variants.
    Prepared data for serialisation in 0.00s
  Pass Bloom Dual Upsample (vp, gles3) finished in 0.18 seconds. Local cache hits 0 (0.00s CPU time), remote cache hits 0 (0.00s CPU time), compiled 1 variants (0.15s CPU time), skipped 0 variants.
    Prepared data for serialisation in 0.00s
Serialized binary data for shader Hidden/Universal Render Pipeline/Bloom in 0.00s
    gles3 (total internal programs: 9, unique: 9)
Compiling shader "Hidden/Core/VrsVisualization"
  Pass "VrsVisualization" (vp)
    Prepared data for serialisation in 0.00s
Serialized binary data for shader Hidden/Core/VrsVisualization in 0.00s
    gles3 (total internal programs: 0, unique: 0)
Compiling shader "Hidden/Universal Render Pipeline/SubpixelMorphologicalAntialiasing"
  Pass "" (vp)
    Target graphics API: gles3
    Full variant space:         3
    After settings filtering:   3
    After built-in stripping:   3
    After scriptable stripping: 3
    Processed in 0.00 seconds
  Pass "" (vp)
    Target graphics API: gles3
    Full variant space:         3
    After settings filtering:   3
    After built-in stripping:   3
    After scriptable stripping: 3
    Processed in 0.00 seconds
  Pass "" (vp)
    Target graphics API: gles3
    Full variant space:         3
    After settings filtering:   3
    After built-in stripping:   3
    After scriptable stripping: 3
    Processed in 0.00 seconds
  Pass  (vp, gles3) finished in 0.19 seconds. Local cache hits 0 (0.00s CPU time), remote cache hits 0 (0.00s CPU time), compiled 3 variants (0.54s CPU time), skipped 0 variants.
    Prepared data for serialisation in 0.00s
  Pass  (vp, gles3) finished in 0.28 seconds. Local cache hits 0 (0.00s CPU time), remote cache hits 0 (0.00s CPU time), compiled 3 variants (0.71s CPU time), skipped 0 variants.
    Prepared data for serialisation in 0.00s
  Pass  (vp, gles3) finished in 0.28 seconds. Local cache hits 0 (0.00s CPU time), remote cache hits 0 (0.00s CPU time), compiled 3 variants (0.47s CPU time), skipped 0 variants.
    Prepared data for serialisation in 0.00s
Serialized binary data for shader Hidden/Universal Render Pipeline/SubpixelMorphologicalAntialiasing in 0.00s
    gles3 (total internal programs: 9, unique: 9)
Compiling shader "Hidden/Universal Render Pipeline/LutBuilderLdr"
  Pass "LutBuilderLdr" (vp)
    Target graphics API: gles3
    Full variant space:         1
    After settings filtering:   1
    After built-in stripping:   1
    After scriptable stripping: 1
    Processed in 0.00 seconds
  Pass LutBuilderLdr (vp, gles3) finished in 0.13 seconds. Local cache hits 0 (0.00s CPU time), remote cache hits 0 (0.00s CPU time), compiled 1 variants (0.13s CPU time), skipped 0 variants.
    Prepared data for serialisation in 0.00s
Serialized binary data for shader Hidden/Universal Render Pipeline/LutBuilderLdr in 0.00s
    gles3 (total internal programs: 1, unique: 1)
Compiling shader "Hidden/Universal Render Pipeline/LensFlareDataDriven"
  Pass "LensFlareAdditive" (vp)
    Target graphics API: gles3
    Full variant space:         8
    After settings filtering:   8
    After built-in stripping:   8
    After scriptable stripping: 8
    Processed in 0.00 seconds
  Pass "LensFlareScreen" (vp)
    Target graphics API: gles3
    Full variant space:         8
    After settings filtering:   8
    After built-in stripping:   8
    After scriptable stripping: 8
    Processed in 0.00 seconds
  Pass "LensFlarePremultiply" (vp)
    Target graphics API: gles3
    Full variant space:         8
    After settings filtering:   8
    After built-in stripping:   8
    After scriptable stripping: 8
    Processed in 0.00 seconds
  Pass "LensFlareLerp" (vp)
    Target graphics API: gles3
    Full variant space:         8
    After settings filtering:   8
    After built-in stripping:   8
    After scriptable stripping: 8
    Processed in 0.00 seconds
  Pass "LensFlareOcclusion" (vp)
    Target graphics API: gles3
    Full variant space:         1
    After settings filtering:   1
    After built-in stripping:   1
    After scriptable stripping: 1
    Processed in 0.00 seconds
  Pass LensFlareAdditive (vp, gles3) finished in 0.51 seconds. Local cache hits 0 (0.00s CPU time), remote cache hits 0 (0.00s CPU time), compiled 8 variants (3.76s CPU time), skipped 0 variants.
    Prepared data for serialisation in 0.00s
  Pass LensFlareScreen (vp, gles3) finished in 1.28 seconds. Local cache hits 0 (0.00s CPU time), remote cache hits 0 (0.00s CPU time), compiled 8 variants (3.56s CPU time), skipped 0 variants.
    Prepared data for serialisation in 0.00s
  Pass LensFlarePremultiply (vp, gles3) finished in 1.28 seconds. Local cache hits 0 (0.00s CPU time), remote cache hits 0 (0.00s CPU time), compiled 8 variants (3.92s CPU time), skipped 0 variants.
    Prepared data for serialisation in 0.00s
  Pass LensFlareLerp (vp, gles3) finished in 0.62 seconds. Local cache hits 0 (0.00s CPU time), remote cache hits 0 (0.00s CPU time), compiled 8 variants (3.13s CPU time), skipped 0 variants.
    Prepared data for serialisation in 0.00s
  Pass LensFlareOcclusion (vp, gles3) finished in 0.96 seconds. Local cache hits 0 (0.00s CPU time), remote cache hits 0 (0.00s CPU time), compiled 1 variants (0.33s CPU time), skipped 0 variants.
    Prepared data for serialisation in 0.00s
Serialized binary data for shader Hidden/Universal Render Pipeline/LensFlareDataDriven in 0.00s
    gles3 (total internal programs: 33, unique: 17)
Compiling shader "Hidden/Universal Render Pipeline/LensFlareScreenSpace"
  Pass "LensFlareScreenSpac Prefilter" (vp)
    Target graphics API: gles3
    Full variant space:         1
    After settings filtering:   1
    After built-in stripping:   1
    After scriptable stripping: 1
    Processed in 0.00 seconds
  Pass "LensFlareScreenSpace Downsample" (vp)
    Target graphics API: gles3
    Full variant space:         1
    After settings filtering:   1
    After built-in stripping:   1
    After scriptable stripping: 1
    Processed in 0.00 seconds
  Pass "LensFlareScreenSpace Upsample" (vp)
    Target graphics API: gles3
    Full variant space:         1
    After settings filtering:   1
    After built-in stripping:   1
    After scriptable stripping: 1
    Processed in 0.00 seconds
  Pass "LensFlareScreenSpace Composition" (vp)
    Target graphics API: gles3
    Full variant space:         1
    After settings filtering:   1
    After built-in stripping:   1
    After scriptable stripping: 1
    Processed in 0.00 seconds
  Pass "LensFlareScreenSpace Write to BloomTexture" (vp)
    Target graphics API: gles3
    Full variant space:         1
    After settings filtering:   1
    After built-in stripping:   1
    After scriptable stripping: 1
    Processed in 0.00 seconds
  Pass LensFlareScreenSpac Prefilter (vp, gles3) finished in 0.18 seconds. Local cache hits 0 (0.00s CPU time), remote cache hits 0 (0.00s CPU time), compiled 1 variants (0.18s CPU time), skipped 0 variants.
    Prepared data for serialisation in 0.00s
  Pass LensFlareScreenSpace Downsample (vp, gles3) finished in 0.18 seconds. Local cache hits 0 (0.00s CPU time), remote cache hits 0 (0.00s CPU time), compiled 1 variants (0.16s CPU time), skipped 0 variants.
    Prepared data for serialisation in 0.00s
  Pass LensFlareScreenSpace Upsample (vp, gles3) finished in 0.18 seconds. Local cache hits 0 (0.00s CPU time), remote cache hits 0 (0.00s CPU time), compiled 1 variants (0.18s CPU time), skipped 0 variants.
    Prepared data for serialisation in 0.00s
  Pass LensFlareScreenSpace Composition (vp, gles3) finished in 0.27 seconds. Local cache hits 0 (0.00s CPU time), remote cache hits 0 (0.00s CPU time), compiled 1 variants (0.27s CPU time), skipped 0 variants.
    Prepared data for serialisation in 0.00s
  Pass LensFlareScreenSpace Write to BloomTexture (vp, gles3) finished in 0.27 seconds. Local cache hits 0 (0.00s CPU time), remote cache hits 0 (0.00s CPU time), compiled 1 variants (0.14s CPU time), skipped 0 variants.
    Prepared data for serialisation in 0.00s
Serialized binary data for shader Hidden/Universal Render Pipeline/LensFlareScreenSpace in 0.00s
    gles3 (total internal programs: 5, unique: 5)
Compiling shader "Hidden/Universal Render Pipeline/StencilDitherMaskSeed"
  Pass "StencilDitherMaskSeed" (vp)
    Target graphics API: gles3
    Full variant space:         1
    After settings filtering:   1
    After built-in stripping:   1
    After scriptable stripping: 1
    Processed in 0.00 seconds
  Pass StencilDitherMaskSeed (vp, gles3) finished in 0.07 seconds. Local cache hits 0 (0.00s CPU time), remote cache hits 0 (0.00s CPU time), compiled 1 variants (0.07s CPU time), skipped 0 variants.
    Prepared data for serialisation in 0.00s
Serialized binary data for shader Hidden/Universal Render Pipeline/StencilDitherMaskSeed in 0.00s
    gles3 (total internal programs: 1, unique: 1)
Compiling shader "Hidden/Universal/CoreBlit"
  Pass "Nearest" (vp)
    Target graphics API: gles3
    Full variant space:         1
    After settings filtering:   1
    After built-in stripping:   1
    After scriptable stripping: 1
    Processed in 0.00 seconds
  Pass "Bilinear" (vp)
    Target graphics API: gles3
    Full variant space:         1
    After settings filtering:   1
    After built-in stripping:   1
    After scriptable stripping: 1
    Processed in 0.00 seconds
  Pass "NearestQuad" (vp)
    Target graphics API: gles3
    Full variant space:         1
    After settings filtering:   1
    After built-in stripping:   1
    After scriptable stripping: 1
    Processed in 0.00 seconds
  Pass "BilinearQuad" (vp)
    Target graphics API: gles3
    Full variant space:         1
    After settings filtering:   1
    After built-in stripping:   1
    After scriptable stripping: 1
    Processed in 0.00 seconds
  Pass "NearestQuadPadding" (vp)
    Target graphics API: gles3
    Full variant space:         1
    After settings filtering:   1
    After built-in stripping:   1
    After scriptable stripping: 1
    Processed in 0.00 seconds
  Pass "BilinearQuadPadding" (vp)
    Target graphics API: gles3
    Full variant space:         1
    After settings filtering:   1
    After built-in stripping:   1
    After scriptable stripping: 1
    Processed in 0.00 seconds
  Pass "NearestQuadPaddingRepeat" (vp)
    Target graphics API: gles3
    Full variant space:         1
    After settings filtering:   1
    After built-in stripping:   1
    After scriptable stripping: 1
    Processed in 0.00 seconds
  Pass "BilinearQuadPaddingRepeat" (vp)
    Target graphics API: gles3
    Full variant space:         1
    After settings filtering:   1
    After built-in stripping:   1
    After scriptable stripping: 1
    Processed in 0.00 seconds
  Pass "BilinearQuadPaddingOctahedral" (vp)
    Target graphics API: gles3
    Full variant space:         1
    After settings filtering:   1
    After built-in stripping:   1
    After scriptable stripping: 1
    Processed in 0.00 seconds
  Pass "NearestQuadPaddingAlphaBlend" (vp)
    Target graphics API: gles3
    Full variant space:         1
    After settings filtering:   1
    After built-in stripping:   1
    After scriptable stripping: 1
    Processed in 0.00 seconds
  Pass "BilinearQuadPaddingAlphaBlend" (vp)
    Target graphics API: gles3
    Full variant space:         1
    After settings filtering:   1
    After built-in stripping:   1
    After scriptable stripping: 1
    Processed in 0.00 seconds
  Pass "NearestQuadPaddingAlphaBlendRepeat" (vp)
    Target graphics API: gles3
    Full variant space:         1
    After settings filtering:   1
    After built-in stripping:   1
    After scriptable stripping: 1
    Processed in 0.00 seconds
  Pass "BilinearQuadPaddingAlphaBlendRepeat" (vp)
    Target graphics API: gles3
    Full variant space:         1
    After settings filtering:   1
    After built-in stripping:   1
    After scriptable stripping: 1
    Processed in 0.00 seconds
  Pass "BilinearQuadPaddingAlphaBlendOctahedral" (vp)
    Target graphics API: gles3
    Full variant space:         1
    After settings filtering:   1
    After built-in stripping:   1
    After scriptable stripping: 1
    Processed in 0.00 seconds
  Pass "CubeToOctahedral" (vp)
    Target graphics API: gles3
    Full variant space:         1
    After settings filtering:   1
    After built-in stripping:   1
    After scriptable stripping: 1
    Processed in 0.00 seconds
  Pass "CubeToOctahedralLuminance" (vp)
    Target graphics API: gles3
    Full variant space:         1
    After settings filtering:   1
    After built-in stripping:   1
    After scriptable stripping: 1
    Processed in 0.00 seconds
  Pass "CubeToOctahedralAlpha" (vp)
    Target graphics API: gles3
    Full variant space:         1
    After settings filtering:   1
    After built-in stripping:   1
    After scriptable stripping: 1
    Processed in 0.00 seconds
  Pass "CubeToOctahedralRed" (vp)
    Target graphics API: gles3
    Full variant space:         1
    After settings filtering:   1
    After built-in stripping:   1
    After scriptable stripping: 1
    Processed in 0.00 seconds
  Pass "BilinearQuadLuminance" (vp)
    Target graphics API: gles3
    Full variant space:         1
    After settings filtering:   1
    After built-in stripping:   1
    After scriptable stripping: 1
    Processed in 0.00 seconds
  Pass "BilinearQuadAlpha" (vp)
    Target graphics API: gles3
    Full variant space:         1
    After settings filtering:   1
    After built-in stripping:   1
    After scriptable stripping: 1
    Processed in 0.00 seconds
  Pass "BilinearQuadRed" (vp)
    Target graphics API: gles3
    Full variant space:         1
    After settings filtering:   1
    After built-in stripping:   1
    After scriptable stripping: 1
    Processed in 0.00 seconds
  Pass "NearestCubeToOctahedralPadding" (vp)
    Target graphics API: gles3
    Full variant space:         2
    After settings filtering:   2
    After built-in stripping:   2
    After scriptable stripping: 2
    Processed in 0.00 seconds
  Pass "BilinearCubeToOctahedralPadding" (vp)
    Target graphics API: gles3
    Full variant space:         2
    After settings filtering:   2
    After built-in stripping:   2
    After scriptable stripping: 2
    Processed in 0.00 seconds
  Pass "BilinearDebugDraw" (vp)
    Target graphics API: gles3
    Full variant space:         4
    After settings filtering:   2
    After built-in stripping:   2
    After scriptable stripping: 2
    Processed in 0.00 seconds
  Pass "NearestDebugDraw" (vp)
    Target graphics API: gles3
    Full variant space:         4
    After settings filtering:   2
    After built-in stripping:   2
    After scriptable stripping: 2
    Processed in 0.00 seconds
  Pass Nearest (vp, gles3) finished in 0.13 seconds. Local cache hits 0 (0.00s CPU time), remote cache hits 0 (0.00s CPU time), compiled 1 variants (0.13s CPU time), skipped 0 variants.
    Prepared data for serialisation in 0.00s
  Pass Bilinear (vp, gles3) finished in 0.13 seconds. Local cache hits 0 (0.00s CPU time), remote cache hits 0 (0.00s CPU time), compiled 1 variants (0.12s CPU time), skipped 0 variants.
    Prepared data for serialisation in 0.00s
  Pass NearestQuad (vp, gles3) finished in 0.14 seconds. Local cache hits 0 (0.00s CPU time), remote cache hits 0 (0.00s CPU time), compiled 1 variants (0.14s CPU time), skipped 0 variants.
    Prepared data for serialisation in 0.00s
  Pass BilinearQuad (vp, gles3) finished in 0.15 seconds. Local cache hits 0 (0.00s CPU time), remote cache hits 0 (0.00s CPU time), compiled 1 variants (0.14s CPU time), skipped 0 variants.
    Prepared data for serialisation in 0.00s
  Pass NearestQuadPadding (vp, gles3) finished in 0.14 seconds. Local cache hits 0 (0.00s CPU time), remote cache hits 0 (0.00s CPU time), compiled 1 variants (0.14s CPU time), skipped 0 variants.
    Prepared data for serialisation in 0.00s
  Pass BilinearQuadPadding (vp, gles3) finished in 0.14 seconds. Local cache hits 0 (0.00s CPU time), remote cache hits 0 (0.00s CPU time), compiled 1 variants (0.14s CPU time), skipped 0 variants.
    Prepared data for serialisation in 0.00s
  Pass NearestQuadPaddingRepeat (vp, gles3) finished in 0.17 seconds. Local cache hits 0 (0.00s CPU time), remote cache hits 0 (0.00s CPU time), compiled 1 variants (0.15s CPU time), skipped 0 variants.
    Prepared data for serialisation in 0.00s
  Pass BilinearQuadPaddingRepeat (vp, gles3) finished in 0.17 seconds. Local cache hits 0 (0.00s CPU time), remote cache hits 0 (0.00s CPU time), compiled 1 variants (0.15s CPU time), skipped 0 variants.
    Prepared data for serialisation in 0.00s
  Pass BilinearQuadPaddingOctahedral (vp, gles3) finished in 0.17 seconds. Local cache hits 0 (0.00s CPU time), remote cache hits 0 (0.00s CPU time), compiled 1 variants (0.15s CPU time), skipped 0 variants.
    Prepared data for serialisation in 0.00s
  Pass NearestQuadPaddingAlphaBlend (vp, gles3) finished in 0.17 seconds. Local cache hits 0 (0.00s CPU time), remote cache hits 0 (0.00s CPU time), compiled 1 variants (0.15s CPU time), skipped 0 variants.
    Prepared data for serialisation in 0.00s
  Pass BilinearQuadPaddingAlphaBlend (vp, gles3) finished in 0.16 seconds. Local cache hits 0 (0.00s CPU time), remote cache hits 0 (0.00s CPU time), compiled 1 variants (0.15s CPU time), skipped 0 variants.
    Prepared data for serialisation in 0.00s
  Pass NearestQuadPaddingAlphaBlendRepeat (vp, gles3) finished in 0.16 seconds. Local cache hits 0 (0.00s CPU time), remote cache hits 0 (0.00s CPU time), compiled 1 variants (0.16s CPU time), skipped 0 variants.
    Prepared data for serialisation in 0.00s
  Pass BilinearQuadPaddingAlphaBlendRepeat (vp, gles3) finished in 0.15 seconds. Local cache hits 0 (0.00s CPU time), remote cache hits 0 (0.00s CPU time), compiled 1 variants (0.13s CPU time), skipped 0 variants.
    Prepared data for serialisation in 0.00s
  Pass BilinearQuadPaddingAlphaBlendOctahedral (vp, gles3) finished in 0.16 seconds. Local cache hits 0 (0.00s CPU time), remote cache hits 0 (0.00s CPU time), compiled 1 variants (0.16s CPU time), skipped 0 variants.
    Prepared data for serialisation in 0.00s
  Pass CubeToOctahedral (vp, gles3) finished in 0.16 seconds. Local cache hits 0 (0.00s CPU time), remote cache hits 0 (0.00s CPU time), compiled 1 variants (0.14s CPU time), skipped 0 variants.
    Prepared data for serialisation in 0.00s
  Pass CubeToOctahedralLuminance (vp, gles3) finished in 0.16 seconds. Local cache hits 0 (0.00s CPU time), remote cache hits 0 (0.00s CPU time), compiled 1 variants (0.15s CPU time), skipped 0 variants.
    Prepared data for serialisation in 0.00s
  Pass CubeToOctahedralAlpha (vp, gles3) finished in 0.19 seconds. Local cache hits 0 (0.00s CPU time), remote cache hits 0 (0.00s CPU time), compiled 1 variants (0.18s CPU time), skipped 0 variants.
    Prepared data for serialisation in 0.00s
  Pass CubeToOctahedralRed (vp, gles3) finished in 0.17 seconds. Local cache hits 0 (0.00s CPU time), remote cache hits 0 (0.00s CPU time), compiled 1 variants (0.15s CPU time), skipped 0 variants.
    Prepared data for serialisation in 0.00s
  Pass BilinearQuadLuminance (vp, gles3) finished in 0.17 seconds. Local cache hits 0 (0.00s CPU time), remote cache hits 0 (0.00s CPU time), compiled 1 variants (0.15s CPU time), skipped 0 variants.
    Prepared data for serialisation in 0.00s
  Pass BilinearQuadAlpha (vp, gles3) finished in 0.16 seconds. Local cache hits 0 (0.00s CPU time), remote cache hits 0 (0.00s CPU time), compiled 1 variants (0.15s CPU time), skipped 0 variants.
    Prepared data for serialisation in 0.00s
  Pass BilinearQuadRed (vp, gles3) finished in 0.16 seconds. Local cache hits 0 (0.00s CPU time), remote cache hits 0 (0.00s CPU time), compiled 1 variants (0.15s CPU time), skipped 0 variants.
    Prepared data for serialisation in 0.00s
  Pass NearestCubeToOctahedralPadding (vp, gles3) finished in 0.15 seconds. Local cache hits 0 (0.00s CPU time), remote cache hits 0 (0.00s CPU time), compiled 2 variants (0.28s CPU time), skipped 0 variants.
    Prepared data for serialisation in 0.00s
  Pass BilinearCubeToOctahedralPadding (vp, gles3) finished in 0.26 seconds. Local cache hits 0 (0.00s CPU time), remote cache hits 0 (0.00s CPU time), compiled 2 variants (0.30s CPU time), skipped 0 variants.
    Prepared data for serialisation in 0.00s
  Pass BilinearDebugDraw (vp, gles3) finished in 0.14 seconds. Local cache hits 0 (0.00s CPU time), remote cache hits 0 (0.00s CPU time), compiled 2 variants (0.26s CPU time), skipped 0 variants.
    Prepared data for serialisation in 0.00s
  Pass NearestDebugDraw (vp, gles3) finished in 0.16 seconds. Local cache hits 0 (0.00s CPU time), remote cache hits 0 (0.00s CPU time), compiled 2 variants (0.26s CPU time), skipped 0 variants.
    Prepared data for serialisation in 0.00s
Serialized binary data for shader Hidden/Universal/CoreBlit in 0.00s
    gles3 (total internal programs: 29, unique: 15)
Compiling shader "Hidden/Universal Render Pipeline/TemporalAA"
  Pass "TemporalAA - Accumulate - Quality Very Low" (vp)
    Target graphics API: gles3
    Full variant space:         2
    After settings filtering:   1
    After built-in stripping:   1
    After scriptable stripping: 1
    Processed in 0.00 seconds
  Pass "TemporalAA - Accumulate - Quality Low" (vp)
    Target graphics API: gles3
    Full variant space:         2
    After settings filtering:   1
    After built-in stripping:   1
    After scriptable stripping: 1
    Processed in 0.00 seconds
  Pass "TemporalAA - Accumulate - Quality Medium" (vp)
    Target graphics API: gles3
    Full variant space:         2
    After settings filtering:   1
    After built-in stripping:   1
    After scriptable stripping: 1
    Processed in 0.00 seconds
  Pass "TemporalAA - Accumulate - Quality High" (vp)
    Target graphics API: gles3
    Full variant space:         2
    After settings filtering:   1
    After built-in stripping:   1
    After scriptable stripping: 1
    Processed in 0.00 seconds
  Pass "TemporalAA - Accumulate - Quality Very High" (vp)
    Target graphics API: gles3
    Full variant space:         4
    After settings filtering:   2
    After built-in stripping:   2
    After scriptable stripping: 2
    Processed in 0.00 seconds
  Pass "TemporalAA - Copy History" (vp)
    Target graphics API: gles3
    Full variant space:         2
    After settings filtering:   1
    After built-in stripping:   1
    After scriptable stripping: 1
    Processed in 0.00 seconds
  Pass TemporalAA - Accumulate - Quality Very Low (vp, gles3) finished in 0.13 seconds. Local cache hits 0 (0.00s CPU time), remote cache hits 0 (0.00s CPU time), compiled 1 variants (0.13s CPU time), skipped 0 variants.
    Prepared data for serialisation in 0.00s
  Pass TemporalAA - Accumulate - Quality Low (vp, gles3) finished in 0.15 seconds. Local cache hits 0 (0.00s CPU time), remote cache hits 0 (0.00s CPU time), compiled 1 variants (0.15s CPU time), skipped 0 variants.
    Prepared data for serialisation in 0.00s
  Pass TemporalAA - Accumulate - Quality Medium (vp, gles3) finished in 0.16 seconds. Local cache hits 0 (0.00s CPU time), remote cache hits 0 (0.00s CPU time), compiled 1 variants (0.16s CPU time), skipped 0 variants.
    Prepared data for serialisation in 0.00s
  Pass TemporalAA - Accumulate - Quality High (vp, gles3) finished in 0.19 seconds. Local cache hits 0 (0.00s CPU time), remote cache hits 0 (0.00s CPU time), compiled 1 variants (0.19s CPU time), skipped 0 variants.
    Prepared data for serialisation in 0.00s
  Pass TemporalAA - Accumulate - Quality Very High (vp, gles3) finished in 0.22 seconds. Local cache hits 0 (0.00s CPU time), remote cache hits 0 (0.00s CPU time), compiled 2 variants (0.40s CPU time), skipped 0 variants.
    Prepared data for serialisation in 0.00s
  Pass TemporalAA - Copy History (vp, gles3) finished in 0.21 seconds. Local cache hits 0 (0.00s CPU time), remote cache hits 0 (0.00s CPU time), compiled 1 variants (0.10s CPU time), skipped 0 variants.
    Prepared data for serialisation in 0.00s
Serialized binary data for shader Hidden/Universal Render Pipeline/TemporalAA in 0.00s
    gles3 (total internal programs: 7, unique: 7)
Compiling shader "Hidden/Universal Render Pipeline/PaniniProjection"
  Pass "Panini Projection" (vp)
    Target graphics API: gles3
    Full variant space:         2
    After settings filtering:   2
    After built-in stripping:   2
    After scriptable stripping: 2
    Processed in 0.00 seconds
  Pass Panini Projection (vp, gles3) finished in 0.08 seconds. Local cache hits 0 (0.00s CPU time), remote cache hits 0 (0.00s CPU time), compiled 2 variants (0.15s CPU time), skipped 0 variants.
    Prepared data for serialisation in 0.00s
Serialized binary data for shader Hidden/Universal Render Pipeline/PaniniProjection in 0.00s
    gles3 (total internal programs: 2, unique: 2)
Compiling shader "Hidden/Universal/BlitHDROverlay"
  Pass "BilinearDebugDraw" (vp)
    Target graphics API: gles3
    Full variant space:         8
    After settings filtering:   1
    After built-in stripping:   1
    After scriptable stripping: 0
    Processed in 0.00 seconds
  Pass "NearestDebugDraw" (vp)
    Target graphics API: gles3
    Full variant space:         8
    After settings filtering:   1
    After built-in stripping:   1
    After scriptable stripping: 0
    Processed in 0.00 seconds
Serialized binary data for shader Hidden/Universal/BlitHDROverlay in 0.00s
    gles3 (total internal programs: 0, unique: 0)
Compiling shader "Hidden/Universal Render Pipeline/FinalPost"
  Pass "FinalPost" (vp)
    Target graphics API: gles3
    Full variant space:         2.560
    After settings filtering:   64
    After built-in stripping:   64
    After scriptable stripping: 48
    Processed in 0.00 seconds
  Pass "FinalPostXR" (vp)
    Target graphics API: gles3
    Full variant space:         2.560
    After settings filtering:   64
    After built-in stripping:   64
    After scriptable stripping: 48
    Processed in 0.00 seconds
  Pass "FinalPost" (vp)
    Target graphics API: gles3
    Full variant space:         2.560
    After settings filtering:   64
    After built-in stripping:   64
    After scriptable stripping: 48
    Processed in 0.00 seconds
  Pass "FinalPostXR" (vp)
    Target graphics API: gles3
    Full variant space:         2.560
    After settings filtering:   64
    After built-in stripping:   64
    After scriptable stripping: 48
    Processed in 0.00 seconds
  Pass FinalPost (vp, gles3) finished in 1.63 seconds. Local cache hits 0 (0.00s CPU time), remote cache hits 0 (0.00s CPU time), compiled 48 variants (17.05s CPU time), skipped 0 variants.
    Prepared data for serialisation in 0.00s
  Pass FinalPostXR (vp, gles3) finished in 2.91 seconds. Local cache hits 0 (0.00s CPU time), remote cache hits 0 (0.00s CPU time), compiled 48 variants (18.06s CPU time), skipped 0 variants.
    Prepared data for serialisation in 0.00s
  Pass FinalPost (vp, gles3) finished in 2.94 seconds. Local cache hits 0 (0.00s CPU time), remote cache hits 0 (0.00s CPU time), compiled 48 variants (11.92s CPU time), skipped 0 variants.
    Prepared data for serialisation in 0.00s
  Pass FinalPostXR (vp, gles3) finished in 1.37 seconds. Local cache hits 0 (0.00s CPU time), remote cache hits 0 (0.00s CPU time), compiled 48 variants (12.08s CPU time), skipped 0 variants.
    Prepared data for serialisation in 0.00s
Serialized binary data for shader Hidden/Universal Render Pipeline/FinalPost in 0.00s
    gles3 (total internal programs: 192, unique: 192)
Compressed shader 'Hidden/Universal Render Pipeline/FinalPost' on gles3 from 2.10MB to 0.08MB
Compressed shader 'Hidden/Universal Render Pipeline/FinalPost' in 0.02s
Compiling shader "Hidden/Universal Render Pipeline/CameraMotionVectors"
  Pass "Camera Motion Vectors" (vp)
    Target graphics API: gles3
    Full variant space:         1
    After settings filtering:   1
    After built-in stripping:   1
    After scriptable stripping: 1
    Processed in 0.00 seconds
  Pass Camera Motion Vectors (vp, gles3) finished in 0.05 seconds. Local cache hits 0 (0.00s CPU time), remote cache hits 0 (0.00s CPU time), compiled 1 variants (0.05s CPU time), skipped 0 variants.
    Prepared data for serialisation in 0.00s
Serialized binary data for shader Hidden/Universal Render Pipeline/CameraMotionVectors in 0.00s
    gles3 (total internal programs: 1, unique: 1)
Compiling shader "Unlit/ARCoreBackground"
  Pass "AR Camera Background (ARCore)" (vp)
    Target graphics API: gles3
    Full variant space:         4
    After settings filtering:   4
    After built-in stripping:   4
    After scriptable stripping: 4
    Processed in 0.00 seconds
  Pass "AR Camera Background (ARCore)" (vp)
  Pass AR Camera Background (ARCore) (vp, gles3) finished in 0.00 seconds. Local cache hits 0 (0.00s CPU time), remote cache hits 0 (0.00s CPU time), compiled 4 variants (0.01s CPU time), skipped 0 variants.
    Prepared data for serialisation in 0.00s
    Prepared data for serialisation in 0.00s
Serialized binary data for shader Unlit/ARCoreBackground in 0.00s
    gles3 (total internal programs: 4, unique: 4)
Compiling shader "Hidden/Universal Render Pipeline/Debug/DebugReplacement"
  Pass "Vertex Attributes" (vp)
    Target graphics API: gles3
    Full variant space:         2
    After settings filtering:   2
    After built-in stripping:   1
    After scriptable stripping: 1
    Processed in 0.00 seconds
  Pass Vertex Attributes (vp, gles3) finished in 0.19 seconds. Local cache hits 0 (0.00s CPU time), remote cache hits 0 (0.00s CPU time), compiled 1 variants (0.19s CPU time), skipped 0 variants.
    Prepared data for serialisation in 0.00s
Serialized binary data for shader Hidden/Universal Render Pipeline/Debug/DebugReplacement in 0.00s
    gles3 (total internal programs: 1, unique: 1)
Compiling shader "Hidden/Universal/CoreBlitColorAndDepth"
  Pass "ColorOnly" (vp)
    Target graphics API: gles3
    Full variant space:         4
    After settings filtering:   4
    After built-in stripping:   4
    After scriptable stripping: 4
    Processed in 0.00 seconds
  Pass "ColorAndDepth" (vp)
    Target graphics API: gles3
    Full variant space:         4
    After settings filtering:   4
    After built-in stripping:   4
    After scriptable stripping: 4
    Processed in 0.00 seconds
  Pass "DepthOnly" (vp)
    Target graphics API: gles3
    Full variant space:         4
    After settings filtering:   4
    After built-in stripping:   4
    After scriptable stripping: 4
    Processed in 0.00 seconds
  Pass ColorOnly (vp, gles3) finished in 0.04 seconds. Local cache hits 0 (0.00s CPU time), remote cache hits 0 (0.00s CPU time), compiled 4 variants (0.15s CPU time), skipped 0 variants.
    Prepared data for serialisation in 0.00s
  Pass ColorAndDepth (vp, gles3) finished in 0.05 seconds. Local cache hits 0 (0.00s CPU time), remote cache hits 0 (0.00s CPU time), compiled 4 variants (0.17s CPU time), skipped 0 variants.
    Prepared data for serialisation in 0.00s
  Pass DepthOnly (vp, gles3) finished in 0.06 seconds. Local cache hits 0 (0.00s CPU time), remote cache hits 0 (0.00s CPU time), compiled 4 variants (0.14s CPU time), skipped 0 variants.
    Prepared data for serialisation in 0.00s
Serialized binary data for shader Hidden/Universal/CoreBlitColorAndDepth in 0.00s
    gles3 (total internal programs: 12, unique: 12)
Compiling shader "Hidden/Universal Render Pipeline/XR/XRMirrorView"
  Pass "" (vp)
    Target graphics API: gles3
    Full variant space:         4
    After settings filtering:   2
    After built-in stripping:   2
    After scriptable stripping: 2
    Processed in 0.00 seconds
  Pass  (vp, gles3) finished in 0.09 seconds. Local cache hits 0 (0.00s CPU time), remote cache hits 0 (0.00s CPU time), compiled 2 variants (0.17s CPU time), skipped 0 variants.
    Prepared data for serialisation in 0.00s
Serialized binary data for shader Hidden/Universal Render Pipeline/XR/XRMirrorView in 0.00s
    gles3 (total internal programs: 2, unique: 2)
Compiling shader "Hidden/Universal Render Pipeline/CopyDepth"
  Pass "CopyDepth" (vp)
    Target graphics API: gles3
    Full variant space:         8
    After settings filtering:   8
    After built-in stripping:   8
    After scriptable stripping: 8
    Processed in 0.00 seconds
  Pass CopyDepth (vp, gles3) finished in 0.12 seconds. Local cache hits 0 (0.00s CPU time), remote cache hits 0 (0.00s CPU time), compiled 8 variants (0.90s CPU time), skipped 0 variants.
    Prepared data for serialisation in 0.00s
Serialized binary data for shader Hidden/Universal Render Pipeline/CopyDepth in 0.00s
    gles3 (total internal programs: 8, unique: 8)
Compiling shader "Hidden/TerrainEngine/Details/UniversalPipeline/WavingDoublePass"
  Pass "ForwardLit" (vp)
    Target graphics API: gles3
    Full variant space:         35.389.440
    After settings filtering:   3.072
    After built-in stripping:   24
    After scriptable stripping: 8
    Processed in 0.00 seconds
  Pass "GBuffer" (vp)
  Pass "DepthOnly" (vp)
    Target graphics API: gles3
    Full variant space:         2
    After settings filtering:   2
    After built-in stripping:   1
    After scriptable stripping: 1
    Processed in 0.00 seconds
  Pass "DepthNormalsOnly" (vp)
    Target graphics API: gles3
    Full variant space:         8
    After settings filtering:   2
    After built-in stripping:   1
    After scriptable stripping: 1
    Processed in 0.00 seconds
  Pass ForwardLit (vp, gles3) finished in 0.58 seconds. Local cache hits 0 (0.00s CPU time), remote cache hits 0 (0.00s CPU time), compiled 8 variants (4.30s CPU time), skipped 0 variants.
    Prepared data for serialisation in 0.00s
    Prepared data for serialisation in 0.00s
  Pass DepthOnly (vp, gles3) finished in 0.58 seconds. Local cache hits 0 (0.00s CPU time), remote cache hits 0 (0.00s CPU time), compiled 1 variants (0.41s CPU time), skipped 0 variants.
    Prepared data for serialisation in 0.00s
  Pass DepthNormalsOnly (vp, gles3) finished in 0.58 seconds. Local cache hits 0 (0.00s CPU time), remote cache hits 0 (0.00s CPU time), compiled 1 variants (0.12s CPU time), skipped 0 variants.
    Prepared data for serialisation in 0.00s
Serialized binary data for shader Hidden/TerrainEngine/Details/UniversalPipeline/WavingDoublePass in 0.00s
    gles3 (total internal programs: 10, unique: 10)
Compiling shader "Hidden/Universal Render Pipeline/FallbackError"
  Pass "" (vp)
    Target graphics API: gles3
    Full variant space:         6
    After settings filtering:   6
    After built-in stripping:   1
    After scriptable stripping: 1
    Processed in 0.00 seconds
  Pass  (vp, gles3) finished in 0.03 seconds. Local cache hits 0 (0.00s CPU time), remote cache hits 0 (0.00s CPU time), compiled 1 variants (0.03s CPU time), skipped 0 variants.
    Prepared data for serialisation in 0.00s
Serialized binary data for shader Hidden/Universal Render Pipeline/FallbackError in 0.00s
    gles3 (total internal programs: 1, unique: 1)
Compiling shader "Hidden/Universal Render Pipeline/UberPost"
  Pass "UberPost" (vp)
    Target graphics API: gles3
    Full variant space:         46.080
    After settings filtering:   960
    After built-in stripping:   960
    After scriptable stripping: 288
    Processed in 0.00 seconds
  Pass "UberPostXR" (vp)
    Target graphics API: gles3
    Full variant space:         46.080
    After settings filtering:   960
    After built-in stripping:   960
    After scriptable stripping: 288
    Processed in 0.01 seconds
  Pass UberPost (vp, gles3) finished in 7.36 seconds. Local cache hits 0 (0.00s CPU time), remote cache hits 0 (0.00s CPU time), compiled 288 variants (86.01s CPU time), skipped 0 variants.
    Prepared data for serialisation in 0.01s
  Pass UberPostXR (vp, gles3) finished in 7.40 seconds. Local cache hits 0 (0.00s CPU time), remote cache hits 0 (0.00s CPU time), compiled 288 variants (85.92s CPU time), skipped 0 variants.
    Prepared data for serialisation in 0.01s
Serialized binary data for shader Hidden/Universal Render Pipeline/UberPost in 0.00s
    gles3 (total internal programs: 576, unique: 576)
Compressed shader 'Hidden/Universal Render Pipeline/UberPost' on gles3 from 8.27MB to 0.14MB
Compressed shader 'Hidden/Universal Render Pipeline/UberPost' in 0.04s
Compiling shader "Hidden/Universal Render Pipeline/Scaling Setup"
  Pass "ScalingSetup" (vp)
    Target graphics API: gles3
    Full variant space:         12
    After settings filtering:   6
    After built-in stripping:   6
    After scriptable stripping: 4
    Processed in 0.00 seconds
  Pass ScalingSetup (vp, gles3) finished in 0.16 seconds. Local cache hits 0 (0.00s CPU time), remote cache hits 0 (0.00s CPU time), compiled 4 variants (0.47s CPU time), skipped 0 variants.
    Prepared data for serialisation in 0.00s
Serialized binary data for shader Hidden/Universal Render Pipeline/Scaling Setup in 0.00s
    gles3 (total internal programs: 4, unique: 4)
Compiling shader "Hidden/Universal Render Pipeline/StencilDeferred"
  Pass "Stencil Volume" (vp)
  Pass "Deferred Punctual Light (Lit)" (vp)
  Pass "Deferred Punctual Light (SimpleLit)" (vp)
  Pass "Deferred Directional Light (Lit)" (vp)
  Pass "Deferred Directional Light (SimpleLit)" (vp)
  Pass "Fog" (vp)
  Pass "SSAOOnly" (vp)
    Prepared data for serialisation in 0.00s
    Prepared data for serialisation in 0.00s
    Prepared data for serialisation in 0.00s
    Prepared data for serialisation in 0.00s
    Prepared data for serialisation in 0.00s
    Prepared data for serialisation in 0.00s
    Prepared data for serialisation in 0.00s
Serialized binary data for shader Hidden/Universal Render Pipeline/StencilDeferred in 0.00s
    gles3 (total internal programs: 0, unique: 0)
Compiling shader "Hidden/Universal Render Pipeline/LutBuilderHdr"
  Pass "LutBuilderHdr" (vp)
    Target graphics API: gles3
    Full variant space:         6
    After settings filtering:   3
    After built-in stripping:   3
    After scriptable stripping: 3
    Processed in 0.00 seconds
  Pass LutBuilderHdr (vp, gles3) finished in 0.19 seconds. Local cache hits 0 (0.00s CPU time), remote cache hits 0 (0.00s CPU time), compiled 3 variants (0.50s CPU time), skipped 0 variants.
    Prepared data for serialisation in 0.00s
Serialized binary data for shader Hidden/Universal Render Pipeline/LutBuilderHdr in 0.00s
    gles3 (total internal programs: 3, unique: 3)
Compiling shader "Hidden/Universal Render Pipeline/DBufferClear"
  Pass "DBufferClear" (vp)
    Target graphics API: gles3
    Full variant space:         3
    After settings filtering:   1
    After built-in stripping:   1
    After scriptable stripping: 0
    Processed in 0.00 seconds
Serialized binary data for shader Hidden/Universal Render Pipeline/DBufferClear in 0.00s
    gles3 (total internal programs: 0, unique: 0)
Compiling shader "Hidden/TerrainEngine/Details/UniversalPipeline/Vertexlit"
  Pass "TerrainDetailVertex" (vp)
    Target graphics API: gles3
    Full variant space:         1.474.560
    After settings filtering:   512
    After built-in stripping:   8
    After scriptable stripping: 8
    Processed in 0.00 seconds
  Pass "TerrainDetailVertex - GBuffer" (vp)
    Target graphics API: gles3
    Full variant space:         15.360
    After settings filtering:   32
    After built-in stripping:   8
    After scriptable stripping: 8
    Processed in 0.00 seconds
  Pass "DepthOnly" (vp)
    Target graphics API: gles3
    Full variant space:         2
    After settings filtering:   2
    After built-in stripping:   1
    After scriptable stripping: 1
    Processed in 0.00 seconds
  Pass "DepthNormals" (vp)
    Target graphics API: gles3
    Full variant space:         2
    After settings filtering:   2
    After built-in stripping:   1
    After scriptable stripping: 1
    Processed in 0.00 seconds
  Pass TerrainDetailVertex (vp, gles3) finished in 0.49 seconds. Local cache hits 0 (0.00s CPU time), remote cache hits 0 (0.00s CPU time), compiled 8 variants (3.64s CPU time), skipped 0 variants.
    Prepared data for serialisation in 0.00s
  Pass TerrainDetailVertex - GBuffer (vp, gles3) finished in 0.79 seconds. Local cache hits 0 (0.00s CPU time), remote cache hits 0 (0.00s CPU time), compiled 8 variants (2.84s CPU time), skipped 0 variants.
    Prepared data for serialisation in 0.00s
  Pass DepthOnly (vp, gles3) finished in 0.41 seconds. Local cache hits 0 (0.00s CPU time), remote cache hits 0 (0.00s CPU time), compiled 1 variants (0.08s CPU time), skipped 0 variants.
    Prepared data for serialisation in 0.00s
  Pass DepthNormals (vp, gles3) finished in 0.32 seconds. Local cache hits 0 (0.00s CPU time), remote cache hits 0 (0.00s CPU time), compiled 1 variants (0.26s CPU time), skipped 0 variants.
    Prepared data for serialisation in 0.00s
Serialized binary data for shader Hidden/TerrainEngine/Details/UniversalPipeline/Vertexlit in 0.00s
    gles3 (total internal programs: 18, unique: 18)
Compiling shader "Hidden/Universal Render Pipeline/XR/XRMotionVector"
  Pass "XR Camera MotionVectors" (vp)
    Target graphics API: gles3
    Full variant space:         1
    After settings filtering:   1
    After built-in stripping:   1
    After scriptable stripping: 1
    Processed in 0.00 seconds
  Pass XR Camera MotionVectors (vp, gles3) finished in 0.04 seconds. Local cache hits 0 (0.00s CPU time), remote cache hits 0 (0.00s CPU time), compiled 1 variants (0.04s CPU time), skipped 0 variants.
    Prepared data for serialisation in 0.00s
Serialized binary data for shader Hidden/Universal Render Pipeline/XR/XRMotionVector in 0.00s
    gles3 (total internal programs: 1, unique: 1)
Compiling compute shader "ProbeVolumeSamplingDebugPositionNormal"
    starting stripping...
    finished in 0.00 seconds. 1 of 1 variants left
    1 variants, starting compilation...
    finished in 0.04 seconds. Local cache hits 0, remote cache hits 0, compiled 1 variants
Compute shader "VrsTexture" is empty
Compiling shader "Skybox/Procedural"
  Pass "" (vp)
    Target graphics API: gles3
    Full variant space:         3
    After settings filtering:   3
    After built-in stripping:   3
    After scriptable stripping: 3
    Processed in 0.00 seconds
  Pass  (vp, gles3) finished in 0.08 seconds. Local cache hits 0 (0.00s CPU time), remote cache hits 0 (0.00s CPU time), compiled 3 variants (0.23s CPU time), skipped 0 variants.
    Prepared data for serialisation in 0.00s
Serialized binary data for shader Skybox/Procedural in 0.00s
    gles3 (total internal programs: 3, unique: 3)
Compiling shader "Universal Render Pipeline/Unlit"
  Pass "Unlit" (vp)
    Target graphics API: gles3
    Full variant space:         2.048
    After settings filtering:   64
    After built-in stripping:   4
    After scriptable stripping: 4
    Processed in 0.00 seconds
  Pass "GBuffer" (vp)
  Pass "DepthOnly" (vp)
    Target graphics API: gles3
    Full variant space:         8
    After settings filtering:   8
    After built-in stripping:   2
    After scriptable stripping: 2
    Processed in 0.00 seconds
  Pass "DepthNormalsOnly" (vp)
    Target graphics API: gles3
    Full variant space:         32
    After settings filtering:   8
    After built-in stripping:   2
    After scriptable stripping: 2
    Processed in 0.00 seconds
  Pass "MotionVectors" (vp)
    Target graphics API: gles3
    Full variant space:         8
    After settings filtering:   8
    After built-in stripping:   2
    After scriptable stripping: 2
    Processed in 0.00 seconds
  Pass "XRMotionVectors" (vp)
    Target graphics API: gles3
    Full variant space:         8
    After settings filtering:   8
    After built-in stripping:   2
    After scriptable stripping: 2
    Processed in 0.00 seconds
  Pass Unlit (vp, gles3) finished in 0.26 seconds. Local cache hits 0 (0.00s CPU time), remote cache hits 0 (0.00s CPU time), compiled 4 variants (1.02s CPU time), skipped 0 variants.
    Prepared data for serialisation in 0.00s
    Prepared data for serialisation in 0.00s
  Pass DepthOnly (vp, gles3) finished in 0.26 seconds. Local cache hits 0 (0.00s CPU time), remote cache hits 0 (0.00s CPU time), compiled 2 variants (0.16s CPU time), skipped 0 variants.
    Prepared data for serialisation in 0.00s
  Pass DepthNormalsOnly (vp, gles3) finished in 0.26 seconds. Local cache hits 0 (0.00s CPU time), remote cache hits 0 (0.00s CPU time), compiled 2 variants (0.18s CPU time), skipped 0 variants.
    Prepared data for serialisation in 0.00s
  Pass MotionVectors (vp, gles3) finished in 0.26 seconds. Local cache hits 0 (0.00s CPU time), remote cache hits 0 (0.00s CPU time), compiled 2 variants (0.18s CPU time), skipped 0 variants.
    Prepared data for serialisation in 0.00s
  Pass XRMotionVectors (vp, gles3) finished in 0.26 seconds. Local cache hits 0 (0.00s CPU time), remote cache hits 0 (0.00s CPU time), compiled 2 variants (0.15s CPU time), skipped 0 variants.
    Prepared data for serialisation in 0.00s
Serialized binary data for shader Universal Render Pipeline/Unlit in 0.00s
    gles3 (total internal programs: 12, unique: 12)
Compiling shader "Universal Render Pipeline/Lit"
  Pass "ForwardLit" (vp)
    Target graphics API: gles3
    Full variant space:         36.238.786.560
    After settings filtering:   24.576
    After built-in stripping:   48
    After scriptable stripping: 16
    Processed in 0.00 seconds
  Pass "ShadowCaster" (vp)
    Target graphics API: gles3
    Full variant space:         16
    After settings filtering:   16
    After built-in stripping:   4
    After scriptable stripping: 2
    Processed in 0.00 seconds
  Pass "GBuffer" (vp)
  Pass "DepthOnly" (vp)
    Target graphics API: gles3
    Full variant space:         8
    After settings filtering:   8
    After built-in stripping:   2
    After scriptable stripping: 2
    Processed in 0.00 seconds
  Pass "DepthNormals" (vp)
    Target graphics API: gles3
    Full variant space:         16
    After settings filtering:   8
    After built-in stripping:   2
    After scriptable stripping: 2
    Processed in 0.00 seconds
  Pass "Universal2D" (vp)
    Target graphics API: gles3
    Full variant space:         2
    After settings filtering:   2
    After built-in stripping:   1
    After scriptable stripping: 0
    Processed in 0.00 seconds
  Pass "MotionVectors" (vp)
    Target graphics API: gles3
    Full variant space:         8
    After settings filtering:   8
    After built-in stripping:   2
    After scriptable stripping: 2
    Processed in 0.00 seconds
  Pass "XRMotionVectors" (vp)
    Target graphics API: gles3
    Full variant space:         8
    After settings filtering:   8
    After built-in stripping:   2
    After scriptable stripping: 2
    Processed in 0.00 seconds
  Pass ForwardLit (vp, gles3) finished in 0.99 seconds. Local cache hits 0 (0.00s CPU time), remote cache hits 0 (0.00s CPU time), compiled 16 variants (9.01s CPU time), skipped 0 variants.
    Prepared data for serialisation in 0.00s
  Pass ShadowCaster (vp, gles3) finished in 0.33 seconds. Local cache hits 0 (0.00s CPU time), remote cache hits 0 (0.00s CPU time), compiled 2 variants (0.29s CPU time), skipped 0 variants.
    Prepared data for serialisation in 0.00s
    Prepared data for serialisation in 0.00s
  Pass DepthOnly (vp, gles3) finished in 0.41 seconds. Local cache hits 0 (0.00s CPU time), remote cache hits 0 (0.00s CPU time), compiled 2 variants (0.23s CPU time), skipped 0 variants.
    Prepared data for serialisation in 0.00s
  Pass DepthNormals (vp, gles3) finished in 0.33 seconds. Local cache hits 0 (0.00s CPU time), remote cache hits 0 (0.00s CPU time), compiled 2 variants (0.61s CPU time), skipped 0 variants.
    Prepared data for serialisation in 0.00s
  Pass MotionVectors (vp, gles3) finished in 0.39 seconds. Local cache hits 0 (0.00s CPU time), remote cache hits 0 (0.00s CPU time), compiled 2 variants (0.22s CPU time), skipped 0 variants.
    Prepared data for serialisation in 0.00s
  Pass XRMotionVectors (vp, gles3) finished in 0.30 seconds. Local cache hits 0 (0.00s CPU time), remote cache hits 0 (0.00s CPU time), compiled 2 variants (0.20s CPU time), skipped 0 variants.
    Prepared data for serialisation in 0.00s
Serialized binary data for shader Universal Render Pipeline/Lit in 0.00s
    gles3 (total internal programs: 26, unique: 26)
Compiling shader "TextMeshPro/Mobile/Distance Field"
  Pass "" (vp)
    Target graphics API: gles3
    Full variant space:         12
    After settings filtering:   12
    After built-in stripping:   12
    After scriptable stripping: 12
    Processed in 0.00 seconds
  Pass  (vp, gles3) finished in 0.11 seconds. Local cache hits 0 (0.00s CPU time), remote cache hits 0 (0.00s CPU time), compiled 12 variants (1.15s CPU time), skipped 0 variants.
    Prepared data for serialisation in 0.00s
Serialized binary data for shader TextMeshPro/Mobile/Distance Field in 0.00s
    gles3 (total internal programs: 12, unique: 12)
Compiling shader "Legacy Shaders/VertexLit"
  Pass "" (vp)
    Target graphics API: gles3
    Full variant space:         12
    After settings filtering:   12
    After built-in stripping:   3
    After scriptable stripping: 3
    Processed in 0.00 seconds
  Pass "" (vp)
    Target graphics API: gles3
    Full variant space:         4
    After settings filtering:   4
    After built-in stripping:   1
    After scriptable stripping: 1
    Processed in 0.00 seconds
  Pass "ShadowCaster" (vp)
    Target graphics API: gles3
    Full variant space:         4
    After settings filtering:   4
    After built-in stripping:   2
    After scriptable stripping: 2
    Processed in 0.00 seconds
  Pass  (vp, gles3) finished in 0.12 seconds. Local cache hits 0 (0.00s CPU time), remote cache hits 0 (0.00s CPU time), compiled 3 variants (0.29s CPU time), skipped 0 variants.
    Prepared data for serialisation in 0.00s
  Pass  (vp, gles3) finished in 0.12 seconds. Local cache hits 0 (0.00s CPU time), remote cache hits 0 (0.00s CPU time), compiled 1 variants (0.03s CPU time), skipped 0 variants.
    Prepared data for serialisation in 0.00s
  Pass ShadowCaster (vp, gles3) finished in 0.12 seconds. Local cache hits 0 (0.00s CPU time), remote cache hits 0 (0.00s CPU time), compiled 2 variants (0.06s CPU time), skipped 0 variants.
    Prepared data for serialisation in 0.00s
Serialized binary data for shader Legacy Shaders/VertexLit in 0.00s
    gles3 (total internal programs: 6, unique: 6)
Compiling shader "Legacy Shaders/Diffuse"
  Pass "FORWARD" (vp)
    Target graphics API: gles3
    Full variant space:         664
    After settings filtering:   664
    After built-in stripping:   8
    After scriptable stripping: 8
    Processed in 0.00 seconds
  Pass "FORWARD" (vp)
    Target graphics API: gles3
    Full variant space:         20
    After settings filtering:   20
    After built-in stripping:   5
    After scriptable stripping: 5
    Processed in 0.00 seconds
  Pass "DEFERRED" (vp)
    Target graphics API: gles3
    Full variant space:         76
    After settings filtering:   76
    After built-in stripping:   4
    After scriptable stripping: 4
    Processed in 0.00 seconds
  Pass FORWARD (vp, gles3) finished in 0.10 seconds. Local cache hits 0 (0.00s CPU time), remote cache hits 0 (0.00s CPU time), compiled 8 variants (0.64s CPU time), skipped 0 variants.
    Prepared data for serialisation in 0.00s
  Pass FORWARD (vp, gles3) finished in 0.13 seconds. Local cache hits 0 (0.00s CPU time), remote cache hits 0 (0.00s CPU time), compiled 5 variants (0.33s CPU time), skipped 0 variants.
    Prepared data for serialisation in 0.00s
  Pass DEFERRED (vp, gles3) finished in 0.08 seconds. Local cache hits 0 (0.00s CPU time), remote cache hits 0 (0.00s CPU time), compiled 4 variants (0.25s CPU time), skipped 0 variants.
    Prepared data for serialisation in 0.00s
Serialized binary data for shader Legacy Shaders/Diffuse in 0.00s
    gles3 (total internal programs: 17, unique: 17)
Compiling shader "Hidden/Internal-StencilWrite"
  Pass "" (vp)
    Target graphics API: gles3
    Full variant space:         1
    After settings filtering:   1
    After built-in stripping:   1
    After scriptable stripping: 1
    Processed in 0.00 seconds
  Pass  (vp, gles3) finished in 0.02 seconds. Local cache hits 0 (0.00s CPU time), remote cache hits 0 (0.00s CPU time), compiled 1 variants (0.02s CPU time), skipped 0 variants.
    Prepared data for serialisation in 0.00s
Serialized binary data for shader Hidden/Internal-StencilWrite in 0.00s
    gles3 (total internal programs: 1, unique: 1)
Compiling shader "Hidden/Internal-DepthNormalsTexture"
  Pass "" (vp)
    Target graphics API: gles3
    Full variant space:         1
    After settings filtering:   1
    After built-in stripping:   1
    After scriptable stripping: 1
    Processed in 0.00 seconds
  Pass "" (vp)
    Target graphics API: gles3
    Full variant space:         1
    After settings filtering:   1
    After built-in stripping:   1
    After scriptable stripping: 1
    Processed in 0.00 seconds
  Pass "" (vp)
    Target graphics API: gles3
    Full variant space:         1
    After settings filtering:   1
    After built-in stripping:   1
    After scriptable stripping: 1
    Processed in 0.00 seconds
  Pass "" (vp)
    Target graphics API: gles3
    Full variant space:         1
    After settings filtering:   1
    After built-in stripping:   1
    After scriptable stripping: 1
    Processed in 0.00 seconds
  Pass "" (vp)
    Target graphics API: gles3
    Full variant space:         1
    After settings filtering:   1
    After built-in stripping:   1
    After scriptable stripping: 1
    Processed in 0.00 seconds
  Pass "" (vp)
    Target graphics API: gles3
    Full variant space:         1
    After settings filtering:   1
    After built-in stripping:   1
    After scriptable stripping: 1
    Processed in 0.00 seconds
  Pass "" (vp)
    Target graphics API: gles3
    Full variant space:         1
    After settings filtering:   1
    After built-in stripping:   1
    After scriptable stripping: 1
    Processed in 0.00 seconds
  Pass "" (vp)
    Target graphics API: gles3
    Full variant space:         1
    After settings filtering:   1
    After built-in stripping:   1
    After scriptable stripping: 1
    Processed in 0.00 seconds
  Pass "" (vp)
    Target graphics API: gles3
    Full variant space:         1
    After settings filtering:   1
    After built-in stripping:   1
    After scriptable stripping: 1
    Processed in 0.00 seconds
  Pass "" (vp)
    Target graphics API: gles3
    Full variant space:         1
    After settings filtering:   1
    After built-in stripping:   1
    After scriptable stripping: 1
    Processed in 0.00 seconds
  Pass  (vp, gles3) finished in 0.04 seconds. Local cache hits 0 (0.00s CPU time), remote cache hits 0 (0.00s CPU time), compiled 1 variants (0.04s CPU time), skipped 0 variants.
    Prepared data for serialisation in 0.00s
  Pass  (vp, gles3) finished in 0.05 seconds. Local cache hits 0 (0.00s CPU time), remote cache hits 0 (0.00s CPU time), compiled 1 variants (0.05s CPU time), skipped 0 variants.
    Prepared data for serialisation in 0.00s
  Pass  (vp, gles3) finished in 0.08 seconds. Local cache hits 0 (0.00s CPU time), remote cache hits 0 (0.00s CPU time), compiled 1 variants (0.08s CPU time), skipped 0 variants.
    Prepared data for serialisation in 0.00s
  Pass  (vp, gles3) finished in 0.10 seconds. Local cache hits 0 (0.00s CPU time), remote cache hits 0 (0.00s CPU time), compiled 1 variants (0.10s CPU time), skipped 0 variants.
    Prepared data for serialisation in 0.00s
  Pass  (vp, gles3) finished in 0.10 seconds. Local cache hits 0 (0.00s CPU time), remote cache hits 0 (0.00s CPU time), compiled 1 variants (0.05s CPU time), skipped 0 variants.
    Prepared data for serialisation in 0.00s
  Pass  (vp, gles3) finished in 0.10 seconds. Local cache hits 0 (0.00s CPU time), remote cache hits 0 (0.00s CPU time), compiled 1 variants (0.06s CPU time), skipped 0 variants.
    Prepared data for serialisation in 0.00s
  Pass  (vp, gles3) finished in 0.10 seconds. Local cache hits 0 (0.00s CPU time), remote cache hits 0 (0.00s CPU time), compiled 1 variants (0.06s CPU time), skipped 0 variants.
    Prepared data for serialisation in 0.00s
  Pass  (vp, gles3) finished in 0.10 seconds. Local cache hits 0 (0.00s CPU time), remote cache hits 0 (0.00s CPU time), compiled 1 variants (0.05s CPU time), skipped 0 variants.
    Prepared data for serialisation in 0.00s
  Pass  (vp, gles3) finished in 0.10 seconds. Local cache hits 0 (0.00s CPU time), remote cache hits 0 (0.00s CPU time), compiled 1 variants (0.07s CPU time), skipped 0 variants.
    Prepared data for serialisation in 0.00s
  Pass  (vp, gles3) finished in 0.10 seconds. Local cache hits 0 (0.00s CPU time), remote cache hits 0 (0.00s CPU time), compiled 1 variants (0.07s CPU time), skipped 0 variants.
    Prepared data for serialisation in 0.00s
Serialized binary data for shader Hidden/Internal-DepthNormalsTexture in 0.00s
    gles3 (total internal programs: 10, unique: 10)
Compiling shader "Hidden/Internal-ScreenSpaceShadows"
  Pass "" (vp)
    Target graphics API: gles3
    Full variant space:         4
    After settings filtering:   4
    After built-in stripping:   4
    After scriptable stripping: 4
    Processed in 0.00 seconds
  Pass "" (vp)
    Target graphics API: gles3
    Full variant space:         4
    After settings filtering:   4
    After built-in stripping:   4
    After scriptable stripping: 4
    Processed in 0.00 seconds
  Pass "" (vp)
    Target graphics API: gles3
    Full variant space:         4
    After settings filtering:   4
    After built-in stripping:   4
    After scriptable stripping: 4
    Processed in 0.00 seconds
  Pass "" (vp)
    Target graphics API: gles3
    Full variant space:         4
    After settings filtering:   4
    After built-in stripping:   4
    After scriptable stripping: 4
    Processed in 0.00 seconds
  Pass  (vp, gles3) finished in 0.10 seconds. Local cache hits 0 (0.00s CPU time), remote cache hits 0 (0.00s CPU time), compiled 4 variants (0.31s CPU time), skipped 0 variants.
    Prepared data for serialisation in 0.00s
  Pass  (vp, gles3) finished in 0.11 seconds. Local cache hits 0 (0.00s CPU time), remote cache hits 0 (0.00s CPU time), compiled 4 variants (0.33s CPU time), skipped 0 variants.
    Prepared data for serialisation in 0.00s
  Pass  (vp, gles3) finished in 0.17 seconds. Local cache hits 0 (0.00s CPU time), remote cache hits 0 (0.00s CPU time), compiled 4 variants (0.49s CPU time), skipped 0 variants.
    Prepared data for serialisation in 0.00s
  Pass  (vp, gles3) finished in 0.18 seconds. Local cache hits 0 (0.00s CPU time), remote cache hits 0 (0.00s CPU time), compiled 4 variants (0.43s CPU time), skipped 0 variants.
    Prepared data for serialisation in 0.00s
Serialized binary data for shader Hidden/Internal-ScreenSpaceShadows in 0.00s
    gles3 (total internal programs: 16, unique: 16)
Compiling shader "Hidden/Internal-CombineDepthNormals"
  Pass "" (vp)
    Target graphics API: gles3
    Full variant space:         1
    After settings filtering:   1
    After built-in stripping:   1
    After scriptable stripping: 1
    Processed in 0.00 seconds
  Pass  (vp, gles3) finished in 0.02 seconds. Local cache hits 0 (0.00s CPU time), remote cache hits 0 (0.00s CPU time), compiled 1 variants (0.02s CPU time), skipped 0 variants.
    Prepared data for serialisation in 0.00s
Serialized binary data for shader Hidden/Internal-CombineDepthNormals in 0.00s
    gles3 (total internal programs: 1, unique: 1)
Compiling shader "Hidden/BlitCopy"
  Pass "" (vp)
    Target graphics API: gles3
    Full variant space:         1
    After settings filtering:   1
    After built-in stripping:   1
    After scriptable stripping: 1
    Processed in 0.00 seconds
  Pass  (vp, gles3) finished in 0.02 seconds. Local cache hits 0 (0.00s CPU time), remote cache hits 0 (0.00s CPU time), compiled 1 variants (0.02s CPU time), skipped 0 variants.
    Prepared data for serialisation in 0.00s
Serialized binary data for shader Hidden/BlitCopy in 0.00s
    gles3 (total internal programs: 1, unique: 1)
Compiling shader "Hidden/BlitCopyDepth"
  Pass "" (vp)
    Target graphics API: gles3
    Full variant space:         1
    After settings filtering:   1
    After built-in stripping:   1
    After scriptable stripping: 1
    Processed in 0.00 seconds
  Pass  (vp, gles3) finished in 0.02 seconds. Local cache hits 0 (0.00s CPU time), remote cache hits 0 (0.00s CPU time), compiled 1 variants (0.02s CPU time), skipped 0 variants.
    Prepared data for serialisation in 0.00s
Serialized binary data for shader Hidden/BlitCopyDepth in 0.00s
    gles3 (total internal programs: 1, unique: 1)
Compiling shader "Hidden/ConvertTexture"
  Pass "" (vp)
    Target graphics API: gles3
    Full variant space:         1
    After settings filtering:   1
    After built-in stripping:   1
    After scriptable stripping: 1
    Processed in 0.00 seconds
  Pass  (vp, gles3) finished in 0.02 seconds. Local cache hits 0 (0.00s CPU time), remote cache hits 0 (0.00s CPU time), compiled 1 variants (0.02s CPU time), skipped 0 variants.
    Prepared data for serialisation in 0.00s
Serialized binary data for shader Hidden/ConvertTexture in 0.00s
    gles3 (total internal programs: 1, unique: 1)
Compiling shader "Hidden/Internal-DeferredShading"
  Pass "" (vp)
    Target graphics API: gles3
    Full variant space:         94
    After settings filtering:   94
    After built-in stripping:   26
    After scriptable stripping: 26
    Processed in 0.00 seconds
  Pass "" (vp)
    Target graphics API: gles3
    Full variant space:         1
    After settings filtering:   1
    After built-in stripping:   1
    After scriptable stripping: 1
    Processed in 0.00 seconds
  Pass  (vp, gles3) finished in 0.27 seconds. Local cache hits 0 (0.00s CPU time), remote cache hits 0 (0.00s CPU time), compiled 26 variants (2.74s CPU time), skipped 0 variants.
    Prepared data for serialisation in 0.00s
  Pass  (vp, gles3) finished in 0.09 seconds. Local cache hits 0 (0.00s CPU time), remote cache hits 0 (0.00s CPU time), compiled 1 variants (0.03s CPU time), skipped 0 variants.
    Prepared data for serialisation in 0.00s
Serialized binary data for shader Hidden/Internal-DeferredShading in 0.00s
    gles3 (total internal programs: 27, unique: 27)
Compiling shader "Hidden/Internal-DeferredReflections"
  Pass "" (vp)
    Target graphics API: gles3
    Full variant space:         1
    After settings filtering:   1
    After built-in stripping:   1
    After scriptable stripping: 1
    Processed in 0.00 seconds
  Pass "" (vp)
    Target graphics API: gles3
    Full variant space:         2
    After settings filtering:   2
    After built-in stripping:   2
    After scriptable stripping: 2
    Processed in 0.00 seconds
  Pass  (vp, gles3) finished in 0.05 seconds. Local cache hits 0 (0.00s CPU time), remote cache hits 0 (0.00s CPU time), compiled 1 variants (0.05s CPU time), skipped 0 variants.
    Prepared data for serialisation in 0.00s
  Pass  (vp, gles3) finished in 0.05 seconds. Local cache hits 0 (0.00s CPU time), remote cache hits 0 (0.00s CPU time), compiled 2 variants (0.04s CPU time), skipped 0 variants.
    Prepared data for serialisation in 0.00s
Serialized binary data for shader Hidden/Internal-DeferredReflections in 0.00s
    gles3 (total internal programs: 3, unique: 3)
Compiling shader "Hidden/Internal-MotionVectors"
  Pass "" (vp)
    Target graphics API: gles3
    Full variant space:         1
    After settings filtering:   1
    After built-in stripping:   1
    After scriptable stripping: 1
    Processed in 0.00 seconds
  Pass "" (vp)
    Target graphics API: gles3
    Full variant space:         1
    After settings filtering:   1
    After built-in stripping:   1
    After scriptable stripping: 1
    Processed in 0.00 seconds
  Pass "" (vp)
    Target graphics API: gles3
    Full variant space:         1
    After settings filtering:   1
    After built-in stripping:   1
    After scriptable stripping: 1
    Processed in 0.00 seconds
  Pass  (vp, gles3) finished in 0.03 seconds. Local cache hits 0 (0.00s CPU time), remote cache hits 0 (0.00s CPU time), compiled 1 variants (0.03s CPU time), skipped 0 variants.
    Prepared data for serialisation in 0.00s
  Pass  (vp, gles3) finished in 0.03 seconds. Local cache hits 0 (0.00s CPU time), remote cache hits 0 (0.00s CPU time), compiled 1 variants (0.03s CPU time), skipped 0 variants.
    Prepared data for serialisation in 0.00s
  Pass  (vp, gles3) finished in 0.03 seconds. Local cache hits 0 (0.00s CPU time), remote cache hits 0 (0.00s CPU time), compiled 1 variants (0.03s CPU time), skipped 0 variants.
    Prepared data for serialisation in 0.00s
Serialized binary data for shader Hidden/Internal-MotionVectors in 0.00s
    gles3 (total internal programs: 3, unique: 3)
Compiling shader "Hidden/Internal-Flare"
  Pass "" (vp)
    Target graphics API: gles3
    Full variant space:         1
    After settings filtering:   1
    After built-in stripping:   1
    After scriptable stripping: 1
    Processed in 0.00 seconds
  Pass  (vp, gles3) finished in 0.02 seconds. Local cache hits 0 (0.00s CPU time), remote cache hits 0 (0.00s CPU time), compiled 1 variants (0.02s CPU time), skipped 0 variants.
    Prepared data for serialisation in 0.00s
Serialized binary data for shader Hidden/Internal-Flare in 0.00s
    gles3 (total internal programs: 1, unique: 1)
Compiling shader "Hidden/Internal-Halo"
  Pass "" (vp)
    Target graphics API: gles3
    Full variant space:         4
    After settings filtering:   4
    After built-in stripping:   1
    After scriptable stripping: 1
    Processed in 0.00 seconds
  Pass  (vp, gles3) finished in 0.02 seconds. Local cache hits 0 (0.00s CPU time), remote cache hits 0 (0.00s CPU time), compiled 1 variants (0.02s CPU time), skipped 0 variants.
    Prepared data for serialisation in 0.00s
Serialized binary data for shader Hidden/Internal-Halo in 0.00s
    gles3 (total internal programs: 1, unique: 1)
Compiling shader "Hidden/BlitCopyWithDepth"
  Pass "" (vp)
    Target graphics API: gles3
    Full variant space:         1
    After settings filtering:   1
    After built-in stripping:   1
    After scriptable stripping: 1
    Processed in 0.00 seconds
  Pass  (vp, gles3) finished in 0.02 seconds. Local cache hits 0 (0.00s CPU time), remote cache hits 0 (0.00s CPU time), compiled 1 variants (0.02s CPU time), skipped 0 variants.
    Prepared data for serialisation in 0.00s
Serialized binary data for shader Hidden/BlitCopyWithDepth in 0.00s
    gles3 (total internal programs: 1, unique: 1)
Compiling shader "Hidden/BlitToDepth"
  Pass "" (vp)
    Target graphics API: gles3
    Full variant space:         1
    After settings filtering:   1
    After built-in stripping:   1
    After scriptable stripping: 1
    Processed in 0.00 seconds
  Pass  (vp, gles3) finished in 0.02 seconds. Local cache hits 0 (0.00s CPU time), remote cache hits 0 (0.00s CPU time), compiled 1 variants (0.02s CPU time), skipped 0 variants.
    Prepared data for serialisation in 0.00s
Serialized binary data for shader Hidden/BlitToDepth in 0.00s
    gles3 (total internal programs: 1, unique: 1)
Compiling shader "Hidden/BlitToDepth_MSAA"
  Pass "" (vp)
    Target graphics API: gles3
    Full variant space:         1
    After settings filtering:   1
    After built-in stripping:   1
    After scriptable stripping: 1
    Processed in 0.00 seconds
  Pass  (vp, gles3) finished in 0.02 seconds. Local cache hits 0 (0.00s CPU time), remote cache hits 0 (0.00s CPU time), compiled 1 variants (0.02s CPU time), skipped 0 variants.
    Prepared data for serialisation in 0.00s
Serialized binary data for shader Hidden/BlitToDepth_MSAA in 0.00s
    gles3 (total internal programs: 1, unique: 1)
Compiling shader "Hidden/BlitCopyHDRTonemap"
  Pass "" (vp)
    Target graphics API: gles3
    Full variant space:         1
    After settings filtering:   1
    After built-in stripping:   1
    After scriptable stripping: 1
    Processed in 0.00 seconds
  Pass  (vp, gles3) finished in 0.03 seconds. Local cache hits 0 (0.00s CPU time), remote cache hits 0 (0.00s CPU time), compiled 1 variants (0.03s CPU time), skipped 0 variants.
    Prepared data for serialisation in 0.00s
Serialized binary data for shader Hidden/BlitCopyHDRTonemap in 0.00s
    gles3 (total internal programs: 1, unique: 1)
Compiling shader "Hidden/Internal-DebugPattern"
  Pass "Target Color and DepthStencil" (vp)
    Target graphics API: gles3
    Full variant space:         1
    After settings filtering:   1
    After built-in stripping:   1
    After scriptable stripping: 1
    Processed in 0.00 seconds
  Pass "Target only Color" (vp)
    Target graphics API: gles3
    Full variant space:         1
    After settings filtering:   1
    After built-in stripping:   1
    After scriptable stripping: 1
    Processed in 0.00 seconds
  Pass "Target only DepthStencil" (vp)
    Target graphics API: gles3
    Full variant space:         1
    After settings filtering:   1
    After built-in stripping:   1
    After scriptable stripping: 1
    Processed in 0.00 seconds
  Pass Target Color and DepthStencil (vp, gles3) finished in 0.02 seconds. Local cache hits 0 (0.00s CPU time), remote cache hits 0 (0.00s CPU time), compiled 1 variants (0.02s CPU time), skipped 0 variants.
    Prepared data for serialisation in 0.00s
  Pass Target only Color (vp, gles3) finished in 0.02 seconds. Local cache hits 0 (0.00s CPU time), remote cache hits 0 (0.00s CPU time), compiled 1 variants (0.02s CPU time), skipped 0 variants.
    Prepared data for serialisation in 0.00s
  Pass Target only DepthStencil (vp, gles3) finished in 0.02 seconds. Local cache hits 0 (0.00s CPU time), remote cache hits 0 (0.00s CPU time), compiled 1 variants (0.02s CPU time), skipped 0 variants.
    Prepared data for serialisation in 0.00s
Serialized binary data for shader Hidden/Internal-DebugPattern in 0.00s
    gles3 (total internal programs: 3, unique: 3)
Compiling shader "Hidden/Internal-GUITextureClip"
  Pass "" (vp)
    Target graphics API: gles3
    Full variant space:         1
    After settings filtering:   1
    After built-in stripping:   1
    After scriptable stripping: 1
    Processed in 0.00 seconds
  Pass "" (vp)
    Target graphics API: gles3
    Full variant space:         1
    After settings filtering:   1
    After built-in stripping:   1
    After scriptable stripping: 1
    Processed in 0.00 seconds
  Pass  (vp, gles3) finished in 0.03 seconds. Local cache hits 0 (0.00s CPU time), remote cache hits 0 (0.00s CPU time), compiled 1 variants (0.03s CPU time), skipped 0 variants.
    Prepared data for serialisation in 0.00s
  Pass  (vp, gles3) finished in 0.03 seconds. Local cache hits 0 (0.00s CPU time), remote cache hits 0 (0.00s CPU time), compiled 1 variants (0.03s CPU time), skipped 0 variants.
    Prepared data for serialisation in 0.00s
Serialized binary data for shader Hidden/Internal-GUITextureClip in 0.00s
    gles3 (total internal programs: 2, unique: 1)
Compiling shader "Hidden/Internal-GUITextureClipText"
  Pass "" (vp)
    Target graphics API: gles3
    Full variant space:         1
    After settings filtering:   1
    After built-in stripping:   1
    After scriptable stripping: 1
    Processed in 0.00 seconds
  Pass "" (vp)
    Target graphics API: gles3
    Full variant space:         1
    After settings filtering:   1
    After built-in stripping:   1
    After scriptable stripping: 1
    Processed in 0.00 seconds
  Pass  (vp, gles3) finished in 0.02 seconds. Local cache hits 0 (0.00s CPU time), remote cache hits 0 (0.00s CPU time), compiled 1 variants (0.02s CPU time), skipped 0 variants.
    Prepared data for serialisation in 0.00s
  Pass  (vp, gles3) finished in 0.03 seconds. Local cache hits 0 (0.00s CPU time), remote cache hits 0 (0.00s CPU time), compiled 1 variants (0.03s CPU time), skipped 0 variants.
    Prepared data for serialisation in 0.00s
Serialized binary data for shader Hidden/Internal-GUITextureClipText in 0.00s
    gles3 (total internal programs: 2, unique: 1)
Compiling shader "Hidden/Internal-GUITexture"
  Pass "" (vp)
    Target graphics API: gles3
    Full variant space:         1
    After settings filtering:   1
    After built-in stripping:   1
    After scriptable stripping: 1
    Processed in 0.00 seconds
  Pass "" (vp)
    Target graphics API: gles3
    Full variant space:         1
    After settings filtering:   1
    After built-in stripping:   1
    After scriptable stripping: 1
    Processed in 0.00 seconds
  Pass  (vp, gles3) finished in 0.03 seconds. Local cache hits 0 (0.00s CPU time), remote cache hits 0 (0.00s CPU time), compiled 1 variants (0.03s CPU time), skipped 0 variants.
    Prepared data for serialisation in 0.00s
  Pass  (vp, gles3) finished in 0.03 seconds. Local cache hits 0 (0.00s CPU time), remote cache hits 0 (0.00s CPU time), compiled 1 variants (0.03s CPU time), skipped 0 variants.
    Prepared data for serialisation in 0.00s
Serialized binary data for shader Hidden/Internal-GUITexture in 0.00s
    gles3 (total internal programs: 2, unique: 1)
Compiling shader "Hidden/Internal-GUITextureBlit"
  Pass "" (vp)
    Target graphics API: gles3
    Full variant space:         1
    After settings filtering:   1
    After built-in stripping:   1
    After scriptable stripping: 1
    Processed in 0.00 seconds
  Pass "" (vp)
    Target graphics API: gles3
    Full variant space:         1
    After settings filtering:   1
    After built-in stripping:   1
    After scriptable stripping: 1
    Processed in 0.00 seconds
  Pass  (vp, gles3) finished in 0.03 seconds. Local cache hits 0 (0.00s CPU time), remote cache hits 0 (0.00s CPU time), compiled 1 variants (0.03s CPU time), skipped 0 variants.
    Prepared data for serialisation in 0.00s
  Pass  (vp, gles3) finished in 0.04 seconds. Local cache hits 0 (0.00s CPU time), remote cache hits 0 (0.00s CPU time), compiled 1 variants (0.04s CPU time), skipped 0 variants.
    Prepared data for serialisation in 0.00s
Serialized binary data for shader Hidden/Internal-GUITextureBlit in 0.00s
    gles3 (total internal programs: 2, unique: 1)
Compiling shader "Hidden/Internal-GUIRoundedRect"
  Pass "" (vp)
    Target graphics API: gles3
    Full variant space:         1
    After settings filtering:   1
    After built-in stripping:   1
    After scriptable stripping: 1
    Processed in 0.00 seconds
  Pass "" (vp)
    Target graphics API: gles3
    Full variant space:         1
    After settings filtering:   1
    After built-in stripping:   1
    After scriptable stripping: 1
    Processed in 0.00 seconds
  Pass  (vp, gles3) finished in 0.04 seconds. Local cache hits 0 (0.00s CPU time), remote cache hits 0 (0.00s CPU time), compiled 1 variants (0.04s CPU time), skipped 0 variants.
    Prepared data for serialisation in 0.00s
  Pass  (vp, gles3) finished in 0.04 seconds. Local cache hits 0 (0.00s CPU time), remote cache hits 0 (0.00s CPU time), compiled 1 variants (0.04s CPU time), skipped 0 variants.
    Prepared data for serialisation in 0.00s
Serialized binary data for shader Hidden/Internal-GUIRoundedRect in 0.00s
    gles3 (total internal programs: 2, unique: 1)
Compiling shader "Hidden/Internal-GUIRoundedRectWithColorPerBorder"
  Pass "" (vp)
    Target graphics API: gles3
    Full variant space:         1
    After settings filtering:   1
    After built-in stripping:   1
    After scriptable stripping: 1
    Processed in 0.00 seconds
  Pass "" (vp)
    Target graphics API: gles3
    Full variant space:         1
    After settings filtering:   1
    After built-in stripping:   1
    After scriptable stripping: 1
    Processed in 0.00 seconds
  Pass  (vp, gles3) finished in 0.05 seconds. Local cache hits 0 (0.00s CPU time), remote cache hits 0 (0.00s CPU time), compiled 1 variants (0.05s CPU time), skipped 0 variants.
    Prepared data for serialisation in 0.00s
  Pass  (vp, gles3) finished in 0.06 seconds. Local cache hits 0 (0.00s CPU time), remote cache hits 0 (0.00s CPU time), compiled 1 variants (0.06s CPU time), skipped 0 variants.
    Prepared data for serialisation in 0.00s
Serialized binary data for shader Hidden/Internal-GUIRoundedRectWithColorPerBorder in 0.00s
    gles3 (total internal programs: 2, unique: 1)
Compiling shader "Hidden/Internal-UIRDefault"
  Pass "" (vp)
    Target graphics API: gles3
    Full variant space:         40
    After settings filtering:   40
    After built-in stripping:   40
    After scriptable stripping: 40
    Processed in 0.00 seconds
  Pass  (vp, gles3) finished in 0.71 seconds. Local cache hits 0 (0.00s CPU time), remote cache hits 0 (0.00s CPU time), compiled 40 variants (7.44s CPU time), skipped 0 variants.
    Prepared data for serialisation in 0.00s
Serialized binary data for shader Hidden/Internal-UIRDefault in 0.00s
    gles3 (total internal programs: 40, unique: 40)
Compiling shader "Hidden/Internal-UIRAtlasBlitCopy"
  Pass "" (vp)
    Target graphics API: gles3
    Full variant space:         1
    After settings filtering:   1
    After built-in stripping:   1
    After scriptable stripping: 1
    Processed in 0.00 seconds
  Pass  (vp, gles3) finished in 0.03 seconds. Local cache hits 0 (0.00s CPU time), remote cache hits 0 (0.00s CPU time), compiled 1 variants (0.03s CPU time), skipped 0 variants.
    Prepared data for serialisation in 0.00s
Serialized binary data for shader Hidden/Internal-UIRAtlasBlitCopy in 0.00s
    gles3 (total internal programs: 1, unique: 1)
Compiling shader "Sprites/Default"
  Pass "" (vp)
    Target graphics API: gles3
    Full variant space:         8
    After settings filtering:   8
    After built-in stripping:   4
    After scriptable stripping: 4
    Processed in 0.00 seconds
  Pass  (vp, gles3) finished in 0.03 seconds. Local cache hits 0 (0.00s CPU time), remote cache hits 0 (0.00s CPU time), compiled 4 variants (0.11s CPU time), skipped 0 variants.
    Prepared data for serialisation in 0.00s
Serialized binary data for shader Sprites/Default in 0.00s
    gles3 (total internal programs: 4, unique: 4)
Compiling shader "Sprites/Mask"
  Pass "" (vp)
    Target graphics API: gles3
    Full variant space:         4
    After settings filtering:   4
    After built-in stripping:   4
    After scriptable stripping: 4
    Processed in 0.00 seconds
  Pass  (vp, gles3) finished in 0.03 seconds. Local cache hits 0 (0.00s CPU time), remote cache hits 0 (0.00s CPU time), compiled 4 variants (0.10s CPU time), skipped 0 variants.
    Prepared data for serialisation in 0.00s
Serialized binary data for shader Sprites/Mask in 0.00s
    gles3 (total internal programs: 4, unique: 4)
Compiling shader "UI/Default"
  Pass "Default" (vp)
    Target graphics API: gles3
    Full variant space:         4
    After settings filtering:   4
    After built-in stripping:   4
    After scriptable stripping: 4
    Processed in 0.00 seconds
  Pass Default (vp, gles3) finished in 0.04 seconds. Local cache hits 0 (0.00s CPU time), remote cache hits 0 (0.00s CPU time), compiled 4 variants (0.15s CPU time), skipped 0 variants.
    Prepared data for serialisation in 0.00s
Serialized binary data for shader UI/Default in 0.00s
    gles3 (total internal programs: 4, unique: 4)
Compiling shader "UI/DefaultETC1"
  Pass "Default" (vp)
    Target graphics API: gles3
    Full variant space:         4
    After settings filtering:   4
    After built-in stripping:   4
    After scriptable stripping: 4
    Processed in 0.00 seconds
  Pass Default (vp, gles3) finished in 0.04 seconds. Local cache hits 0 (0.00s CPU time), remote cache hits 0 (0.00s CPU time), compiled 4 variants (0.16s CPU time), skipped 0 variants.
    Prepared data for serialisation in 0.00s
Serialized binary data for shader UI/DefaultETC1 in 0.00s
    gles3 (total internal programs: 4, unique: 4)
Compiling shader "Hidden/CubeBlur"
  Pass "" (vp)
    Target graphics API: gles3
    Full variant space:         1
    After settings filtering:   1
    After built-in stripping:   1
    After scriptable stripping: 1
    Processed in 0.00 seconds
  Pass "" (vp)
    Target graphics API: gles3
    Full variant space:         1
    After settings filtering:   1
    After built-in stripping:   1
    After scriptable stripping: 1
    Processed in 0.00 seconds
  Pass  (vp, gles3) finished in 0.07 seconds. Local cache hits 0 (0.00s CPU time), remote cache hits 0 (0.00s CPU time), compiled 1 variants (0.07s CPU time), skipped 0 variants.
    Prepared data for serialisation in 0.00s
  Pass  (vp, gles3) finished in 0.07 seconds. Local cache hits 0 (0.00s CPU time), remote cache hits 0 (0.00s CPU time), compiled 1 variants (0.03s CPU time), skipped 0 variants.
    Prepared data for serialisation in 0.00s
Serialized binary data for shader Hidden/CubeBlur in 0.00s
    gles3 (total internal programs: 2, unique: 2)
Compiling shader "Hidden/CubeCopy"
  Pass "" (vp)
    Target graphics API: gles3
    Full variant space:         1
    After settings filtering:   1
    After built-in stripping:   1
    After scriptable stripping: 1
    Processed in 0.00 seconds
  Pass "" (vp)
    Target graphics API: gles3
    Full variant space:         1
    After settings filtering:   1
    After built-in stripping:   1
    After scriptable stripping: 1
    Processed in 0.00 seconds
  Pass  (vp, gles3) finished in 0.02 seconds. Local cache hits 0 (0.00s CPU time), remote cache hits 0 (0.00s CPU time), compiled 1 variants (0.02s CPU time), skipped 0 variants.
    Prepared data for serialisation in 0.00s
  Pass  (vp, gles3) finished in 0.02 seconds. Local cache hits 0 (0.00s CPU time), remote cache hits 0 (0.00s CPU time), compiled 1 variants (0.02s CPU time), skipped 0 variants.
    Prepared data for serialisation in 0.00s
Serialized binary data for shader Hidden/CubeCopy in 0.00s
    gles3 (total internal programs: 2, unique: 1)
Compiling shader "Hidden/CubeBlend"
  Pass "" (vp)
    Target graphics API: gles3
    Full variant space:         1
    After settings filtering:   1
    After built-in stripping:   1
    After scriptable stripping: 1
    Processed in 0.00 seconds
  Pass "" (vp)
    Target graphics API: gles3
    Full variant space:         1
    After settings filtering:   1
    After built-in stripping:   1
    After scriptable stripping: 1
    Processed in 0.00 seconds
  Pass  (vp, gles3) finished in 0.02 seconds. Local cache hits 0 (0.00s CPU time), remote cache hits 0 (0.00s CPU time), compiled 1 variants (0.02s CPU time), skipped 0 variants.
    Prepared data for serialisation in 0.00s
  Pass  (vp, gles3) finished in 0.02 seconds. Local cache hits 0 (0.00s CPU time), remote cache hits 0 (0.00s CPU time), compiled 1 variants (0.02s CPU time), skipped 0 variants.
    Prepared data for serialisation in 0.00s
Serialized binary data for shader Hidden/CubeBlend in 0.00s
    gles3 (total internal programs: 2, unique: 1)
Compiling shader "Hidden/VR/BlitTexArraySlice"
  Pass "" (vp)
    Target graphics API: gles3
    Full variant space:         1
    After settings filtering:   1
    After built-in stripping:   1
    After scriptable stripping: 1
    Processed in 0.00 seconds
  Pass  (vp, gles3) finished in 0.02 seconds. Local cache hits 0 (0.00s CPU time), remote cache hits 0 (0.00s CPU time), compiled 1 variants (0.02s CPU time), skipped 0 variants.
    Prepared data for serialisation in 0.00s
Serialized binary data for shader Hidden/VR/BlitTexArraySlice in 0.00s
    gles3 (total internal programs: 1, unique: 1)
Compiling shader "Hidden/Internal-ODSWorldTexture"
  Pass "" (vp)
    Target graphics API: gles3
    Full variant space:         1
    After settings filtering:   1
    After built-in stripping:   1
    After scriptable stripping: 1
    Processed in 0.00 seconds
  Pass "" (vp)
    Target graphics API: gles3
    Full variant space:         1
    After settings filtering:   1
    After built-in stripping:   1
    After scriptable stripping: 1
    Processed in 0.00 seconds
  Pass "" (vp)
    Target graphics API: gles3
    Full variant space:         1
    After settings filtering:   1
    After built-in stripping:   1
    After scriptable stripping: 1
    Processed in 0.00 seconds
  Pass "" (vp)
    Target graphics API: gles3
    Full variant space:         1
    After settings filtering:   1
    After built-in stripping:   1
    After scriptable stripping: 1
    Processed in 0.00 seconds
  Pass "" (vp)
    Target graphics API: gles3
    Full variant space:         1
    After settings filtering:   1
    After built-in stripping:   1
    After scriptable stripping: 1
    Processed in 0.00 seconds
  Pass "" (vp)
    Target graphics API: gles3
    Full variant space:         1
    After settings filtering:   1
    After built-in stripping:   1
    After scriptable stripping: 1
    Processed in 0.00 seconds
  Pass "" (vp)
    Target graphics API: gles3
    Full variant space:         1
    After settings filtering:   1
    After built-in stripping:   1
    After scriptable stripping: 1
    Processed in 0.00 seconds
  Pass "" (vp)
    Target graphics API: gles3
    Full variant space:         1
    After settings filtering:   1
    After built-in stripping:   1
    After scriptable stripping: 1
    Processed in 0.00 seconds
  Pass "" (vp)
    Target graphics API: gles3
    Full variant space:         1
    After settings filtering:   1
    After built-in stripping:   1
    After scriptable stripping: 1
    Processed in 0.00 seconds
  Pass "" (vp)
    Target graphics API: gles3
    Full variant space:         1
    After settings filtering:   1
    After built-in stripping:   1
    After scriptable stripping: 1
    Processed in 0.00 seconds
  Pass  (vp, gles3) finished in 0.03 seconds. Local cache hits 0 (0.00s CPU time), remote cache hits 0 (0.00s CPU time), compiled 1 variants (0.03s CPU time), skipped 0 variants.
    Prepared data for serialisation in 0.00s
  Pass  (vp, gles3) finished in 0.04 seconds. Local cache hits 0 (0.00s CPU time), remote cache hits 0 (0.00s CPU time), compiled 1 variants (0.04s CPU time), skipped 0 variants.
    Prepared data for serialisation in 0.00s
  Pass  (vp, gles3) finished in 0.06 seconds. Local cache hits 0 (0.00s CPU time), remote cache hits 0 (0.00s CPU time), compiled 1 variants (0.06s CPU time), skipped 0 variants.
    Prepared data for serialisation in 0.00s
  Pass  (vp, gles3) finished in 0.08 seconds. Local cache hits 0 (0.00s CPU time), remote cache hits 0 (0.00s CPU time), compiled 1 variants (0.08s CPU time), skipped 0 variants.
    Prepared data for serialisation in 0.00s
  Pass  (vp, gles3) finished in 0.08 seconds. Local cache hits 0 (0.00s CPU time), remote cache hits 0 (0.00s CPU time), compiled 1 variants (0.03s CPU time), skipped 0 variants.
    Prepared data for serialisation in 0.00s
  Pass  (vp, gles3) finished in 0.08 seconds. Local cache hits 0 (0.00s CPU time), remote cache hits 0 (0.00s CPU time), compiled 1 variants (0.05s CPU time), skipped 0 variants.
    Prepared data for serialisation in 0.00s
  Pass  (vp, gles3) finished in 0.08 seconds. Local cache hits 0 (0.00s CPU time), remote cache hits 0 (0.00s CPU time), compiled 1 variants (0.05s CPU time), skipped 0 variants.
    Prepared data for serialisation in 0.00s
  Pass  (vp, gles3) finished in 0.08 seconds. Local cache hits 0 (0.00s CPU time), remote cache hits 0 (0.00s CPU time), compiled 1 variants (0.05s CPU time), skipped 0 variants.
    Prepared data for serialisation in 0.00s
  Pass  (vp, gles3) finished in 0.08 seconds. Local cache hits 0 (0.00s CPU time), remote cache hits 0 (0.00s CPU time), compiled 1 variants (0.07s CPU time), skipped 0 variants.
    Prepared data for serialisation in 0.00s
  Pass  (vp, gles3) finished in 0.08 seconds. Local cache hits 0 (0.00s CPU time), remote cache hits 0 (0.00s CPU time), compiled 1 variants (0.06s CPU time), skipped 0 variants.
    Prepared data for serialisation in 0.00s
Serialized binary data for shader Hidden/Internal-ODSWorldTexture in 0.00s
    gles3 (total internal programs: 10, unique: 9)
Compiling shader "Hidden/Internal-CubemapToEquirect"
  Pass "" (vp)
    Target graphics API: gles3
    Full variant space:         1
    After settings filtering:   1
    After built-in stripping:   1
    After scriptable stripping: 1
    Processed in 0.00 seconds
  Pass  (vp, gles3) finished in 0.02 seconds. Local cache hits 0 (0.00s CPU time), remote cache hits 0 (0.00s CPU time), compiled 1 variants (0.02s CPU time), skipped 0 variants.
    Prepared data for serialisation in 0.00s
Serialized binary data for shader Hidden/Internal-CubemapToEquirect in 0.00s
    gles3 (total internal programs: 1, unique: 1)
Compiling shader "Hidden/VR/BlitFromTex2DToTexArraySlice"
  Pass "" (vp)
    Target graphics API: gles3
    Full variant space:         1
    After settings filtering:   1
    After built-in stripping:   1
    After scriptable stripping: 1
    Processed in 0.00 seconds
  Pass "" (vp)
    Target graphics API: gles3
    Full variant space:         1
    After settings filtering:   1
    After built-in stripping:   1
    After scriptable stripping: 1
    Processed in 0.00 seconds
  Pass  (vp, gles3) finished in 0.02 seconds. Local cache hits 0 (0.00s CPU time), remote cache hits 0 (0.00s CPU time), compiled 1 variants (0.02s CPU time), skipped 0 variants.
    Prepared data for serialisation in 0.00s
  Pass  (vp, gles3) finished in 0.03 seconds. Local cache hits 0 (0.00s CPU time), remote cache hits 0 (0.00s CPU time), compiled 1 variants (0.03s CPU time), skipped 0 variants.
    Prepared data for serialisation in 0.00s
Serialized binary data for shader Hidden/VR/BlitFromTex2DToTexArraySlice in 0.00s
    gles3 (total internal programs: 2, unique: 2)
Compiling shader "Hidden/VideoComposite"
  Pass "Default" (vp)
    Target graphics API: gles3
    Full variant space:         1
    After settings filtering:   1
    After built-in stripping:   1
    After scriptable stripping: 1
    Processed in 0.00 seconds
  Pass Default (vp, gles3) finished in 0.02 seconds. Local cache hits 0 (0.00s CPU time), remote cache hits 0 (0.00s CPU time), compiled 1 variants (0.02s CPU time), skipped 0 variants.
    Prepared data for serialisation in 0.00s
Serialized binary data for shader Hidden/VideoComposite in 0.00s
    gles3 (total internal programs: 1, unique: 1)
Compiling shader "Hidden/VideoDecode"
  Pass "YCbCr_To_RGB1" (vp)
    Target graphics API: gles3
    Full variant space:         2
    After settings filtering:   2
    After built-in stripping:   2
    After scriptable stripping: 2
    Processed in 0.00 seconds
  Pass "YCbCrA_To_RGBAFull" (vp)
    Target graphics API: gles3
    Full variant space:         2
    After settings filtering:   2
    After built-in stripping:   2
    After scriptable stripping: 2
    Processed in 0.00 seconds
  Pass "YCbCrA_To_RGBA" (vp)
    Target graphics API: gles3
    Full variant space:         2
    After settings filtering:   2
    After built-in stripping:   2
    After scriptable stripping: 2
    Processed in 0.00 seconds
  Pass "Flip_RGBA_To_RGBA" (vp)
    Target graphics API: gles3
    Full variant space:         2
    After settings filtering:   2
    After built-in stripping:   2
    After scriptable stripping: 2
    Processed in 0.00 seconds
  Pass "Flip_RGBASplit_To_RGBA" (vp)
    Target graphics API: gles3
    Full variant space:         2
    After settings filtering:   2
    After built-in stripping:   2
    After scriptable stripping: 2
    Processed in 0.00 seconds
  Pass "Flip_NV12_To_RGB1" (vp)
    Target graphics API: gles3
    Full variant space:         2
    After settings filtering:   2
    After built-in stripping:   2
    After scriptable stripping: 2
    Processed in 0.00 seconds
  Pass "Flip_NV12_To_RGBA" (vp)
    Target graphics API: gles3
    Full variant space:         2
    After settings filtering:   2
    After built-in stripping:   2
    After scriptable stripping: 2
    Processed in 0.00 seconds
  Pass "Flip_P010_To_RGB1" (vp)
    Target graphics API: gles3
    Full variant space:         1
    After settings filtering:   1
    After built-in stripping:   1
    After scriptable stripping: 1
    Processed in 0.00 seconds
  Pass YCbCr_To_RGB1 (vp, gles3) finished in 0.04 seconds. Local cache hits 0 (0.00s CPU time), remote cache hits 0 (0.00s CPU time), compiled 2 variants (0.07s CPU time), skipped 0 variants.
    Prepared data for serialisation in 0.00s
  Pass YCbCrA_To_RGBAFull (vp, gles3) finished in 0.04 seconds. Local cache hits 0 (0.00s CPU time), remote cache hits 0 (0.00s CPU time), compiled 2 variants (0.08s CPU time), skipped 0 variants.
    Prepared data for serialisation in 0.00s
  Pass YCbCrA_To_RGBA (vp, gles3) finished in 0.04 seconds. Local cache hits 0 (0.00s CPU time), remote cache hits 0 (0.00s CPU time), compiled 2 variants (0.08s CPU time), skipped 0 variants.
    Prepared data for serialisation in 0.00s
  Pass Flip_RGBA_To_RGBA (vp, gles3) finished in 0.04 seconds. Local cache hits 0 (0.00s CPU time), remote cache hits 0 (0.00s CPU time), compiled 2 variants (0.07s CPU time), skipped 0 variants.
    Prepared data for serialisation in 0.00s
  Pass Flip_RGBASplit_To_RGBA (vp, gles3) finished in 0.07 seconds. Local cache hits 0 (0.00s CPU time), remote cache hits 0 (0.00s CPU time), compiled 2 variants (0.08s CPU time), skipped 0 variants.
    Prepared data for serialisation in 0.00s
  Pass Flip_NV12_To_RGB1 (vp, gles3) finished in 0.07 seconds. Local cache hits 0 (0.00s CPU time), remote cache hits 0 (0.00s CPU time), compiled 2 variants (0.08s CPU time), skipped 0 variants.
    Prepared data for serialisation in 0.00s
  Pass Flip_NV12_To_RGBA (vp, gles3) finished in 0.04 seconds. Local cache hits 0 (0.00s CPU time), remote cache hits 0 (0.00s CPU time), compiled 2 variants (0.08s CPU time), skipped 0 variants.
    Prepared data for serialisation in 0.00s
  Pass Flip_P010_To_RGB1 (vp, gles3) finished in 0.05 seconds. Local cache hits 0 (0.00s CPU time), remote cache hits 0 (0.00s CPU time), compiled 1 variants (0.04s CPU time), skipped 0 variants.
    Prepared data for serialisation in 0.00s
Serialized binary data for shader Hidden/VideoDecode in 0.00s
    gles3 (total internal programs: 15, unique: 15)
Compiling shader "Hidden/VideoDecodeAndroid"
  Pass "RGBAExternal_To_RGBA" (vp)
    Target graphics API: gles3
    Full variant space:         2
    After settings filtering:   2
    After built-in stripping:   2
    After scriptable stripping: 2
    Processed in 0.00 seconds
  Pass "RGBASplitExternal_To_RGBA" (vp)
    Target graphics API: gles3
    Full variant space:         2
    After settings filtering:   2
    After built-in stripping:   2
    After scriptable stripping: 2
    Processed in 0.00 seconds
  Pass RGBAExternal_To_RGBA (vp, gles3) finished in 0.00 seconds. Local cache hits 0 (0.00s CPU time), remote cache hits 0 (0.00s CPU time), compiled 2 variants (0.00s CPU time), skipped 0 variants.
    Prepared data for serialisation in 0.00s
  Pass RGBASplitExternal_To_RGBA (vp, gles3) finished in 0.00 seconds. Local cache hits 0 (0.00s CPU time), remote cache hits 0 (0.00s CPU time), compiled 2 variants (0.00s CPU time), skipped 0 variants.
    Prepared data for serialisation in 0.00s
Serialized binary data for shader Hidden/VideoDecodeAndroid in 0.00s
    gles3 (total internal programs: 4, unique: 4)
Compiling shader "Hidden/TextCore/Distance Field SSD"
  Pass "" (vp)
    Target graphics API: gles3
    Full variant space:         1
    After settings filtering:   1
    After built-in stripping:   1
    After scriptable stripping: 1
    Processed in 0.00 seconds
  Pass  (vp, gles3) finished in 0.03 seconds. Local cache hits 0 (0.00s CPU time), remote cache hits 0 (0.00s CPU time), compiled 1 variants (0.03s CPU time), skipped 0 variants.
    Prepared data for serialisation in 0.00s
Serialized binary data for shader Hidden/TextCore/Distance Field SSD in 0.00s
    gles3 (total internal programs: 1, unique: 1)
Compiling shader "Hidden/Physics2D/SDF_CircleGeometry"
  Pass "" (vp)
    Target graphics API: gles3
    Full variant space:         2
    After settings filtering:   2
    After built-in stripping:   1
    After scriptable stripping: 1
    Processed in 0.00 seconds
  Pass  (vp, gles3) finished in 0.04 seconds. Local cache hits 0 (0.00s CPU time), remote cache hits 0 (0.00s CPU time), compiled 1 variants (0.04s CPU time), skipped 0 variants.
    Prepared data for serialisation in 0.00s
Serialized binary data for shader Hidden/Physics2D/SDF_CircleGeometry in 0.00s
    gles3 (total internal programs: 1, unique: 1)
Compiling shader "Hidden/Physics2D/SDF_CapsuleGeometry"
  Pass "" (vp)
    Target graphics API: gles3
    Full variant space:         2
    After settings filtering:   2
    After built-in stripping:   1
    After scriptable stripping: 1
    Processed in 0.00 seconds
  Pass  (vp, gles3) finished in 0.04 seconds. Local cache hits 0 (0.00s CPU time), remote cache hits 0 (0.00s CPU time), compiled 1 variants (0.04s CPU time), skipped 0 variants.
    Prepared data for serialisation in 0.00s
Serialized binary data for shader Hidden/Physics2D/SDF_CapsuleGeometry in 0.00s
    gles3 (total internal programs: 1, unique: 1)
Compiling shader "Hidden/Physics2D/SDF_PolygonGeometry"
  Pass "" (vp)
    Target graphics API: gles3
    Full variant space:         2
    After settings filtering:   2
    After built-in stripping:   1
    After scriptable stripping: 1
    Processed in 0.00 seconds
  Pass  (vp, gles3) finished in 0.11 seconds. Local cache hits 0 (0.00s CPU time), remote cache hits 0 (0.00s CPU time), compiled 1 variants (0.11s CPU time), skipped 0 variants.
    Prepared data for serialisation in 0.00s
Serialized binary data for shader Hidden/Physics2D/SDF_PolygonGeometry in 0.00s
    gles3 (total internal programs: 1, unique: 1)
Compiling shader "Hidden/Physics2D/SDF_Line"
  Pass "" (vp)
    Target graphics API: gles3
    Full variant space:         2
    After settings filtering:   2
    After built-in stripping:   1
    After scriptable stripping: 1
    Processed in 0.00 seconds
  Pass  (vp, gles3) finished in 0.03 seconds. Local cache hits 0 (0.00s CPU time), remote cache hits 0 (0.00s CPU time), compiled 1 variants (0.03s CPU time), skipped 0 variants.
    Prepared data for serialisation in 0.00s
Serialized binary data for shader Hidden/Physics2D/SDF_Line in 0.00s
    gles3 (total internal programs: 1, unique: 1)
Compiling shader "Hidden/Physics2D/SDF_Point"
  Pass "" (vp)
    Target graphics API: gles3
    Full variant space:         2
    After settings filtering:   2
    After built-in stripping:   1
    After scriptable stripping: 1
    Processed in 0.00 seconds
  Pass  (vp, gles3) finished in 0.03 seconds. Local cache hits 0 (0.00s CPU time), remote cache hits 0 (0.00s CPU time), compiled 1 variants (0.03s CPU time), skipped 0 variants.
    Prepared data for serialisation in 0.00s
Serialized binary data for shader Hidden/Physics2D/SDF_Point in 0.00s
    gles3 (total internal programs: 1, unique: 1)
SpriteAtlasDatabase::Cleanup
DisplayProgressbar: Initializing
Android PostProcess task "Initializing" took 1.3814 ms
DisplayProgressbar: Check gradle project collisions
Android PostProcess task "Check gradle project collisions" took 0.2586 ms
DisplayProgressbar: Preparing banner
Android PostProcess task "Preparing banner" took 0.3624 ms
[Licensing::Client] Successfully resolved entitlement details
Starting: D:\Unity\6000.3.24f1\Editor\Data\Tools\BuildPipeline\bee_backend.exe --ipc --dagfile="Library/Bee/Player9c49e98c.dag" --profile="Library/Bee/backend1.traceevents" Player
WorkingDir: D:/Unity/RVA 1
Starting: D:\Unity\6000.3.24f1\Editor\Data\netcorerun\netcorerun.exe "D:\Unity\6000.3.24f1\Editor\Data\PlaybackEngines\AndroidPlayer\AndroidPlayerBuildProgram.exe" "D:/Unity/6000.3.24f1/Editor/Data/PlaybackEngines/AndroidPlayer/Bee;D:/Unity/6000.3.24f1/Editor/Data/Tools/BuildPipeline" "Library/Bee/Player9c49e98c.dag.json" "Library/Bee/Player9c49e98c-inputdata.json" "Library\Bee\buildprogram0.traceevents"
WorkingDir: D:/Unity/RVA 1
ExitCode: 4 Duration: 0s21ms
DisplayProgressbar: Incremental Player Build
ExitCode: 0 Duration: 2s31ms
Starting: D:\Unity\6000.3.24f1\Editor\Data\Tools\BuildPipeline\bee_backend.exe --ipc --dagfile="Library/Bee/Player9c49e98c.dag" --dagfilejson="Library\Bee\Player9c49e98c.dag.json" --profile="Library/Bee/backend2.traceevents" Player
WorkingDir: D:/Unity/RVA 1
Starting: D:\Unity\6000.3.24f1\Editor\Data\netcorerun\netcorerun.exe "D:\Unity\6000.3.24f1\Editor\Data\PlaybackEngines\AndroidPlayer\AndroidPlayerBuildProgram.exe" "D:/Unity/6000.3.24f1/Editor/Data/PlaybackEngines/AndroidPlayer/Bee;D:/Unity/6000.3.24f1/Editor/Data/Tools/BuildPipeline" "Library/Bee/Player9c49e98c.dag.json" "Library/Bee/Player9c49e98c-inputdata.json" "Library\Bee\buildprogram1.traceevents"
WorkingDir: D:/Unity/RVA 1
ExitCode: 4 Duration: 32s
ExitCode: 0 Duration: 0s772ms
Starting: D:\Unity\6000.3.24f1\Editor\Data\Tools\BuildPipeline\bee_backend.exe --ipc --dagfile="Library/Bee/Player9c49e98c.dag" --dagfilejson="Library\Bee\Player9c49e98c.dag.json" --profile="Library/Bee/backend3.traceevents" Player
WorkingDir: D:/Unity/RVA 1
Starting: D:\Unity\6000.3.24f1\Editor\Data\netcorerun\netcorerun.exe "D:\Unity\6000.3.24f1\Editor\Data\PlaybackEngines\AndroidPlayer\AndroidPlayerBuildProgram.exe" "D:/Unity/6000.3.24f1/Editor/Data/PlaybackEngines/AndroidPlayer/Bee;D:/Unity/6000.3.24f1/Editor/Data/Tools/BuildPipeline" "Library/Bee/Player9c49e98c.dag.json" "Library/Bee/Player9c49e98c-inputdata.json" "Library\Bee\buildprogram2.traceevents"
WorkingDir: D:/Unity/RVA 1
ExitCode: 4 Duration: 13s
ExitCode: 0 Duration: 0s773ms
Starting: D:\Unity\6000.3.24f1\Editor\Data\Tools\BuildPipeline\bee_backend.exe --ipc --dagfile="Library/Bee/Player9c49e98c.dag" --dagfilejson="Library\Bee\Player9c49e98c.dag.json" --profile="Library/Bee/backend4.traceevents" Player
WorkingDir: D:/Unity/RVA 1
D:/Unity/RVA 1/Library/PackageCache/com.unity.burst@2f3d916873ea/.Runtime\bcl.exe exited after 38916 ms.
stdout:
Starting 1 library requests
Done
stderr:

Starting: D:\Unity\6000.3.24f1\Editor\Data\netcorerun\netcorerun.exe "D:\Unity\6000.3.24f1\Editor\Data\PlaybackEngines\AndroidPlayer\AndroidPlayerBuildProgram.exe" "D:/Unity/6000.3.24f1/Editor/Data/PlaybackEngines/AndroidPlayer/Bee;D:/Unity/6000.3.24f1/Editor/Data/Tools/BuildPipeline" "Library/Bee/Player9c49e98c.dag.json" "Library/Bee/Player9c49e98c-inputdata.json" "Library\Bee\buildprogram3.traceevents"
WorkingDir: D:/Unity/RVA 1
ExitCode: 4 Duration: 4m:54s
ExitCode: 0 Duration: 2s785ms
Starting: D:\Unity\6000.3.24f1\Editor\Data\Tools\BuildPipeline\bee_backend.exe --ipc --dagfile="Library/Bee/Player9c49e98c.dag" --dagfilejson="Library\Bee\Player9c49e98c.dag.json" --profile="Library/Bee/backend5.traceevents" Player
WorkingDir: D:/Unity/RVA 1
ExitCode: 0 Duration: 0s160ms
DisplayProgressbar: Calling IPostGenerateGradleAndroidProject callbacks
Calling IPostGenerateGradleAndroidProject callbacks on 'D:\Unity\RVA 1\Library\Bee\Android\Prj\IL2CPP\Gradle\unityLibrary':
    Call "Unity.XR.Management.AndroidManifest.Editor.AndroidManifestBuildEventReceiver.OnPostGenerateGradleAndroidProject" from assembly 'Unity.XR.Management.Editor'
    Call "UnityEditor.XR.ARCore.ARCoreManifest.OnPostGenerateGradleAndroidProject" from assembly 'Unity.XR.ARCore.Editor'
Android PostProcess task "Calling IPostGenerateGradleAndroidProject callbacks" took 23.6298 ms
DisplayProgressbar: Validate Gradle Project
Android PostProcess task "Validate Gradle Project" took 0.8354 ms
Android PostProcess task "Unity Services Symbol Upload" took 0.3436 ms
DisplayProgressbar: Building Gradle project
Total cache size 156246965
Total cache size after purge 156246965, took 00:00:00.1043111
Starting: D:\Unity\6000.3.24f1\Editor\Data\PlaybackEngines\AndroidPlayer\OpenJDK\bin\java.exe -classpath "D:\Unity\6000.3.24f1\Editor\Data\PlaybackEngines\AndroidPlayer\Tools\gradle\lib\gradle-launcher-9.1.0.jar" org.gradle.launcher.GradleMain "-Dorg.gradle.jvmargs=-Xmx4096m" "assembleRelease" 
WorkingDir: D:/Unity/RVA 1/Library/Bee/Android/Prj/IL2CPP/Gradle\launcher
Android PostProcess task "Building Gradle project" took 254417.9108 ms
DisplayProgressbar: Building Gradle Symbols
Android PostProcess task "Building Gradle Symbols" took 0.2451 ms
DisplayProgressbar: Processing Mapping File
Android PostProcess task "Processing Mapping File" took 0.2944 ms
DisplayProgressbar: Moving output package(s)
Copy 'D:/Unity/RVA 1/Library/Bee/Android/Prj/IL2CPP/Gradle\launcher\build\outputs\apk\release\launcher-release.apk' -> 
 'D:/Unity/RVA 1/Builds/SimpleARPlacement.apk'
Android PostProcess task "Moving output package(s)" took 1560.7866 ms
Android PostProcess task "Checking Symbols size" took 0.9853 ms
[Licensing::Client] Successfully resolved entitlement details
[Licensing::Client] Successfully resolved entitlement details
Refreshing native plugins compatible for Editor in 3.24 ms, found 1 plugins.
Preloading 0 native plugins for Editor in 0.00 ms.
Asset Pipeline Refresh (id=528a75826b8c24e408e17f4a5b84e5ca): Total: 0.089 seconds - Initiated by RefreshV2(NoUpdateAssetOptions)
Refreshing native plugins compatible for Editor in 1.49 ms, found 1 plugins.
Preloading 0 native plugins for Editor in 0.00 ms.
Asset Pipeline Refresh (id=14667a4ef2d8e384f865afdeb942fa63): Total: 0.041 seconds - Initiated by StopAssetImportingV2(NoUpdateAssetOptions)
Refreshing native plugins compatible for Editor in 1.46 ms, found 1 plugins.
Preloading 0 native plugins for Editor in 0.00 ms.
Asset Pipeline Refresh (id=2bb58eb8ab0729b418ac216743703b98): Total: 0.029 seconds - Initiated by StopAssetImportingV2(NoUpdateAssetOptions)
Refreshing native plugins compatible for Editor in 1.43 ms, found 1 plugins.
Preloading 0 native plugins for Editor in 0.00 ms.
Asset Pipeline Refresh (id=cf70b99e8fb714e4daa77102e2a6c6eb): Total: 0.029 seconds - Initiated by StopAssetImportingV2(NoUpdateAssetOptions)
Asset Pipeline Refresh (id=dd94dd8038e8185439e2984b25b4ba9b): Total: 0.008 seconds - Initiated by RefreshV2(NoUpdateAssetOptions)
Refreshing native plugins compatible for Editor in 1.48 ms, found 1 plugins.
Preloading 0 native plugins for Editor in 0.00 ms.

-------------------------------------------------------------------------------
Build Report
Uncompressed usage by category (Percentages based on user generated assets only):
Textures               9.0 mb	 81.0% 
Meshes                 0.0 kb	 0.0% 
Animations             0.0 kb	 0.0% 
Sounds                 0.0 kb	 0.0% 
Shaders                830.3 kb	 7.3% 
Other Assets           873.3 kb	 7.7% 
Levels                 36.8 kb	 0.3% 
File headers           151.3 kb	 1.3% 
Total User Assets      11.1 mb	 100.0% 
Complete build size    986.6 mb
Used Assets and files from the Resources folder, sorted by uncompressed size:
 2.7 mb	 0.3% Built-in Texture2D: Splash Screen Unity Logo
 2.1 mb	 0.2% Assets/TextMesh Pro/Resources/Sprite Assets/InlineIcons.png
 1.0 mb	 0.1% Assets/TextMesh Pro/Resources/Fonts & Materials/LiberationSans SDF.asset
 526.0 kb	 0.1% Resources/unity_builtin_extra
 344.5 kb	 0.0% Assets/TextMesh Pro/Fonts/LiberationSans.ttf
 262.6 kb	 0.0% Packages/com.unity.render-pipelines.universal/Textures/SMAA/AreaTex.tga
 256.1 kb	 0.0% Packages/com.unity.render-pipelines.universal/Textures/FilmGrain/Thin02.png
 256.1 kb	 0.0% Packages/com.unity.render-pipelines.universal/Textures/FilmGrain/Thin01.png
 256.1 kb	 0.0% Packages/com.unity.render-pipelines.universal/Textures/FilmGrain/Medium06.png
 256.1 kb	 0.0% Packages/com.unity.render-pipelines.universal/Textures/FilmGrain/Medium05.png
 256.1 kb	 0.0% Packages/com.unity.render-pipelines.universal/Textures/FilmGrain/Medium04.png
 256.1 kb	 0.0% Packages/com.unity.render-pipelines.universal/Textures/FilmGrain/Medium03.png
 256.1 kb	 0.0% Packages/com.unity.render-pipelines.universal/Textures/FilmGrain/Medium02.png
 256.1 kb	 0.0% Packages/com.unity.render-pipelines.universal/Textures/FilmGrain/Medium01.png
 256.1 kb	 0.0% Packages/com.unity.render-pipelines.universal/Textures/FilmGrain/Large02.png
 256.1 kb	 0.0% Packages/com.unity.render-pipelines.universal/Textures/FilmGrain/Large01.png
 168.6 kb	 0.0% Packages/com.unity.render-pipelines.universal/Shaders/PostProcessing/UberPost.shader
 100.0 kb	 0.0% Packages/com.unity.render-pipelines.universal/Shaders/PostProcessing/FinalPost.shader
 79.7 kb	 0.0% Packages/com.unity.render-pipelines.core/Runtime/Debugging/Prefabs/Fonts/PerfectDOSVGA437.ttf
 63.1 kb	 0.0% Packages/com.unity.render-pipelines.universal/Shaders/Utils/CoreBlit.shader
 59.1 kb	 0.0% Packages/com.unity.render-pipelines.core/Runtime/Debugging/Prefabs/Widgets/DebugUIHandlerRenderingLayerField.prefab
 59.1 kb	 0.0% Packages/com.unity.render-pipelines.core/Runtime/Debugging/Prefabs/Widgets/DebugUIBitField.prefab
 51.4 kb	 0.0% Packages/com.unity.render-pipelines.universal/Shaders/Lit.shader
 42.0 kb	 0.0% Assets/Samples/XR Interaction Toolkit/3.5.1/Starter Assets/XRI Default Input Actions.inputactions
 28.8 kb	 0.0% Packages/com.unity.render-pipelines.universal/Shaders/PostProcessing/BokehDepthOfField.shader
 27.2 kb	 0.0% Packages/com.unity.render-pipelines.universal/Shaders/PostProcessing/LensFlareDataDriven.shader
 25.4 kb	 0.0% Packages/com.unity.render-pipelines.universal/Shaders/Terrain/WavingGrass.shader
 25.0 kb	 0.0% Packages/com.unity.render-pipelines.universal/Shaders/PostProcessing/TemporalAA.shader
 21.5 kb	 0.0% Packages/com.unity.render-pipelines.universal/Shaders/Terrain/TerrainDetailLit.shader
 21.4 kb	 0.0% Packages/com.unity.render-pipelines.universal/Shaders/Terrain/WavingGrassBillboard.shader
 21.3 kb	 0.0% Packages/com.unity.render-pipelines.universal/Shaders/Unlit.shader
 21.2 kb	 0.0% Packages/com.unity.render-pipelines.universal/Shaders/PostProcessing/Bloom.shader
 20.4 kb	 0.0% Assets/TextMesh Pro/Resources/Sprite Assets/MixedIndexTest.asset
 19.2 kb	 0.0% Packages/com.unity.render-pipelines.universal/Shaders/PostProcessing/CameraMotionBlur.shader
 18.4 kb	 0.0% Packages/com.unity.render-pipelines.universal/Shaders/Utils/StencilDeferred.shader
 18.0 kb	 0.0% Packages/com.unity.render-pipelines.universal/Shaders/PostProcessing/LensFlareScreenSpace.shader
 16.2 kb	 0.0% Packages/com.unity.render-pipelines.universal/Shaders/PostProcessing/GaussianDepthOfField.shader
 16.1 kb	 0.0% Assets/SimpleARPlacement/Textures/PlaneGridTexture.asset
 16.1 kb	 0.0% Packages/com.unity.render-pipelines.universal/Textures/DebugFont.tga
 15.6 kb	 0.0% Packages/com.unity.xr.arcore/Assets/Shaders/ARCoreBackgroundAfterOpaques.shader
 13.8 kb	 0.0% Packages/com.unity.render-pipelines.universal/Shaders/PostProcessing/SubpixelMorphologicalAntialiasing.shader
 13.8 kb	 0.0% Assets/TextMesh Pro/Shaders/TMP_SDF-Mobile.shader
 11.5 kb	 0.0% Packages/com.unity.render-pipelines.universal/Shaders/Debug/HDRDebugView.shader
 11.3 kb	 0.0% Packages/com.unity.render-pipelines.universal/Shaders/PostProcessing/LutBuilderHdr.shader
 10.3 kb	 0.0% Packages/com.unity.xr.arcore/Assets/Shaders/ARCoreBackground.shader
 9.3 kb	 0.0% Packages/com.unity.render-pipelines.core/Runtime/Debugging/Prefabs/Widgets/DebugUIPanel.prefab
 9.1 kb	 0.0% Packages/com.unity.render-pipelines.universal/Shaders/Utils/CoreBlitColorAndDepth.shader
 8.2 kb	 0.0% Packages/com.unity.render-pipelines.universal/Shaders/Utils/ClusterDeferred.shader
 7.2 kb	 0.0% Packages/com.unity.render-pipelines.universal/Shaders/PostProcessing/LutBuilderLdr.shader
 6.5 kb	 0.0% Packages/com.unity.render-pipelines.core/Runtime/Debugging/Prefabs/Widgets/DebugUIColor.prefab
 6.4 kb	 0.0% Packages/com.unity.render-pipelines.universal/Shaders/PostProcessing/ScalingSetup.shader
 6.2 kb	 0.0% Packages/com.unity.render-pipelines.universal/Shaders/PostProcessing/EdgeAdaptiveSpatialUpsampling.shader
 6.1 kb	 0.0% Packages/com.unity.render-pipelines.core/Runtime/Debugging/Prefabs/Widgets/DebugUIVector4.prefab
 6.1 kb	 0.0% Assets/TextMesh Pro/Shaders/TMP_Sprite.shader
 5.7 kb	 0.0% Packages/com.unity.render-pipelines.core/Shaders/CoreCopy.shader
 5.2 kb	 0.0% Packages/com.unity.render-pipelines.core/Runtime/Debugging/Prefabs/Widgets/DebugUIVector3.prefab
 4.5 kb	 0.0% Packages/com.unity.render-pipelines.core/Runtime/Debugging/Prefabs/Resources/DebugUICanvas.prefab
 4.5 kb	 0.0% Packages/com.unity.render-pipelines.universal/Shaders/Debug/DebugReplacement.shader
 4.4 kb	 0.0% Packages/com.unity.render-pipelines.universal/Shaders/XR/XRMirrorView.shader
 4.4 kb	 0.0% Packages/com.unity.render-pipelines.core/Runtime/Debugging/Prefabs/Widgets/DebugUIUIntField.prefab
 4.4 kb	 0.0% Packages/com.unity.render-pipelines.core/Runtime/Debugging/Prefabs/Widgets/DebugUIIntField.prefab
 4.3 kb	 0.0% Packages/com.unity.render-pipelines.universal/Shaders/Utils/CopyDepth.shader
 4.3 kb	 0.0% Packages/com.unity.render-pipelines.core/Runtime/Debugging/Prefabs/Widgets/DebugUIVector2.prefab
 4.3 kb	 0.0% Packages/com.unity.render-pipelines.universal/Shaders/CameraMotionVectors.shader
 4.2 kb	 0.0% Packages/com.unity.render-pipelines.universal/Shaders/PostProcessing/PaniniProjection.shader
 4.1 kb	 0.0% Packages/com.unity.render-pipelines.universal/Textures/BlueNoise64/L/LDR_LLL1_0.png
 4.1 kb	 0.0% Packages/com.unity.render-pipelines.core/Runtime/Debugging/Prefabs/Widgets/DebugUIFloatField.prefab
 4.0 kb	 0.0% Packages/com.unity.render-pipelines.universal/Shaders/Utils/FallbackError.shader
 3.8 kb	 0.0% Packages/com.unity.render-pipelines.universal/Shaders/Utils/Sampling.shader
 3.8 kb	 0.0% Packages/com.unity.render-pipelines.universal/Shaders/XR/XRMotionVector.shader
 3.8 kb	 0.0% Packages/com.unity.render-pipelines.universal/Shaders/XR/XROcclusionMesh.shader
 3.8 kb	 0.0% Packages/com.unity.render-pipelines.universal/Shaders/PostProcessing/StopNaN.shader
 3.7 kb	 0.0% Packages/com.unity.render-pipelines.universal/Shaders/Utils/StencilDitherMaskSeed.shader
 3.3 kb	 0.0% Assets/TextMesh Pro/Resources/Fonts & Materials/LiberationSans SDF - Fallback.asset
 3.2 kb	 0.0% Assets/Resources/PerformanceTestRunInfo.json
 3.2 kb	 0.0% Packages/com.unity.render-pipelines.core/Runtime/RenderPipelineResources/FallbackShader.shader
 3.0 kb	 0.0% Packages/com.unity.render-pipelines.universal/Shaders/Debug/ProbeVolumeSamplingDebugPositionNormal.compute
 2.8 kb	 0.0% Assets/Settings/UniversalRenderPipelineGlobalSettings.asset
 2.8 kb	 0.0% Packages/com.unity.render-pipelines.core/Runtime/Debugging/Prefabs/Widgets/DebugUIObjectPopupField.prefab
 2.8 kb	 0.0% Assets/DefaultVolumeProfile.asset
 2.6 kb	 0.0% Packages/com.unity.render-pipelines.core/Runtime/Debugging/Prefabs/Widgets/DebugUIObjectList.prefab
 2.6 kb	 0.0% Packages/com.unity.render-pipelines.core/Runtime/Debugging/Prefabs/Widgets/DebugUIEnumField.prefab
 2.5 kb	 0.0% Assets/SimpleARPlacement/Prefabs/SimpleChair.prefab
 2.4 kb	 0.0% Packages/com.unity.render-pipelines.core/Runtime/Debugging/Prefabs/Widgets/DebugUIFoldout.prefab
 2.4 kb	 0.0% Packages/com.unity.render-pipelines.core/Runtime/Debugging/Prefabs/Widgets/DebugUIRow.prefab
 2.4 kb	 0.0% Packages/com.unity.render-pipelines.core/Runtime/Vrs/Shaders/VrsVisualization.shader
 2.3 kb	 0.0% Assets/TextMesh Pro/Resources/Style Sheets/Default Style Sheet.asset
 1.7 kb	 0.0% Packages/com.unity.render-pipelines.core/Runtime/Debugging/Prefabs/Widgets/DebugUIToggleHistory.prefab
 1.7 kb	 0.0% Packages/com.unity.render-pipelines.core/Runtime/Debugging/Prefabs/Widgets/DebugUIToggle.prefab
 1.6 kb	 0.0% Assets/TextMesh Pro/Resources/Fonts & Materials/LiberationSans SDF - Drop Shadow.mat
 1.6 kb	 0.0% Assets/SimpleARPlacement/Materials/SimpleChairSeat.mat
 1.6 kb	 0.0% Assets/SimpleARPlacement/Materials/SimpleChairLeg.mat
 1.6 kb	 0.0% Assets/TextMesh Pro/Resources/Fonts & Materials/LiberationSans SDF - Outline.mat
 1.4 kb	 0.0% Packages/com.unity.render-pipelines.core/Runtime/Debugging/Prefabs/Widgets/DebugUIProgressBar.prefab
 1.4 kb	 0.0% Packages/com.unity.render-pipelines.core/Runtime/Debugging/Prefabs/Widgets/DebugUIGroup.prefab
 1.2 kb	 0.0% Packages/com.unity.render-pipelines.core/Runtime/Debugging/Prefabs/Widgets/DebugUIButton.prefab
 1.1 kb	 0.0% Packages/com.unity.render-pipelines.universal/Textures/SMAA/SearchTex.tga
 1.1 kb	 0.0% Packages/com.unity.render-pipelines.core/Runtime/Debugging/Prefabs/Textures/UIFoldoutOpened.png
 1.1 kb	 0.0% Packages/com.unity.render-pipelines.core/Runtime/Debugging/Prefabs/Textures/UIFoldoutClosed.png
 1.1 kb	 0.0% Packages/com.unity.render-pipelines.core/Runtime/Debugging/Prefabs/Textures/UICheckMark.png
 0.9 kb	 0.0% Packages/com.unity.render-pipelines.core/Runtime/Debugging/Prefabs/Widgets/DebugUIEnumHistory.prefab
 0.9 kb	 0.0% Packages/com.unity.render-pipelines.core/Runtime/Debugging/Prefabs/Widgets/DebugUIValuePersistent.prefab
 0.9 kb	 0.0% Packages/com.unity.render-pipelines.core/Runtime/Debugging/Prefabs/Widgets/DebugUIValueTuple.prefab
 0.9 kb	 0.0% Packages/com.unity.render-pipelines.core/Runtime/Debugging/Prefabs/Resources/DebugUIPersistentCanvas.prefab
 0.9 kb	 0.0% Packages/com.unity.render-pipelines.core/Runtime/Debugging/Prefabs/Widgets/DebugUIObject.prefab
 0.9 kb	 0.0% Packages/com.unity.render-pipelines.core/Runtime/Debugging/Prefabs/Widgets/DebugUIValue.prefab
 0.9 kb	 0.0% Packages/com.unity.render-pipelines.core/Runtime/Debugging/Prefabs/Widgets/DebugUIMessageBox.prefab
 0.8 kb	 0.0% Packages/com.unity.render-pipelines.core/Runtime/Debugging/Prefabs/Textures/UIElement8px.png
 0.8 kb	 0.0% Packages/com.unity.render-pipelines.universal/Runtime/Data/PostProcessData.asset
 0.7 kb	 0.0% Assets/SimpleARPlacement/Materials/SimpleARPlaneMaterial.mat
 0.6 kb	 0.0% Assets/SimpleARPlacement/Materials/SimpleARIndicator.mat
 0.5 kb	 0.0% Packages/com.unity.render-pipelines.core/Runtime/Debugging/Prefabs/Textures/White1px.png
 0.5 kb	 0.0% Packages/com.unity.render-pipelines.universal/Shaders/Utils/BlitHDROverlay.shader
 0.4 kb	 0.0% Assets/Settings/URP-Performant.asset
 0.4 kb	 0.0% Packages/com.unity.render-pipelines.universal/Runtime/Decal/DBuffer/DBufferClear.shader
 0.4 kb	 0.0% Assets/SimpleARPlacement/Prefabs/SimpleARPlaneVisualizer.prefab
 0.4 kb	 0.0% Packages/com.unity.render-pipelines.core/Runtime/Debugging/Prefabs/Widgets/DebugUIVBox.prefab
 0.4 kb	 0.0% Packages/com.unity.render-pipelines.core/Runtime/Debugging/Prefabs/Widgets/DebugUIHBox.prefab
 0.4 kb	 0.0% Built-in Sprite: 
 0.4 kb	 0.0% Packages/com.unity.render-pipelines.universal/Textures/BlueNoise16/L/LDR_LLL1_9.png
 0.4 kb	 0.0% Packages/com.unity.render-pipelines.universal/Textures/BlueNoise16/L/LDR_LLL1_8.png
 0.4 kb	 0.0% Packages/com.unity.render-pipelines.universal/Textures/BlueNoise16/L/LDR_LLL1_7.png
 0.4 kb	 0.0% Packages/com.unity.render-pipelines.universal/Textures/BlueNoise16/L/LDR_LLL1_6.png
 0.4 kb	 0.0% Packages/com.unity.render-pipelines.universal/Textures/BlueNoise16/L/LDR_LLL1_5.png
 0.4 kb	 0.0% Packages/com.unity.render-pipelines.universal/Textures/BlueNoise16/L/LDR_LLL1_4.png
 0.4 kb	 0.0% Packages/com.unity.render-pipelines.universal/Textures/BlueNoise16/L/LDR_LLL1_31.png
 0.4 kb	 0.0% Packages/com.unity.render-pipelines.universal/Textures/BlueNoise16/L/LDR_LLL1_30.png
 0.4 kb	 0.0% Packages/com.unity.render-pipelines.universal/Textures/BlueNoise16/L/LDR_LLL1_3.png
 0.4 kb	 0.0% Packages/com.unity.render-pipelines.universal/Textures/BlueNoise16/L/LDR_LLL1_29.png
 0.4 kb	 0.0% Packages/com.unity.render-pipelines.universal/Textures/BlueNoise16/L/LDR_LLL1_28.png
 0.4 kb	 0.0% Packages/com.unity.render-pipelines.universal/Textures/BlueNoise16/L/LDR_LLL1_27.png
 0.4 kb	 0.0% Packages/com.unity.render-pipelines.universal/Textures/BlueNoise16/L/LDR_LLL1_26.png
 0.4 kb	 0.0% Packages/com.unity.render-pipelines.universal/Textures/BlueNoise16/L/LDR_LLL1_25.png
 0.4 kb	 0.0% Packages/com.unity.render-pipelines.universal/Textures/BlueNoise16/L/LDR_LLL1_24.png
 0.4 kb	 0.0% Packages/com.unity.render-pipelines.universal/Textures/BlueNoise16/L/LDR_LLL1_23.png
 0.4 kb	 0.0% Packages/com.unity.render-pipelines.universal/Textures/BlueNoise16/L/LDR_LLL1_22.png
 0.4 kb	 0.0% Packages/com.unity.render-pipelines.universal/Textures/BlueNoise16/L/LDR_LLL1_21.png
 0.4 kb	 0.0% Packages/com.unity.render-pipelines.universal/Textures/BlueNoise16/L/LDR_LLL1_20.png
 0.4 kb	 0.0% Packages/com.unity.render-pipelines.universal/Textures/BlueNoise16/L/LDR_LLL1_2.png
 0.4 kb	 0.0% Packages/com.unity.render-pipelines.universal/Textures/BlueNoise16/L/LDR_LLL1_19.png
 0.4 kb	 0.0% Packages/com.unity.render-pipelines.universal/Textures/BlueNoise16/L/LDR_LLL1_18.png
 0.4 kb	 0.0% Packages/com.unity.render-pipelines.universal/Textures/BlueNoise16/L/LDR_LLL1_17.png
 0.4 kb	 0.0% Packages/com.unity.render-pipelines.universal/Textures/BlueNoise16/L/LDR_LLL1_16.png
 0.4 kb	 0.0% Packages/com.unity.render-pipelines.universal/Textures/BlueNoise16/L/LDR_LLL1_15.png
 0.4 kb	 0.0% Packages/com.unity.render-pipelines.universal/Textures/BlueNoise16/L/LDR_LLL1_14.png
 0.4 kb	 0.0% Packages/com.unity.render-pipelines.universal/Textures/BlueNoise16/L/LDR_LLL1_13.png
 0.4 kb	 0.0% Packages/com.unity.render-pipelines.universal/Textures/BlueNoise16/L/LDR_LLL1_12.png
 0.4 kb	 0.0% Packages/com.unity.render-pipelines.universal/Textures/BlueNoise16/L/LDR_LLL1_11.png
 0.4 kb	 0.0% Packages/com.unity.render-pipelines.universal/Textures/BlueNoise16/L/LDR_LLL1_10.png
 0.4 kb	 0.0% Packages/com.unity.render-pipelines.universal/Textures/BlueNoise16/L/LDR_LLL1_1.png
 0.4 kb	 0.0% Packages/com.unity.render-pipelines.universal/Textures/BlueNoise16/L/LDR_LLL1_0.png
 0.3 kb	 0.0% Assets/Settings/URP-Performant-Renderer.asset
 0.3 kb	 0.0% Assets/TextMesh Pro/Resources/LineBreaking Following Characters.txt
 0.3 kb	 0.0% Assets/TextMesh Pro/Resources/TMP Settings.asset
 0.2 kb	 0.0% Packages/com.unity.xr.interaction.toolkit/Runtime/Utilities/Tweenables/SmartTweenableVariables/SmartFollowQuaternionTweenableVariable.cs
 0.2 kb	 0.0% Packages/com.unity.xr.interaction.toolkit/Runtime/AffordanceSystem/Receiver/Rendering/Vector4MaterialPropertyAffordanceReceiver.cs
 0.2 kb	 0.0% Packages/com.unity.xr.interaction.toolkit/Runtime/AffordanceSystem/Receiver/Rendering/Vector3MaterialPropertyAffordanceReceiver.cs
 0.2 kb	 0.0% Packages/com.unity.xr.interaction.toolkit/Runtime/AffordanceSystem/Receiver/Rendering/Vector2MaterialPropertyAffordanceReceiver.cs
 0.2 kb	 0.0% Packages/com.unity.xr.interaction.toolkit/Runtime/AffordanceSystem/Receiver/Rendering/ColorGradientLineRendererAffordanceReceiver.cs
 0.2 kb	 0.0% Assets/Samples/XR Interaction Toolkit/3.5.1/Starter Assets/Scripts/TeleportVolumeAnchorAffordanceStateLink.cs
 0.2 kb	 0.0% Packages/com.unity.xr.interaction.toolkit/Runtime/Locomotion/Teleportation/TeleportVolumeDestinationSettingsDatumProperty.cs
 0.2 kb	 0.0% Packages/com.unity.xr.interaction.toolkit/Runtime/AffordanceSystem/Receiver/Transformation/UniformTransformScaleAffordanceReceiver.cs
 0.2 kb	 0.0% Packages/com.unity.xr.interaction.toolkit/Runtime/Utilities/Tweenables/SmartTweenableVariables/SmartFollowVector3TweenableVariable.cs
 0.2 kb	 0.0% Packages/com.unity.xr.interaction.toolkit/Runtime/AffordanceSystem/Receiver/Rendering/FloatMaterialPropertyAffordanceReceiver.cs
 0.2 kb	 0.0% Packages/com.unity.xr.interaction.toolkit/Runtime/AffordanceSystem/Receiver/Rendering/ColorMaterialPropertyAffordanceReceiver.cs
 0.2 kb	 0.0% Assets/Samples/XR Interaction Toolkit/3.5.1/Starter Assets/Scripts/ClimbTeleportDestinationIndicator.cs
 0.2 kb	 0.0% Assets/Samples/XR Interaction Toolkit/3.5.1/AR Starter Assets/Scripts/ARFeatheredPlaneMeshVisualizer.cs
 0.2 kb	 0.0% Packages/com.unity.xr.interaction.toolkit/Runtime/AffordanceSystem/Receiver/Primitives/QuaternionEulerAffordanceReceiver.cs
 0.2 kb	 0.0% Packages/com.unity.render-pipelines.universal/Runtime/Debug/UniversalRenderPipelineVolumeDebugSettings.deprecated.cs
 0.2 kb	 0.0% Assets/Samples/XR Interaction Toolkit/3.5.1/Starter Assets/Scripts/RotationAxisLockGrabTransformer.cs
 0.2 kb	 0.0% Packages/com.unity.xr.interaction.toolkit/Runtime/Locomotion/Teleportation/TeleportVolumeDestinationSettingsDatum.cs
 0.2 kb	 0.0% Packages/com.unity.xr.interaction.toolkit/Runtime/Inputs/Readers/XRInputDeviceInputTrackingStateValueReader.cs
 0.2 kb	 0.0% Packages/com.unity.xr.interaction.toolkit/Runtime/AffordanceSystem/State/Provider/XRInteractableAffordanceStateProvider.cs
 0.2 kb	 0.0% Assets/XRI/Settings/Resources/InteractionLayerSettings.asset
 0.2 kb	 0.0% Assets/Samples/XR Interaction Toolkit/3.5.1/Starter Assets/Scripts/ControllerInputActionManager.cs
 0.2 kb	 0.0% Assets/Samples/XR Interaction Toolkit/3.5.1/Starter Assets/DemoAssets/Scripts/MultiAnchorTeleportReticle.cs
 0.2 kb	 0.0% Packages/com.unity.xr.interaction.toolkit/Runtime/Locomotion/Teleportation/TeleportVolumeDestinationSettings.cs
 0.2 kb	 0.0% Packages/com.unity.xr.interaction.toolkit/Runtime/Locomotion/Teleportation/FurthestTeleportationAnchorFilter.cs
 0.2 kb	 0.0% Packages/com.unity.xr.interaction.toolkit/Runtime/Inputs/Haptics/XRInputDeviceHapticImpulseChannelGroup.cs
 0.2 kb	 0.0% Packages/com.unity.xr.interaction.toolkit/Runtime/AffordanceSystem/State/Provider/XRInteractorAffordanceStateProvider.cs
 0.2 kb	 0.0% Packages/com.unity.xr.interaction.toolkit/Runtime/AffordanceSystem/Receiver/ISynchronousAffordanceStateReceiver.cs
 0.2 kb	 0.0% Packages/com.unity.render-pipelines.universal/Runtime/RenderPipelineResources/UniversalRenderPipelineRuntimeXRResources.cs
 0.2 kb	 0.0% Packages/com.unity.render-pipelines.universal/Runtime/RenderPipelineResources/UniversalRenderPipelineRuntimeTerrainShaders.cs
 0.2 kb	 0.0% Packages/com.unity.render-pipelines.universal/Runtime/Debug/UniversalRenderPipelineVolumeDebugSettings.cs
 0.2 kb	 0.0% Packages/com.unity.render-pipelines.universal/Runtime/Debug/UniversalRenderPipelineDebugDisplaySettings.cs
 0.2 kb	 0.0% Assets/Samples/XR Interaction Toolkit/3.5.1/AR Starter Assets/Scripts/ARInteractorSpawnTrigger.cs
 0.2 kb	 0.0% Assets/Samples/XR Interaction Toolkit/3.5.1/AR Starter Assets/Scripts/ARContactSpawnTrigger.cs
 0.2 kb	 0.0% Packages/com.unity.xr.interaction.toolkit/Runtime/AffordanceSystem/Receiver/Rendering/BlendShapeAffordanceReceiver.cs
 0.2 kb	 0.0% Packages/com.unity.xr.interaction.toolkit/Runtime/AffordanceSystem/Receiver/Primitives/Vector4AffordanceReceiver.cs
 0.2 kb	 0.0% Packages/com.unity.xr.interaction.toolkit/Runtime/AffordanceSystem/Receiver/Primitives/Vector3AffordanceReceiver.cs
 0.2 kb	 0.0% Packages/com.unity.xr.interaction.toolkit/Runtime/AffordanceSystem/Receiver/Primitives/Vector2AffordanceReceiver.cs
 0.2 kb	 0.0% Packages/com.unity.xr.interaction.toolkit/Runtime/AffordanceSystem/Receiver/Primitives/QuaternionAffordanceReceiver.cs
 0.2 kb	 0.0% Packages/com.unity.render-pipelines.core/Runtime/RenderGraph/RenderGraphResourceAccelerationStructure.cs
 0.2 kb	 0.0% Assets/Samples/XR Interaction Toolkit/3.5.1/Starter Assets/Scripts/XRPokeFollowAffordance.cs
 0.2 kb	 0.0% Assets/Samples/XR Interaction Toolkit/3.5.1/Starter Assets/Scripts/PlatformUnderstanding.cs
 0.2 kb	 0.0% Assets/Samples/XR Interaction Toolkit/3.5.1/Starter Assets/Scripts/MaterialPipelineHandler.cs
 0.2 kb	 0.0% Packages/com.unity.xr.interaction.toolkit/Runtime/Utilities/Tweenables/Primitives/QuaternionTweenableVariable.cs
 0.2 kb	 0.0% Packages/com.unity.xr.interaction.toolkit/Runtime/Locomotion/Teleportation/TeleportationMultiAnchorVolume.cs
 0.2 kb	 0.0% Packages/com.unity.xr.interaction.toolkit/Runtime/Locomotion/Teleportation/ITeleportationVolumeAnchorFilter.cs
 0.2 kb	 0.0% Packages/com.unity.xr.interaction.toolkit/Runtime/Locomotion/Teleportation/GazeTeleportationAnchorFilter.cs
 0.2 kb	 0.0% Packages/com.unity.xr.interaction.toolkit/Runtime/Locomotion/Teleportation/BaseTeleportationInteractable.cs
 0.2 kb	 0.0% Packages/com.unity.xr.interaction.toolkit/Runtime/Inputs/Readers/XRInputDeviceQuaternionValueReader.cs
 0.2 kb	 0.0% Packages/com.unity.xr.interaction.toolkit/Runtime/Inputs/Haptics/XRInputDeviceHapticImpulseProvider.cs
 0.2 kb	 0.0% Packages/com.unity.xr.interaction.toolkit/Runtime/Inputs/Haptics/XRInputDeviceHapticImpulseChannel.cs
 0.2 kb	 0.0% Packages/com.unity.xr.interaction.toolkit/Runtime/AffordanceSystem/Theme/Primitives/Vector4AffordanceThemeDatum.cs
 0.2 kb	 0.0% Packages/com.unity.xr.interaction.toolkit/Runtime/AffordanceSystem/Theme/Primitives/Vector3AffordanceThemeDatum.cs
 0.2 kb	 0.0% Packages/com.unity.xr.interaction.toolkit/Runtime/AffordanceSystem/Theme/Primitives/Vector2AffordanceThemeDatum.cs
 0.2 kb	 0.0% Packages/com.unity.xr.interaction.toolkit/Runtime/AffordanceSystem/Theme/Primitives/FloatAffordanceThemeDatum.cs
 0.2 kb	 0.0% Packages/com.unity.xr.interaction.toolkit/Runtime/AffordanceSystem/Theme/Primitives/ColorAffordanceThemeDatum.cs
 0.2 kb	 0.0% Packages/com.unity.xr.interaction.toolkit/Runtime/AffordanceSystem/Receiver/IAsyncAffordanceStateReceiver.cs
 0.2 kb	 0.0% Packages/com.unity.xr.interaction.toolkit/Runtime/AR/Inputs/TouchscreenGestureInputControllerState.cs
 0.2 kb	 0.0% Packages/com.unity.xr.arfoundation/Runtime/InternalUtils/ShowInDebugInspectorOnlyAttribute.cs
 0.2 kb	 0.0% Packages/com.unity.render-pipelines.universal/Runtime/UniversalRenderPipelineGlobalSettings.cs
 0.2 kb	 0.0% Packages/com.unity.render-pipelines.universal/Runtime/RenderPipelineResources/UniversalRenderPipelineRuntimeTextures.cs
 0.2 kb	 0.0% Packages/com.unity.render-pipelines.universal/Runtime/RenderPipelineResources/UniversalRenderPipelineRuntimeShaders.cs
 0.2 kb	 0.0% Packages/com.unity.render-pipelines.universal/Runtime/RenderPipelineResources/UniversalRenderPipelineEditorMaterials.cs
 0.2 kb	 0.0% Packages/com.unity.render-pipelines.universal/Runtime/Debug/UniversalRenderPipelineDebugDisplayStats.cs
 0.2 kb	 0.0% Assets/Samples/XR Interaction Toolkit/3.5.1/AR Starter Assets/DemoAssets/Scripts/ARSampleMenuManager.cs
 0.2 kb	 0.0% Packages/com.unity.xr.interaction.toolkit/Runtime/Locomotion/ScriptableConstrainedBodyManipulator.cs
 0.2 kb	 0.0% Packages/com.unity.xr.interaction.toolkit/Runtime/Locomotion/CharacterControllerBodyManipulator.cs
 0.2 kb	 0.0% Packages/com.unity.xr.interaction.toolkit/Runtime/Interaction/Interactors/Visuals/ICurveInteractionDataProvider.cs
 0.2 kb	 0.0% Packages/com.unity.xr.interaction.toolkit/Runtime/Interaction/Interactables/IXRInteractionStrengthInteractable.cs
 0.2 kb	 0.0% Packages/com.unity.xr.interaction.toolkit/Runtime/AffordanceSystem/Theme/Audio/AudioAffordanceThemeDatum.cs
 0.2 kb	 0.0% Packages/com.unity.xr.interaction.toolkit/Runtime/AffordanceSystem/Rendering/MaterialPropertyBlockHelper.cs
 0.2 kb	 0.0% Packages/com.unity.xr.interaction.toolkit/Runtime/AffordanceSystem/Receiver/UI/ImageColorAffordanceReceiver.cs
 0.2 kb	 0.0% Packages/com.unity.xr.interaction.toolkit/Runtime/AffordanceSystem/Receiver/Primitives/FloatAffordanceReceiver.cs
 0.2 kb	 0.0% Packages/com.unity.xr.interaction.toolkit/Runtime/AffordanceSystem/Receiver/Primitives/ColorAffordanceReceiver.cs
 0.2 kb	 0.0% Packages/com.unity.xr.arfoundation/Runtime/ARFoundation/Images/MutableRuntimeReferenceImageLibraryExtensions.cs
 0.2 kb	 0.0% Packages/com.unity.render-pipelines.universal/Runtime/2D/Shadows/ShadowProvider/Providers/ShadowShape2DProvider_SpriteRenderer.cs
 0.2 kb	 0.0% Packages/com.unity.render-pipelines.core/Runtime/Stripping/RenderPipelineGraphicsSettingsStripperFetcher.cs
 0.2 kb	 0.0% Packages/com.unity.render-pipelines.core/Runtime/RenderGraph/IRenderGraphEnabledRenderPipeline.cs
 0.2 kb	 0.0% Packages/com.unity.multiplayer.center/Common/IOnboardingSectionAnalyticsProvider.cs
 0.2 kb	 0.0% Assets/Samples/XR Interaction Toolkit/3.5.1/Starter Assets/Scripts/ToggleComponentZone.cs
 0.2 kb	 0.0% Assets/Samples/XR Interaction Toolkit/3.5.1/Starter Assets/Scripts/ToggleColorToggler.cs
 0.2 kb	 0.0% Assets/Samples/XR Interaction Toolkit/3.5.1/Starter Assets/Scripts/PermissionsManager.cs
 0.2 kb	 0.0% Assets/Samples/XR Interaction Toolkit/3.5.1/Starter Assets/Scripts/DynamicMoveProvider.cs
 0.2 kb	 0.0% Assets/Samples/XR Interaction Toolkit/3.5.1/Starter Assets/Scripts/ControllerAnimator.cs
 0.2 kb	 0.0% Packages/com.unity.xr.interaction.toolkit/Runtime/Utilities/Tweenables/Primitives/Vector4TweenableVariable.cs
 0.2 kb	 0.0% Packages/com.unity.xr.interaction.toolkit/Runtime/Utilities/Tweenables/Primitives/Vector3TweenableVariable.cs
 0.2 kb	 0.0% Packages/com.unity.xr.interaction.toolkit/Runtime/Utilities/Tweenables/Primitives/Vector2TweenableVariable.cs
 0.2 kb	 0.0% Packages/com.unity.xr.interaction.toolkit/Runtime/Utilities/Tweenables/Primitives/FloatTweenableVariable.cs
 0.2 kb	 0.0% Packages/com.unity.xr.interaction.toolkit/Runtime/Utilities/Tweenables/Primitives/ColorTweenableVariable.cs
 0.2 kb	 0.0% Packages/com.unity.xr.interaction.toolkit/Runtime/Interaction/Attributes/XRTargetEvaluatorEnabledAttribute.cs
 0.2 kb	 0.0% Packages/com.unity.xr.interaction.toolkit/Runtime/Inputs/Simulation/SimulatedHandExpressionManager.cs
 0.2 kb	 0.0% Packages/com.unity.xr.interaction.toolkit/Runtime/Inputs/Simulation/SimulatedDeviceLifecycleManager.cs
 0.2 kb	 0.0% Packages/com.unity.xr.interaction.toolkit/Runtime/Inputs/Readers/XRInputDeviceVector3ValueReader.cs
 0.2 kb	 0.0% Packages/com.unity.xr.interaction.toolkit/Runtime/Inputs/Readers/XRInputDeviceVector2ValueReader.cs
 0.2 kb	 0.0% Packages/com.unity.xr.interaction.toolkit/Runtime/Inputs/Readers/XRInputDeviceFloatValueReader.cs
 0.2 kb	 0.0% Packages/com.unity.xr.interaction.toolkit/Runtime/Inputs/Haptics/HapticImpulseSingleChannelGroup.cs
 0.2 kb	 0.0% Packages/com.unity.xr.interaction.toolkit/Runtime/Inputs/Haptics/HapticImpulseCommandChannelGroup.cs
 0.2 kb	 0.0% Packages/com.unity.xr.interaction.toolkit/Runtime/AffordanceSystem/State/Provider/BaseAffordanceStateProvider.cs
 0.2 kb	 0.0% Packages/com.unity.xr.interaction.toolkit/Runtime/AffordanceSystem/Receiver/Audio/AudioAffordanceReceiver.cs
 0.2 kb	 0.0% Packages/com.unity.xr.interaction.toolkit/Runtime/AR/Inputs/TouchscreenGestureInputLayoutLoader.cs
 0.2 kb	 0.0% Packages/com.unity.xr.interaction.toolkit/Runtime/AR/Inputs/TouchscreenGestureInputController.cs
 0.2 kb	 0.0% Packages/com.unity.render-pipelines.universal/Runtime/RenderPipelineResources/UniversalRenderPipelineEditorShaders.cs
 0.2 kb	 0.0% Packages/com.unity.render-pipelines.universal/Runtime/RenderPipelineResources/UniversalRenderPipelineEditorAssets.cs
 0.2 kb	 0.0% Packages/com.unity.render-pipelines.universal/Runtime/RenderPipelineResources/UniversalRenderPipelineDebugShaders.cs
 0.2 kb	 0.0% Packages/com.unity.render-pipelines.universal/Runtime/Passes/AdditionalLightsShadowCasterPass.cs
 0.2 kb	 0.0% Packages/com.unity.render-pipelines.universal/Runtime/Passes/AdditionalLightsShadowAtlasLayout.cs
 0.2 kb	 0.0% Packages/com.unity.render-pipelines.core/Runtime/Stripping/RenderPipelineGraphicsSettingsStripperReport.cs
 0.2 kb	 0.0% Packages/com.unity.render-pipelines.core/Runtime/RenderGraph/Compiler/NativePassCompiler.Debug.cs
 0.2 kb	 0.0% Packages/com.unity.render-pipelines.core/Runtime/GPUDriven/OcclusionCullingCommonShaderVariables.cs
 0.2 kb	 0.0% Packages/com.unity.render-pipelines.core/Runtime/GPUDriven/InstanceOcclusionCullerShaderVariables.cs
 0.2 kb	 0.0% Packages/com.unity.xr.interaction.toolkit/Runtime/Utilities/RequireInterfaceAttribute.cs
 0.2 kb	 0.0% Packages/com.unity.xr.interaction.toolkit/Runtime/Locomotion/UnderCameraBodyPositionEvaluator.cs
 0.2 kb	 0.0% Packages/com.unity.xr.interaction.toolkit/Runtime/Locomotion/Movement/TwoHandedGrabMoveProvider.cs
 0.2 kb	 0.0% Packages/com.unity.xr.interaction.toolkit/Runtime/Locomotion/IConstrainedXRBodyManipulator.cs
 0.2 kb	 0.0% Packages/com.unity.xr.interaction.toolkit/Runtime/Locomotion/Comfort/TunnelingVignetteController.cs
 0.2 kb	 0.0% Packages/com.unity.xr.interaction.toolkit/Runtime/Locomotion/Climbing/ClimbSettingsDatumProperty.cs
 0.2 kb	 0.0% Packages/com.unity.xr.interaction.toolkit/Runtime/Interaction/Interactors/Visuals/XRInteractorReticleVisual.cs
 0.2 kb	 0.0% Packages/com.unity.xr.interaction.toolkit/Runtime/Interaction/Interactors/Visuals/IXRReticleDirectionProvider.cs
 0.2 kb	 0.0% Packages/com.unity.xr.interaction.toolkit/Runtime/Interaction/Interactors/IXRInteractionStrengthInteractor.cs
 0.2 kb	 0.0% Packages/com.unity.xr.interaction.toolkit/Runtime/Interaction/Interactables/Visuals/IXRInteractableCustomReticle.cs
 0.2 kb	 0.0% Packages/com.unity.xr.interaction.toolkit/Runtime/Inputs/Simulation/XRDeviceSimulatorLoader.deprecated.cs
 0.2 kb	 0.0% Packages/com.unity.xr.interaction.toolkit/Runtime/AffordanceSystem/Rendering/MaterialInstanceHelper.cs
 0.2 kb	 0.0% Packages/com.unity.render-pipelines.universal/Runtime/2D/Shadows/ShadowProvider/Providers/ShadowShape2DProvider_Collider.cs
 0.2 kb	 0.0% Packages/com.unity.render-pipelines.universal/Runtime/2D/CinemachineUniversalPixelPerfect.cs
 0.2 kb	 0.0% Packages/com.unity.render-pipelines.core/Runtime/Stripping/RenderPipelineGraphicsSettingsStripper.cs
 0.2 kb	 0.0% Packages/com.unity.render-pipelines.core/Runtime/RenderPipeline/RenderPipelineGraphicsSettingsContainer.cs
 0.2 kb	 0.0% Packages/com.unity.render-pipelines.core/Runtime/RenderGraph/Compiler/NativePassCompiler.cs
 0.2 kb	 0.0% Packages/com.unity.render-pipelines.core/Runtime/RenderGraph/Compiler/CompilerContextData.cs
 0.2 kb	 0.0% Packages/com.unity.render-pipelines.core/Runtime/Common/IVirtualTexturingEnabledRenderPipeline.cs
 0.2 kb	 0.0% Packages/com.unity.mathematics/Unity.Mathematics/Il2CppEagerStaticClassConstructionAttribute.cs
 0.2 kb	 0.0% Assets/Samples/XR Interaction Toolkit/3.5.1/Starter Assets/Scripts/ObjectSpawner.cs
 0.2 kb	 0.0% Assets/Samples/XR Interaction Toolkit/3.5.1/Starter Assets/Scripts/GazeInputManager.cs
 0.2 kb	 0.0% Assets/Samples/XR Interaction Toolkit/3.5.1/Starter Assets/DemoAssets/Scripts/IncrementUIText.cs
 0.2 kb	 0.0% Packages/com.unity.xr.interaction.toolkit/Runtime/Utilities/EditorComponentLocatorUtility.cs
 0.2 kb	 0.0% Packages/com.unity.xr.interaction.toolkit/Runtime/Locomotion/Teleportation/TeleportationProvider.cs
 0.2 kb	 0.0% Packages/com.unity.xr.interaction.toolkit/Runtime/Locomotion/Legacy/DeviceBasedContinuousTurnProvider.cs
 0.2 kb	 0.0% Packages/com.unity.xr.interaction.toolkit/Runtime/Locomotion/Legacy/DeviceBasedContinuousMoveProvider.cs
 0.2 kb	 0.0% Packages/com.unity.xr.interaction.toolkit/Runtime/Locomotion/Legacy/ActionBasedContinuousTurnProvider.cs
 0.2 kb	 0.0% Packages/com.unity.xr.interaction.toolkit/Runtime/Locomotion/Legacy/ActionBasedContinuousMoveProvider.cs
 0.2 kb	 0.0% Packages/com.unity.xr.interaction.toolkit/Runtime/Inputs/Simulation/XRSimulatedControllerState.cs
 0.2 kb	 0.0% Packages/com.unity.xr.interaction.toolkit/Runtime/Inputs/Simulation/XRInteractionSimulatorLoader.cs
 0.2 kb	 0.0% Packages/com.unity.xr.interaction.toolkit/Runtime/Inputs/Simulation/XRDeviceSimulatorSettings.cs
 0.2 kb	 0.0% Packages/com.unity.xr.interaction.toolkit/Runtime/Inputs/Simulation/SimulatedInputLayoutLoader.cs
 0.2 kb	 0.0% Packages/com.unity.xr.interaction.toolkit/Runtime/Inputs/Simulation/SimulatedHandPlaybackManager.cs
 0.2 kb	 0.0% Packages/com.unity.xr.interaction.toolkit/Runtime/Inputs/Simulation/Hands/HandExpressionCapture.cs
 0.2 kb	 0.0% Packages/com.unity.xr.interaction.toolkit/Runtime/Inputs/Readers/XRInputDeviceButtonReader.cs
 0.2 kb	 0.0% Packages/com.unity.xr.interaction.toolkit/Runtime/Inputs/Readers/XRInputDeviceBoolValueReader.cs
 0.2 kb	 0.0% Packages/com.unity.xr.interaction.toolkit/Runtime/Inputs/InputActionPropertyExtensions.cs
 0.2 kb	 0.0% Packages/com.unity.xr.interaction.toolkit/Runtime/Inputs/Haptics/XRInputHapticImpulseProvider.cs
 0.2 kb	 0.0% Packages/com.unity.xr.interaction.toolkit/Runtime/Inputs/Haptics/IXRHapticImpulseChannelGroup.cs
 0.2 kb	 0.0% Packages/com.unity.xr.interaction.toolkit/Runtime/Inputs/Haptics/HapticImpulseCommandChannel.cs
 0.2 kb	 0.0% Packages/com.unity.xr.interaction.toolkit/Runtime/Inputs/Haptics/HapticControlActionManager.cs
 0.2 kb	 0.0% Packages/com.unity.xr.interaction.toolkit/Runtime/AffordanceSystem/State/Data/AffordanceStateShortcuts.cs
 0.2 kb	 0.0% Packages/com.unity.xr.interaction.toolkit/Runtime/AffordanceSystem/Receiver/IAffordanceStateReceiver.cs
 0.2 kb	 0.0% Packages/com.unity.xr.interaction.toolkit/Runtime/AR/Interactables/GestureTransformationUtility.deprecated.cs
 0.2 kb	 0.0% Packages/com.unity.xr.interaction.toolkit/Runtime/AR/Inputs/TouchscreenGestureInputLoader.cs
 0.2 kb	 0.0% Packages/com.unity.render-pipelines.universal/Runtime/VolumeRequiresRendererFeatures.cs
 0.2 kb	 0.0% Packages/com.unity.render-pipelines.universal/Runtime/UniversalAdditionalCameraData.cs
 0.2 kb	 0.0% Packages/com.unity.render-pipelines.universal/Runtime/Settings/URPDefaultVolumeProfileSetting.cs
 0.2 kb	 0.0% Packages/com.unity.render-pipelines.universal/Runtime/RendererFeatures/FullScreenPassRendererFeature.cs
 0.2 kb	 0.0% Packages/com.unity.render-pipelines.universal/Runtime/RendererFeatures/DisallowMultipleRendererFeature.cs
 0.2 kb	 0.0% Packages/com.unity.render-pipelines.universal/Runtime/RenderGraph/RenderGraphGraphicsAutomatedTests.cs
 0.2 kb	 0.0% Packages/com.unity.render-pipelines.universal/Runtime/Passes/ScreenSpaceAmbientOcclusionPass.cs
 0.2 kb	 0.0% Packages/com.unity.render-pipelines.universal/Runtime/Passes/MainLightShadowCasterPass.cs
 0.2 kb	 0.0% Packages/com.unity.render-pipelines.universal/Runtime/Passes/InvokeOnRenderObjectCallbackPass.cs
 0.2 kb	 0.0% Packages/com.unity.render-pipelines.universal/Runtime/Decal/Entities/DecalUpdateCullingGroupSystem.cs
 0.2 kb	 0.0% Packages/com.unity.render-pipelines.universal/Runtime/Debug/DebugDisplaySettingsRendering.cs
 0.2 kb	 0.0% Packages/com.unity.render-pipelines.core/Runtime/UnifiedRayTracing/Hardware/HardwareRayTracingAccelStruct.cs
 0.2 kb	 0.0% Packages/com.unity.render-pipelines.core/Runtime/RenderGraph/RenderGraphUtilsResources.cs
 0.2 kb	 0.0% Packages/com.unity.render-pipelines.core/Runtime/Lighting/ProbeVolume/ProbeReferenceVolume.ReflProbeNormalization.cs
 0.2 kb	 0.0% Packages/com.unity.render-pipelines.core/Runtime/GPUDriven/OcclusionCullingDebugShaderVariables.cs
 0.2 kb	 0.0% Packages/com.unity.xr.interaction.toolkit/Runtime/UI/TrackedDevicePhysicsRaycaster.cs
 0.2 kb	 0.0% Packages/com.unity.xr.interaction.toolkit/Runtime/UI/TrackedDeviceGraphicRaycaster.cs
 0.2 kb	 0.0% Packages/com.unity.xr.interaction.toolkit/Runtime/Locomotion/Turning/ContinuousTurnProvider.cs
 0.2 kb	 0.0% Packages/com.unity.xr.interaction.toolkit/Runtime/Locomotion/Movement/ContinuousMoveProvider.cs
 0.2 kb	 0.0% Packages/com.unity.xr.interaction.toolkit/Runtime/Locomotion/Movement/ConstrainedMoveProvider.cs
 0.2 kb	 0.0% Packages/com.unity.xr.interaction.toolkit/Runtime/Locomotion/Climbing/ClimbTeleportInteractor.cs
 0.2 kb	 0.0% Packages/com.unity.xr.interaction.toolkit/Runtime/Interaction/Transformers/XRSingleGrabFreeTransformer.cs
 0.2 kb	 0.0% Packages/com.unity.xr.interaction.toolkit/Runtime/Interaction/Transformers/XRDualGrabFreeTransformer.cs
 0.2 kb	 0.0% Packages/com.unity.xr.interaction.toolkit/Runtime/Interaction/Interactors/Visuals/XRInteractorLineVisual.cs
 0.2 kb	 0.0% Packages/com.unity.xr.interaction.toolkit/Runtime/Interaction/Interactors/Visuals/IXRCustomReticleProvider.cs
 0.2 kb	 0.0% Packages/com.unity.xr.interaction.toolkit/Runtime/Interaction/Interactors/Visuals/CurveVisualController.deprecated.cs
 0.2 kb	 0.0% Packages/com.unity.xr.interaction.toolkit/Runtime/Interaction/Interactors/Visuals/CurveVisualController.cs
 0.2 kb	 0.0% Packages/com.unity.xr.interaction.toolkit/Runtime/Interaction/Interactors/IXRTargetPriorityInteractor.cs
 0.2 kb	 0.0% Packages/com.unity.xr.interaction.toolkit/Runtime/Interaction/Interactors/IXRInteractionOverrideGroup.cs
 0.2 kb	 0.0% Packages/com.unity.xr.interaction.toolkit/Runtime/Interaction/Interactors/Casters/SphereInteractionCaster.cs
 0.2 kb	 0.0% Packages/com.unity.xr.interaction.toolkit/Runtime/Interaction/Interactors/Casters/InteractionCasterBase.cs
 0.2 kb	 0.0% Packages/com.unity.xr.interaction.toolkit/Runtime/Interaction/Interactors/Casters/ICurveInteractionCaster.cs
 0.2 kb	 0.0% Packages/com.unity.xr.interaction.toolkit/Runtime/Interaction/Interactors/Casters/CurveInteractionCaster.cs
 0.2 kb	 0.0% Packages/com.unity.xr.interaction.toolkit/Runtime/Interaction/Interactables/Visuals/XRTintInteractableVisual.cs
 0.2 kb	 0.0% Packages/com.unity.xr.interaction.toolkit/Runtime/Interaction/Attachment/InteractionAttachController.cs
 0.2 kb	 0.0% Packages/com.unity.xr.interaction.toolkit/Runtime/Interaction/Attachment/IInteractionAttachController.cs
 0.2 kb	 0.0% Packages/com.unity.xr.interaction.toolkit/Runtime/Interaction/Attachment/IAttachPointVelocityTracker.cs
 0.2 kb	 0.0% Packages/com.unity.xr.interaction.toolkit/Runtime/Interaction/Attachment/IAttachPointVelocityProvider.cs
 0.2 kb	 0.0% Packages/com.unity.xr.interaction.toolkit/Runtime/Interaction/Attachment/AttachPointVelocityTracker.cs
 0.2 kb	 0.0% Packages/com.unity.xr.interaction.toolkit/Runtime/AffordanceSystem/Rendering/MaterialHelperBase.cs
 0.2 kb	 0.0% Packages/com.unity.xr.interaction.toolkit/Runtime/AR/Interactables/ARBaseGestureInteractable.deprecated.cs
 0.2 kb	 0.0% Packages/com.unity.xr.interaction.toolkit/Runtime/AR/Gestures/TwoFingerDragGestureRecognizer.cs
 0.2 kb	 0.0% Packages/com.unity.xr.arfoundation/Runtime/ARSubsystems/EnvironmentProbes/XREnvironmentProbeSubsystemDescriptor.cs
 0.2 kb	 0.0% Packages/com.unity.xr.arfoundation/Runtime/ARFoundation/Session/ARCommandBufferSupportRendererFeature.cs
 0.2 kb	 0.0% Packages/com.unity.xr.arfoundation/Runtime/ARFoundation/Camera/ARDefaultCameraBackgroundRenderingParams.cs
 0.2 kb	 0.0% Packages/com.unity.render-pipelines.universal/Runtime/UniversalRenderPipelineRenderGraph.cs
 0.2 kb	 0.0% Packages/com.unity.render-pipelines.universal/Runtime/2D/Shadows/ShadowCasterGroup2DManager.cs
 0.2 kb	 0.0% Packages/com.unity.render-pipelines.universal/Runtime/2D/Rendergraph/CopyCameraSortingLayerPass.cs
 0.2 kb	 0.0% Packages/com.unity.render-pipelines.universal/Runtime/2D/RendererFeatures/ScriptableRenderPass2D.cs
 0.2 kb	 0.0% Packages/com.unity.render-pipelines.universal/Runtime/2D/PixelPerfectCameraInternal.cs
 0.2 kb	 0.0% Packages/com.unity.render-pipelines.core/Runtime/Vrs/VrsRenderPipelineRuntimeResources.cs
 0.2 kb	 0.0% Packages/com.unity.render-pipelines.core/Runtime/Settings/RenderingDebuggerRuntimeResources.cs
 0.2 kb	 0.0% Packages/com.unity.render-pipelines.core/Runtime/RenderPipeline/RenderPipelineGlobalSettingsUtils.cs
 0.2 kb	 0.0% Packages/com.unity.render-pipelines.core/Runtime/RenderGraph/RenderGraphResourceRegistry.cs
 0.2 kb	 0.0% Packages/com.unity.render-pipelines.core/Runtime/RenderGraph/RenderGraphDefaultResources.cs
 0.2 kb	 0.0% Packages/com.unity.render-pipelines.core/Runtime/RenderGraph/Compiler/ResourcesData.cs
 0.2 kb	 0.0% Packages/com.unity.render-pipelines.core/Runtime/Lighting/ProbeVolume/ProbeVolumeConstantRuntimeResources.cs
 0.2 kb	 0.0% Packages/com.unity.render-pipelines.core/Runtime/Lighting/ProbeVolume/ProbeVolumeBakingSetWeakReference.cs
 0.2 kb	 0.0% Packages/com.unity.render-pipelines.core/Runtime/Lighting/ProbeVolume/IProbeVolumeEnabledRenderPipeline.cs
 0.2 kb	 0.0% Packages/com.unity.render-pipelines.core/Runtime/Debugging/Prefabs/Scripts/DebugUIHandlerRenderingLayerField.cs
 0.2 kb	 0.0% Assets/Samples/XR Interaction Toolkit/3.5.1/Starter Assets/Scripts/DestroySelf.cs
 0.2 kb	 0.0% Packages/com.unity.xr.interaction.toolkit/Runtime/Utilities/TriggerColliderFilterUtility.cs
 0.2 kb	 0.0% Packages/com.unity.xr.interaction.toolkit/Runtime/Utilities/DisposableManagerSingleton.cs
 0.2 kb	 0.0% Packages/com.unity.xr.interaction.toolkit/Runtime/Locomotion/XRBodyTransformations.cs
 0.2 kb	 0.0% Packages/com.unity.xr.interaction.toolkit/Runtime/Locomotion/Teleportation/TeleportingEventArgs.cs
 0.2 kb	 0.0% Packages/com.unity.xr.interaction.toolkit/Runtime/Locomotion/Teleportation/TeleportationArea.cs
 0.2 kb	 0.0% Packages/com.unity.xr.interaction.toolkit/Runtime/Locomotion/Teleportation/TeleportationAnchor.cs
 0.2 kb	 0.0% Packages/com.unity.xr.interaction.toolkit/Runtime/Interaction/Filtering/Target/Evaluators/IXRTargetEvaluatorLinkable.cs
 0.2 kb	 0.0% Packages/com.unity.xr.interaction.toolkit/Runtime/Interaction/Filtering/Poke/PokeThresholdDatumProperty.cs
 0.2 kb	 0.0% Packages/com.unity.xr.interaction.toolkit/Runtime/Interaction/Filtering/Poke/IMultiPokeStateDataProvider.cs
 0.2 kb	 0.0% Packages/com.unity.xr.interaction.toolkit/Runtime/Interaction/Filtering/InteractionStrength/IXRInteractionStrengthFilter.cs
 0.2 kb	 0.0% Packages/com.unity.xr.interaction.toolkit/Runtime/Inputs/XRInputTrackingAggregator.cs
 0.2 kb	 0.0% Packages/com.unity.xr.interaction.toolkit/Runtime/Inputs/XRHandSkeletonPokeDisplacer.cs
 0.2 kb	 0.0% Packages/com.unity.xr.interaction.toolkit/Runtime/Inputs/Simulation/XRSimulatedController.cs
 0.2 kb	 0.0% Packages/com.unity.xr.interaction.toolkit/Runtime/Inputs/Simulation/XRInteractionSimulator.cs
 0.2 kb	 0.0% Packages/com.unity.xr.interaction.toolkit/Runtime/Inputs/Simulation/SimulatedHandExpression.cs
 0.2 kb	 0.0% Packages/com.unity.xr.interaction.toolkit/Runtime/Inputs/Simulation/Hands/XRSimulatedHandState.cs
 0.2 kb	 0.0% Packages/com.unity.xr.interaction.toolkit/Runtime/Inputs/Simulation/Hands/HandExpressionName.cs
 0.2 kb	 0.0% Packages/com.unity.xr.interaction.toolkit/Runtime/Inputs/Readers/XRInputDeviceValueReader.cs
 0.2 kb	 0.0% Packages/com.unity.xr.interaction.toolkit/Runtime/Inputs/Haptics/IXRHapticImpulseProvider.cs
 0.2 kb	 0.0% Packages/com.unity.xr.interaction.toolkit/Runtime/Inputs/Haptics/IXRHapticImpulseChannel.cs
 0.2 kb	 0.0% Packages/com.unity.xr.interaction.toolkit/Runtime/AffordanceSystem/State/Data/AffordanceStateData.cs
 0.2 kb	 0.0% Packages/com.unity.xr.interaction.toolkit/Runtime/AR/Inputs/ScreenSpacePinchScaleInput.cs
 0.2 kb	 0.0% Packages/com.unity.xr.core-utils/Runtime/ARTrackablesParentTransformChangedEventArgs.cs
 0.2 kb	 0.0% Packages/com.unity.xr.arfoundation/Runtime/InternalUtils/UnitConversionUtility.cs
 0.2 kb	 0.0% Packages/com.unity.xr.arfoundation/Runtime/InternalUtils/SerializableGuidUtility.cs
 0.2 kb	 0.0% Packages/com.unity.xr.arfoundation/Runtime/ARFoundation/Deprecated/ARTrackedObjectsChangedEventArgs.deprecated.cs
 0.2 kb	 0.0% Packages/com.unity.xr.arfoundation/Runtime/ARFoundation/Deprecated/ARTrackedImagesChangedEventArgs.deprecated.cs
 0.2 kb	 0.0% Packages/com.unity.xr.arfoundation/Runtime/ARFoundation/Deprecated/ARParticipantsChangedEventArgs.deprecated.cs
 0.2 kb	 0.0% Packages/com.unity.xr.arfoundation/Runtime/ARFoundation/Deprecated/AREnvironmentProbesChangedEvent.deprecated.cs
 0.2 kb	 0.0% Packages/com.unity.xr.arcore/Runtime/ARCoreBeforeGetCameraConfigurationEventArgs.cs
 0.2 kb	 0.0% Packages/com.unity.render-pipelines.universal/Runtime/UniversalAdditionalLightData.cs
 0.2 kb	 0.0% Packages/com.unity.render-pipelines.universal/Runtime/Tiling/ReflectionProbeMinMaxZJob.cs
 0.2 kb	 0.0% Packages/com.unity.render-pipelines.universal/Runtime/Settings/URPShaderStrippingSetting.cs
 0.2 kb	 0.0% Packages/com.unity.render-pipelines.universal/Runtime/ScriptableRendererFeature.cs
 0.2 kb	 0.0% Packages/com.unity.render-pipelines.universal/Runtime/RendererFeatures/ScreenSpaceAmbientOcclusion.cs
 0.2 kb	 0.0% Packages/com.unity.render-pipelines.universal/Runtime/RendererFeatures/OnTilePostProcessResource.cs
 0.2 kb	 0.0% Packages/com.unity.render-pipelines.universal/Runtime/RenderTargetBufferSystem.cs
 0.2 kb	 0.0% Packages/com.unity.render-pipelines.universal/Runtime/RenderPipelineResources/UniversalRendererResources.cs
 0.2 kb	 0.0% Packages/com.unity.render-pipelines.universal/Runtime/Passes/StencilCrossFadeRenderPass.cs
 0.2 kb	 0.0% Packages/com.unity.render-pipelines.universal/Runtime/Passes/PostProcessPassRenderGraph.cs
 0.2 kb	 0.0% Packages/com.unity.render-pipelines.universal/Runtime/Overrides/ShadowsMidtonesHighlights.cs
 0.2 kb	 0.0% Packages/com.unity.render-pipelines.universal/Runtime/FrameData/UniversalPostProcessingData.cs
 0.2 kb	 0.0% Packages/com.unity.render-pipelines.universal/Runtime/Decal/ScreenSpace/DecalScreenSpaceRenderPass.cs
 0.2 kb	 0.0% Packages/com.unity.render-pipelines.universal/Runtime/Decal/Entities/DecalCreateDrawCallSystem.cs
 0.2 kb	 0.0% Packages/com.unity.render-pipelines.universal/Runtime/Debug/DebugDisplaySettingsMaterial.cs
 0.2 kb	 0.0% Packages/com.unity.render-pipelines.universal/Runtime/Debug/DebugDisplaySettingsLighting.cs
 0.2 kb	 0.0% Packages/com.unity.render-pipelines.universal/Runtime/Debug/DebugDisplaySettingsCommon.cs
 0.2 kb	 0.0% Packages/com.unity.render-pipelines.universal/Runtime/Data/UniversalRenderPipelineAsset.cs
 0.2 kb	 0.0% Packages/com.unity.render-pipelines.core/Runtime/UnifiedRayTracing/UnifiedRayTracingException.cs
 0.2 kb	 0.0% Packages/com.unity.render-pipelines.core/Runtime/UnifiedRayTracing/Hardware/HardwareRayTracingBackend.cs
 0.2 kb	 0.0% Packages/com.unity.render-pipelines.core/Runtime/UnifiedRayTracing/Compute/ComputeRayTracingAccelStruct.cs
 0.2 kb	 0.0% Packages/com.unity.render-pipelines.core/Runtime/RenderGraph/RenderGraphResourceRendererList.cs
 0.2 kb	 0.0% Packages/com.unity.render-pipelines.core/Runtime/RenderGraph/Compiler/PassesData.cs
 0.2 kb	 0.0% Packages/com.unity.render-pipelines.core/Runtime/GPUDriven/OccluderDepthPyramidConstants.cs
 0.2 kb	 0.0% Packages/com.unity.render-pipelines.core/Runtime/GPUDriven/Debug/DebugDisplayGPUResidentDrawer.cs
 0.2 kb	 0.0% Packages/com.unity.collections/Unity.Collections/GenerateTestsForBurstCompatibilityAttribute.cs
 0.2 kb	 0.0% Packages/com.unity.xr.interaction.toolkit/Runtime/UI/RegisteredUIInteractorCache.cs
 0.2 kb	 0.0% Packages/com.unity.xr.interaction.toolkit/Runtime/Locomotion/IXRBodyTransformation.cs
 0.2 kb	 0.0% Packages/com.unity.xr.interaction.toolkit/Runtime/Locomotion/IXRBodyPositionEvaluator.cs
 0.2 kb	 0.0% Packages/com.unity.xr.interaction.toolkit/Runtime/Locomotion/Gravity/IGravityController.cs
 0.2 kb	 0.0% Packages/com.unity.xr.interaction.toolkit/Runtime/Locomotion/Climbing/ClimbSettingsDatum.cs
 0.2 kb	 0.0% Packages/com.unity.xr.interaction.toolkit/Runtime/Locomotion/Climbing/ClimbInteractable.cs
 0.2 kb	 0.0% Packages/com.unity.xr.interaction.toolkit/Runtime/Interaction/Transformers/XRSocketGrabTransformer.cs
 0.2 kb	 0.0% Packages/com.unity.xr.interaction.toolkit/Runtime/Interaction/Transformers/XRLegacyGrabTransformer.cs
 0.2 kb	 0.0% Packages/com.unity.xr.interaction.toolkit/Runtime/Interaction/Transformers/XRGeneralGrabTransformer.cs
 0.2 kb	 0.0% Packages/com.unity.xr.interaction.toolkit/Runtime/Interaction/Transformers/XRBaseGrabTransformer.cs
 0.2 kb	 0.0% Packages/com.unity.xr.interaction.toolkit/Runtime/Interaction/Interactors/XRBaseInputInteractor.cs
 0.2 kb	 0.0% Packages/com.unity.xr.interaction.toolkit/Runtime/Interaction/Interactors/IXRScaleValueProvider.cs
 0.2 kb	 0.0% Packages/com.unity.xr.interaction.toolkit/Runtime/Interaction/Interactors/IXRActivateInteractor.cs
 0.2 kb	 0.0% Packages/com.unity.xr.interaction.toolkit/Runtime/Interaction/Interactors/Casters/IInteractionCaster.cs
 0.2 kb	 0.0% Packages/com.unity.xr.interaction.toolkit/Runtime/Interaction/Interactables/XRInteractableSnapVolume.cs
 0.2 kb	 0.0% Packages/com.unity.xr.interaction.toolkit/Runtime/Interaction/Interactables/IXRSelectInteractable.cs
 0.2 kb	 0.0% Packages/com.unity.xr.interaction.toolkit/Runtime/Interaction/Interactables/IXRActivateInteractable.cs
 0.2 kb	 0.0% Packages/com.unity.xr.interaction.toolkit/Runtime/Interaction/Gaze/IXROverridesGazeAutoSelect.cs
 0.2 kb	 0.0% Packages/com.unity.xr.interaction.toolkit/Runtime/Inputs/Interactions/SectorInteraction.cs
 0.2 kb	 0.0% Packages/com.unity.xr.interaction.toolkit/Runtime/Inputs/Composites/FallbackComposite.cs
 0.2 kb	 0.0% Packages/com.unity.xr.interaction.toolkit/Runtime/AR/Interactables/ARTranslationInteractable.cs
 0.2 kb	 0.0% Packages/com.unity.xr.arfoundation/Runtime/ARSubsystems/Objects/XRObjectTrackingSubsystemDescriptor.cs
 0.2 kb	 0.0% Packages/com.unity.xr.arfoundation/Runtime/ARSubsystems/Images/XRImageTrackingSubsystemDescriptor.cs
 0.2 kb	 0.0% Packages/com.unity.xr.arfoundation/Runtime/ARSubsystems/Images/MutableRuntimeReferenceImageLibrary.cs
 0.2 kb	 0.0% Packages/com.unity.xr.arfoundation/Runtime/ARSubsystems/Camera/XRCameraBackgroundRenderingParams.cs
 0.2 kb	 0.0% Packages/com.unity.xr.arfoundation/Runtime/ARFoundation/Deprecated/ARHumanBodiesChangedEventArgs.deprecated.cs
 0.2 kb	 0.0% Packages/com.unity.xr.arfoundation/Runtime/ARFoundation/Camera/CameraBackgroundRenderingMode.cs
 0.2 kb	 0.0% Packages/com.unity.render-pipelines.universal/Runtime/UniversalRenderPipelineCore.cs
 0.2 kb	 0.0% Packages/com.unity.render-pipelines.universal/Runtime/FrameData/UniversalResourceBase.cs
 0.2 kb	 0.0% Packages/com.unity.render-pipelines.universal/Runtime/2D/URP2D_GraphicsExtensions.cs
 0.2 kb	 0.0% Packages/com.unity.render-pipelines.universal/Runtime/2D/Shadows/ShadowProvider/ShadowShape2DProvider.cs
 0.2 kb	 0.0% Packages/com.unity.render-pipelines.universal/Runtime/2D/Shadows/CompositeShadowCaster2D.cs
 0.2 kb	 0.0% Packages/com.unity.render-pipelines.core/Runtime/Utilities/CoreRenderPipelinePreferences.cs
 0.2 kb	 0.0% Packages/com.unity.render-pipelines.core/Runtime/Settings/IDefaultVolumeProfileSettings.cs
 0.2 kb	 0.0% Packages/com.unity.render-pipelines.core/Runtime/RenderGraph/RenderGraphResourcePool.cs
 0.2 kb	 0.0% Packages/com.unity.render-pipelines.core/Runtime/RenderGraph/RenderGraphObjectPool.cs
 0.2 kb	 0.0% Packages/com.unity.render-pipelines.core/Runtime/RenderGraph/Debug/RenderGraphDebugSession.cs
 0.2 kb	 0.0% Packages/com.unity.render-pipelines.core/Runtime/RenderGraph/Debug/RenderGraphDebugParams.cs
 0.2 kb	 0.0% Packages/com.unity.render-pipelines.core/Runtime/RenderGraph/Debug/RenderGraph.DebugDataSerialization.cs
 0.2 kb	 0.0% Packages/com.unity.render-pipelines.core/Runtime/RenderGraph/Debug/DebugDisplaySettingsRenderGraph.cs
 0.2 kb	 0.0% Packages/com.unity.render-pipelines.core/Runtime/Lighting/ProbeVolume/ProbeVolumeBakingProcessSettings.cs
 0.2 kb	 0.0% Packages/com.unity.render-pipelines.core/Runtime/Debugging/Prefabs/Scripts/DebugUIHandlerPersistentCanvas.cs
 0.2 kb	 0.0% Packages/com.unity.render-pipelines.core/Runtime/Debugging/Prefabs/Scripts/DebugUIHandlerObjectPopupField.cs
 0.2 kb	 0.0% Packages/com.unity.render-pipelines.core/Runtime/Debugging/Prefabs/Scripts/DebugUIHandlerIndirectFloatField.cs
 0.2 kb	 0.0% Packages/com.unity.render-pipelines.core/Runtime/Debugging/DebugDisplaySettingsHDROutput.cs
 0.2 kb	 0.0% Packages/com.unity.render-pipelines.core/Runtime/Common/GlobalDynamicResolutionSettings.cs
 0.2 kb	 0.0% Packages/com.unity.inputsystem/InputSystem/Runtime/Devices/Commands/QueryEditorWindowCoordinatesCommand.cs
 0.2 kb	 0.0% Packages/com.unity.inputsystem/InputSystem/Runtime/Devices/Commands/InitiateUserAccountPairingCommand.cs
 0.2 kb	 0.0% Packages/com.unity.inputsystem/InputSystem/Editor/UITKAssetEditor/Views/CompositePartBindingPropertiesView.cs
 0.2 kb	 0.0% Packages/com.unity.inputsystem/InputSystem/Editor/UITKAssetEditor/Views/CollectionViewSelectionChangeFilter.cs
 0.2 kb	 0.0% Packages/com.unity.inputsystem/InputSystem/Editor/UITKAssetEditor/InputActionsEditorSettingsProvider.cs
 0.2 kb	 0.0% Packages/com.unity.inputsystem/InputSystem/Editor/PropertyDrawers/InputActionReferenceSearchProviders.cs
 0.2 kb	 0.0% Packages/com.unity.inputsystem/InputSystem/Editor/PropertyDrawers/InputActionReferencePropertyDrawer.cs
 0.2 kb	 0.0% Packages/com.unity.inputsystem/InputSystem/Editor/Devices/Remote/RemoteInputPlayerConnectionEditor.cs
 0.2 kb	 0.0% Packages/com.unity.inputsystem/InputSystem/Editor/Analytics/InputActionsEditorSessionAnalytic.cs
 0.2 kb	 0.0% Packages/com.unity.inputsystem/InputSystem/Editor/Actions/InputControlSchemeEditorExtensions.cs
 0.2 kb	 0.0% Packages/com.unity.xr.interaction.toolkit/Runtime/Utilities/XRDebugLineVisualizer.cs
 0.2 kb	 0.0% Packages/com.unity.xr.interaction.toolkit/Runtime/Utilities/TriggerContactMonitor.cs
 0.2 kb	 0.0% Packages/com.unity.xr.interaction.toolkit/Runtime/Utilities/ScriptableSingletonCache.cs
 0.2 kb	 0.0% Packages/com.unity.xr.interaction.toolkit/Runtime/Utilities/Interaction/XRInteractableUtility.cs
 0.2 kb	 0.0% Packages/com.unity.xr.interaction.toolkit/Runtime/UI/TrackedDeviceModel.deprecated.cs
 0.2 kb	 0.0% Packages/com.unity.xr.interaction.toolkit/Runtime/Locomotion/LocomotionState.cs
 0.2 kb	 0.0% Packages/com.unity.xr.interaction.toolkit/Runtime/Locomotion/Legacy/DeviceBasedSnapTurnProvider.cs
 0.2 kb	 0.0% Packages/com.unity.xr.interaction.toolkit/Runtime/Locomotion/Legacy/ContinuousTurnProviderBase.cs
 0.2 kb	 0.0% Packages/com.unity.xr.interaction.toolkit/Runtime/Locomotion/Legacy/ContinuousMoveProviderBase.cs
 0.2 kb	 0.0% Packages/com.unity.xr.interaction.toolkit/Runtime/Locomotion/Legacy/CharacterControllerDriver.cs
 0.2 kb	 0.0% Packages/com.unity.xr.interaction.toolkit/Runtime/Locomotion/Legacy/ActionBasedSnapTurnProvider.cs
 0.2 kb	 0.0% Packages/com.unity.xr.interaction.toolkit/Runtime/Interaction/XRInteractionRuntimeSettings.cs
 0.2 kb	 0.0% Packages/com.unity.xr.interaction.toolkit/Runtime/Interaction/Interactors/XRBaseControllerInteractor.cs
 0.2 kb	 0.0% Packages/com.unity.xr.interaction.toolkit/Runtime/Interaction/IXRParentInteractableLink.cs
 0.2 kb	 0.0% Packages/com.unity.xr.interaction.toolkit/Runtime/Interaction/Filtering/Target/Evaluators/XRLastSelectedEvaluator.cs
 0.2 kb	 0.0% Packages/com.unity.xr.interaction.toolkit/Runtime/Interaction/Filtering/Poke/IPokeStateDataProvider.cs
 0.2 kb	 0.0% Packages/com.unity.xr.interaction.toolkit/Runtime/Interaction/Filtering/Hover/TouchscreenHoverFilter.cs
 0.2 kb	 0.0% Packages/com.unity.xr.interaction.toolkit/Runtime/Interaction/Attributes/CanSelectMultipleAttribute.cs
 0.2 kb	 0.0% Packages/com.unity.xr.interaction.toolkit/Runtime/Interaction/Attributes/CanFocusMultipleAttribute.cs
 0.2 kb	 0.0% Packages/com.unity.xr.interaction.toolkit/Runtime/Inputs/XRTransformStabilizer.cs
 0.2 kb	 0.0% Packages/com.unity.xr.interaction.toolkit/Runtime/Inputs/XRInputModalityManager.cs
 0.2 kb	 0.0% Packages/com.unity.xr.interaction.toolkit/Runtime/Inputs/Simulation/XRSimulatorUtility.cs
 0.2 kb	 0.0% Packages/com.unity.xr.interaction.toolkit/Runtime/Inputs/Simulation/XRSimulatedHMDState.cs
 0.2 kb	 0.0% Packages/com.unity.xr.interaction.toolkit/Runtime/Inputs/Simulation/XRDeviceSimulator.cs
 0.2 kb	 0.0% Packages/com.unity.xr.interaction.toolkit/Runtime/Inputs/Readers/XRInputValueReader.cs
 0.2 kb	 0.0% Packages/com.unity.xr.interaction.toolkit/Runtime/Inputs/Readers/XRInputReaderUtility.cs
 0.2 kb	 0.0% Packages/com.unity.xr.interaction.toolkit/Runtime/Inputs/Readers/XRInputButtonReader.cs
 0.2 kb	 0.0% Packages/com.unity.xr.interaction.toolkit/Runtime/Inputs/Haptics/HapticImpulsePlayer.cs
 0.2 kb	 0.0% Packages/com.unity.xr.interaction.toolkit/Runtime/AR/Inputs/ScreenSpaceSelectInput.cs
 0.2 kb	 0.0% Packages/com.unity.xr.interaction.toolkit/Runtime/AR/Inputs/ScreenSpaceRotateInput.cs
 0.2 kb	 0.0% Packages/com.unity.xr.interaction.toolkit/Runtime/AR/Inputs/ScreenSpaceRayPoseDriver.cs
 0.2 kb	 0.0% Packages/com.unity.xr.interaction.toolkit/Runtime/AR/Gestures/TwoFingerDragGesture.deprecated.cs
 0.2 kb	 0.0% Packages/com.unity.xr.arfoundation/Runtime/InternalUtils/TextureExtensions.cs
 0.2 kb	 0.0% Packages/com.unity.xr.arfoundation/Runtime/InternalUtils/ObjectPoolCreateUtil.cs
 0.2 kb	 0.0% Packages/com.unity.xr.arfoundation/Runtime/ARSubsystems/PointClouds/XRDepthSubsystemDescriptor.deprecated.cs
 0.2 kb	 0.0% Packages/com.unity.xr.arfoundation/Runtime/ARFoundation/Deprecated/ARPointCloudChangedEventArgs.deprecated.cs
 0.2 kb	 0.0% Packages/com.unity.xr.arcore/Runtime/ARCoreBeforeSetConfigurationEventArgs.cs
 0.2 kb	 0.0% Packages/com.unity.render-pipelines.universal/Runtime/UniversalRendererRenderGraph.cs
 0.2 kb	 0.0% Packages/com.unity.render-pipelines.universal/Runtime/UniversalRendererData.cs
 0.2 kb	 0.0% Packages/com.unity.render-pipelines.universal/Runtime/UniversalRenderPipeline.cs
 0.2 kb	 0.0% Packages/com.unity.render-pipelines.universal/Runtime/UniversalCameraHistory.cs
 0.2 kb	 0.0% Packages/com.unity.render-pipelines.universal/Runtime/Tiling/TileRangeExpansionJob.cs
 0.2 kb	 0.0% Packages/com.unity.render-pipelines.universal/Runtime/SupportedOnRenderer.cs
 0.2 kb	 0.0% Packages/com.unity.render-pipelines.universal/Runtime/Settings/URPTerrainShaderSetting.cs
 0.2 kb	 0.0% Packages/com.unity.render-pipelines.universal/Runtime/Settings/URPReflectionProbeSettings.cs
 0.2 kb	 0.0% Packages/com.unity.render-pipelines.universal/Runtime/ScriptableRendererData.cs
 0.2 kb	 0.0% Packages/com.unity.render-pipelines.universal/Runtime/RendererFeatures/FullScreenPassRendererFeature_OldGUID.cs
 0.2 kb	 0.0% Packages/com.unity.render-pipelines.universal/Runtime/ReflectionProbeManager.cs
 0.2 kb	 0.0% Packages/com.unity.render-pipelines.universal/Runtime/Passes/TransparentSettingsPass.cs
 0.2 kb	 0.0% Packages/com.unity.render-pipelines.universal/Runtime/Passes/MotionVectorRenderPass.cs
 0.2 kb	 0.0% Packages/com.unity.render-pipelines.universal/Runtime/Passes/DrawScreenSpaceUIPass.cs
 0.2 kb	 0.0% Packages/com.unity.render-pipelines.universal/Runtime/Passes/DepthNormalOnlyPass.cs
 0.2 kb	 0.0% Packages/com.unity.render-pipelines.universal/Runtime/Passes/ColorGradingLutPass.cs
 0.2 kb	 0.0% Packages/com.unity.render-pipelines.universal/Runtime/NormalReconstruction.cs
 0.2 kb	 0.0% Packages/com.unity.render-pipelines.universal/Runtime/FrameData/UniversalResourceData.cs
 0.2 kb	 0.0% Packages/com.unity.render-pipelines.universal/Runtime/FrameData/UniversalRenderingData.cs
 0.2 kb	 0.0% Packages/com.unity.render-pipelines.universal/Runtime/FrameData/Universal2DResourceData.cs
 0.2 kb	 0.0% Packages/com.unity.render-pipelines.universal/Runtime/Decal/ScreenSpace/DecalGBufferRenderPass.cs
 0.2 kb	 0.0% Packages/com.unity.render-pipelines.universal/Runtime/Decal/Entities/DecalUpdateCulledSystem.cs
 0.2 kb	 0.0% Packages/com.unity.render-pipelines.universal/Runtime/Decal/Entities/DecalUpdateCachedSystem.cs
 0.2 kb	 0.0% Packages/com.unity.render-pipelines.universal/Runtime/Decal/Entities/DecalSkipCulledSystem.cs
 0.2 kb	 0.0% Packages/com.unity.render-pipelines.universal/Runtime/Decal/DBuffer/DecalForwardEmissivePass.cs
 0.2 kb	 0.0% Packages/com.unity.render-pipelines.core/Runtime/XR/XRBuiltinShaderConstants.cs
 0.2 kb	 0.0% Packages/com.unity.render-pipelines.core/Runtime/UnifiedRayTracing/IRayTracingAccelStruct.cs
 0.2 kb	 0.0% Packages/com.unity.render-pipelines.core/Runtime/UnifiedRayTracing/Hardware/HardwareRayTracingShader.cs
 0.2 kb	 0.0% Packages/com.unity.render-pipelines.core/Runtime/UnifiedRayTracing/Compute/ComputeRayTracingShader.cs
 0.2 kb	 0.0% Packages/com.unity.render-pipelines.core/Runtime/UnifiedRayTracing/Compute/ComputeRayTracingBackend.cs
 0.2 kb	 0.0% Packages/com.unity.render-pipelines.core/Runtime/Settings/IDefaultVolumeProfileResource.cs
 0.2 kb	 0.0% Packages/com.unity.render-pipelines.core/Runtime/RenderGraph/RenderGraphResourceTexture.cs
 0.2 kb	 0.0% Packages/com.unity.render-pipelines.core/Runtime/RenderGraph/RenderGraph.ExceptionMessages.cs
 0.2 kb	 0.0% Packages/com.unity.render-pipelines.core/Runtime/RenderGraph/IRenderGraphBuilder.cs
 0.2 kb	 0.0% Packages/com.unity.render-pipelines.core/Runtime/GPUDriven/InstanceCullingBatcherBurst.cs
 0.2 kb	 0.0% Packages/com.unity.render-pipelines.core/Runtime/GPUDriven/IGPUResidentRenderPipeline.cs
 0.2 kb	 0.0% Packages/com.unity.render-pipelines.core/Runtime/GPUDriven/GPUResidentDrawerResources.cs
 0.2 kb	 0.0% Packages/com.unity.render-pipelines.core/Runtime/GPUDriven/Components/DisallowGPUDrivenRendering.cs
 0.2 kb	 0.0% Packages/com.unity.render-pipelines.core/Runtime-PrivateShared/AssemblyInfo.cs
 0.2 kb	 0.0% Packages/com.unity.inputsystem/InputSystem/Editor/Plugins/UI/StandaloneInputModuleEditor.cs
 0.2 kb	 0.0% Packages/com.unity.inputsystem/InputSystem/Editor/Plugins/UI/InputSystemUIInputModuleEditor.cs
 0.1 kb	 0.0% Packages/com.unity.xr.interaction.toolkit/Runtime/XRHelpURLConstants.deprecated.cs
 0.1 kb	 0.0% Packages/com.unity.xr.interaction.toolkit/Runtime/UI/XRUIToolkitPokeHandler.cs
 0.1 kb	 0.0% Packages/com.unity.xr.interaction.toolkit/Runtime/UI/TrackedDeviceEventData.cs
 0.1 kb	 0.0% Packages/com.unity.xr.interaction.toolkit/Runtime/Locomotion/XRBodyTransformer.cs
 0.1 kb	 0.0% Packages/com.unity.xr.interaction.toolkit/Runtime/Locomotion/Turning/SnapTurnProvider.cs
 0.1 kb	 0.0% Packages/com.unity.xr.interaction.toolkit/Runtime/Locomotion/Movement/GrabMoveProvider.cs
 0.1 kb	 0.0% Packages/com.unity.xr.interaction.toolkit/Runtime/Locomotion/LocomotionProvider.cs
 0.1 kb	 0.0% Packages/com.unity.xr.interaction.toolkit/Runtime/Locomotion/LocomotionMediator.cs
 0.1 kb	 0.0% Packages/com.unity.xr.interaction.toolkit/Runtime/Locomotion/Gravity/GravityProvider.cs
 0.1 kb	 0.0% Packages/com.unity.xr.interaction.toolkit/Runtime/Locomotion/Climbing/ClimbSettings.cs
 0.1 kb	 0.0% Packages/com.unity.xr.interaction.toolkit/Runtime/Locomotion/Climbing/ClimbProvider.cs
 0.1 kb	 0.0% Packages/com.unity.xr.interaction.toolkit/Runtime/Interaction/XRInteractionEvents.deprecated.cs
 0.1 kb	 0.0% Packages/com.unity.xr.interaction.toolkit/Runtime/Interaction/Transformers/IXRGrabTransformer.cs
 0.1 kb	 0.0% Packages/com.unity.xr.interaction.toolkit/Runtime/Interaction/Transformers/IXRDropTransformer.cs
 0.1 kb	 0.0% Packages/com.unity.xr.interaction.toolkit/Runtime/Interaction/Interactors/XRSocketInteractor.cs
 0.1 kb	 0.0% Packages/com.unity.xr.interaction.toolkit/Runtime/Interaction/Interactors/XRInteractionGroup.cs
 0.1 kb	 0.0% Packages/com.unity.xr.interaction.toolkit/Runtime/Interaction/Interactors/XRDirectInteractor.cs
 0.1 kb	 0.0% Packages/com.unity.xr.interaction.toolkit/Runtime/Interaction/Interactors/NearFarInteractor.cs
 0.1 kb	 0.0% Packages/com.unity.xr.interaction.toolkit/Runtime/Interaction/Interactors/IXRSelectInteractor.cs
 0.1 kb	 0.0% Packages/com.unity.xr.interaction.toolkit/Runtime/Interaction/Interactors/IXRInteractionGroup.cs
 0.1 kb	 0.0% Packages/com.unity.xr.interaction.toolkit/Runtime/Interaction/Interactors/IXRHoverInteractor.cs
 0.1 kb	 0.0% Packages/com.unity.xr.interaction.toolkit/Runtime/Interaction/Interactables/XRSimpleInteractable.cs
 0.1 kb	 0.0% Packages/com.unity.xr.interaction.toolkit/Runtime/Interaction/Interactables/XRGrabInteractable.cs
 0.1 kb	 0.0% Packages/com.unity.xr.interaction.toolkit/Runtime/Interaction/Interactables/XRBaseInteractable.cs
 0.1 kb	 0.0% Packages/com.unity.xr.interaction.toolkit/Runtime/Interaction/Interactables/IXRHoverInteractable.cs
 0.1 kb	 0.0% Packages/com.unity.xr.interaction.toolkit/Runtime/Interaction/Interactables/IXRFocusInteractable.cs
 0.1 kb	 0.0% Packages/com.unity.xr.interaction.toolkit/Runtime/Interaction/Attachment/IFarAttachProvider.cs
 0.1 kb	 0.0% Packages/com.unity.xr.interaction.toolkit/Runtime/AffordanceSystem/Jobs/FloatTweenJob.cs
 0.1 kb	 0.0% Packages/com.unity.xr.interaction.toolkit/Runtime/AffordanceSystem/Jobs/ColorTweenJob.cs
 0.1 kb	 0.0% Packages/com.unity.xr.interaction.toolkit/Runtime/AR/Interactables/ARSelectionInteractable.cs
 0.1 kb	 0.0% Packages/com.unity.xr.interaction.toolkit/Runtime/AR/Interactables/ARRotationInteractable.cs
 0.1 kb	 0.0% Packages/com.unity.xr.interaction.toolkit/Runtime/AR/Interactables/ARPlacementInteractable.cs
 0.1 kb	 0.0% Packages/com.unity.xr.interaction.toolkit/Runtime/AR/Interactables/ARAnnotationInteractable.cs
 0.1 kb	 0.0% Packages/com.unity.xr.interaction.toolkit/Runtime/AR/Gestures/TwistGestureRecognizer.cs
 0.1 kb	 0.0% Packages/com.unity.xr.interaction.toolkit/Runtime/AR/Gestures/PinchGestureRecognizer.cs
 0.1 kb	 0.0% Packages/com.unity.xr.interaction.toolkit/Runtime/AR/Gestures/GestureTouchesUtility.cs
 0.1 kb	 0.0% Packages/com.unity.xr.interaction.toolkit/Runtime/AR/Gestures/DragGestureRecognizer.cs
 0.1 kb	 0.0% Packages/com.unity.xr.arfoundation/Runtime/ARSubsystems/PointClouds/XRPointCloudSubsystemDescriptor.cs
 0.1 kb	 0.0% Packages/com.unity.xr.arfoundation/Runtime/ARSubsystems/Planes/PlaneClassification.deprecated.cs
 0.1 kb	 0.0% Packages/com.unity.xr.arfoundation/Runtime/ARSubsystems/Participants/XRParticipantSubsystemDescriptor.cs
 0.1 kb	 0.0% Packages/com.unity.xr.arfoundation/Runtime/ARSubsystems/Occlusion/XROcclusionSubsystemDescriptor.cs
 0.1 kb	 0.0% Packages/com.unity.xr.arfoundation/Runtime/ARSubsystems/Images/AddReferenceImageJobStatus.cs
 0.1 kb	 0.0% Packages/com.unity.xr.arfoundation/Runtime/ARSubsystems/HumanBodies/XRHumanBodySubsystemDescriptor.cs
 0.1 kb	 0.0% Packages/com.unity.xr.arfoundation/Runtime/ARSubsystems/BoundingBoxes/XRBoundingBoxSubsystemDescriptor.cs
 0.1 kb	 0.0% Packages/com.unity.xr.arfoundation/Runtime/ARFoundation/Session/ARSessionStateChangedEventArgs.cs
 0.1 kb	 0.0% Packages/com.unity.xr.arfoundation/Runtime/ARFoundation/PointClouds/ARPointCloudParticleVisualizer.cs
 0.1 kb	 0.0% Packages/com.unity.xr.arfoundation/Runtime/ARFoundation/Planes/PlaneDetectionModeMaskAttribute.cs
 0.1 kb	 0.0% Packages/com.unity.xr.arfoundation/Runtime/ARFoundation/Planes/ARPlaneBoundaryChangedEventArgs.cs
 0.1 kb	 0.0% Packages/com.unity.xr.arfoundation/Runtime/ARFoundation/Deprecated/ARAnchorsChangedEventArgs.deprecated.cs
 0.1 kb	 0.0% Packages/com.unity.render-pipelines.universal/Runtime/UniversalRendererDebug.cs
 0.1 kb	 0.0% Packages/com.unity.render-pipelines.universal/Runtime/MotionVectors.cs
 0.1 kb	 0.0% Packages/com.unity.render-pipelines.universal/Runtime/Decal/DecalDrawErrorRenderPass.cs
 0.1 kb	 0.0% Packages/com.unity.render-pipelines.universal/Runtime/2D/Shadows/ShadowProvider/ShapeProviderUtility.cs
 0.1 kb	 0.0% Packages/com.unity.render-pipelines.universal/Runtime/2D/Shadows/ShadowCasterGroup2D.cs
 0.1 kb	 0.0% Packages/com.unity.render-pipelines.universal/Runtime/2D/Rendergraph/GlobalPropertiesPass.cs
 0.1 kb	 0.0% Packages/com.unity.render-pipelines.universal/Runtime/2D/Rendergraph/DrawRenderer2DPass.cs
 0.1 kb	 0.0% Packages/com.unity.render-pipelines.universal/Runtime/2D/PixelPerfectCamera.cs
 0.1 kb	 0.0% Packages/com.unity.render-pipelines.universal/Runtime/2D/Passes/Utility/Light2DLookupTexture.cs
 0.1 kb	 0.0% Packages/com.unity.render-pipelines.universal/Runtime/2D/Light2DCullResult.cs
 0.1 kb	 0.0% Packages/com.unity.render-pipelines.universal/Runtime/2D/Light2DBlendStyle.cs
 0.1 kb	 0.0% Packages/com.unity.render-pipelines.core/Runtime/Utilities/BatchRendererGroupGlobals.cs
 0.1 kb	 0.0% Packages/com.unity.render-pipelines.core/Runtime/Settings/IncludeRenderPipelineAsset.cs
 0.1 kb	 0.0% Packages/com.unity.render-pipelines.core/Runtime/STP/ISTPEnabledRenderPipeline.cs
 0.1 kb	 0.0% Packages/com.unity.render-pipelines.core/Runtime/RenderGraph/RenderGraphUtilsBlit.cs
 0.1 kb	 0.0% Packages/com.unity.render-pipelines.core/Runtime/RenderGraph/RenderGraphResourceBuffer.cs
 0.1 kb	 0.0% Packages/com.unity.render-pipelines.core/Runtime/RenderGraph/RenderGraphGlobalSettings.cs
 0.1 kb	 0.0% Packages/com.unity.render-pipelines.core/Runtime/RenderGraph/RenderGraphBuilders.cs
 0.1 kb	 0.0% Packages/com.unity.render-pipelines.core/Runtime/RenderGraph/RenderGraphBuilder.cs
 0.1 kb	 0.0% Packages/com.unity.render-pipelines.core/Runtime/RenderGraph/IRenderGraphRecorder.cs
 0.1 kb	 0.0% Packages/com.unity.render-pipelines.core/Runtime/RenderGraph/Debug/RenderGraphLogger.cs
 0.1 kb	 0.0% Packages/com.unity.render-pipelines.core/Runtime/RenderGraph/Debug/DebugMessageHandler.cs
 0.1 kb	 0.0% Packages/com.unity.render-pipelines.core/Runtime/Lighting/ProbeVolume/ShaderVariablesProbeVolumes.cs
 0.1 kb	 0.0% Packages/com.unity.render-pipelines.core/Runtime/Lighting/ProbeVolume/ProbeVolumeStreamableAsset.cs
 0.1 kb	 0.0% Packages/com.unity.render-pipelines.core/Runtime/Lighting/ProbeVolume/ProbeVolumeScratchBufferPool.cs
 0.1 kb	 0.0% Packages/com.unity.render-pipelines.core/Runtime/Lighting/ProbeVolume/ProbeVolumeGlobalSettings.cs
 0.1 kb	 0.0% Packages/com.unity.render-pipelines.core/Runtime/GPUDriven/InstanceData/InstanceWindDataUpdateDefs.cs
 0.1 kb	 0.0% Packages/com.unity.render-pipelines.core/Runtime/GPUDriven/InstanceData/InstanceTransformUpdateDefs.cs
 0.1 kb	 0.0% Packages/com.unity.render-pipelines.core/Runtime/GPUDriven/InstanceData/GPUInstanceDataUploader.cs
 0.1 kb	 0.0% Packages/com.unity.render-pipelines.core/Runtime/GPUDriven/GPUResidentDrawerTypes.cs
 0.1 kb	 0.0% Packages/com.unity.render-pipelines.core/Runtime/Debugging/Prefabs/Scripts/DebugUIHandlerToggleHistory.cs
 0.1 kb	 0.0% Packages/com.unity.render-pipelines.core/Runtime/Debugging/Prefabs/Scripts/DebugUIHandlerProgressBar.cs
 0.1 kb	 0.0% Packages/com.unity.render-pipelines.core/Runtime/Debugging/Prefabs/Scripts/DebugUIHandlerIndirectToggle.cs
 0.1 kb	 0.0% Packages/com.unity.render-pipelines.core/Runtime/Debugging/Prefabs/Scripts/DebugUIHandlerEnumHistory.cs
 0.1 kb	 0.0% Packages/com.unity.render-pipelines.core/Runtime/Debugging/IDebugDisplaySettingsQuery.cs
 0.1 kb	 0.0% Packages/com.unity.render-pipelines.core/Runtime/Debugging/IDebugDisplaySettingsPanel.cs
 0.1 kb	 0.0% Packages/com.unity.render-pipelines.core/Runtime/Debugging/IDebugDisplaySettingsData.cs
 0.1 kb	 0.0% Packages/com.unity.render-pipelines.core/Runtime/Debugging/DebugDisplaySettingsVolumes.cs
 0.1 kb	 0.0% Packages/com.unity.render-pipelines.core/Runtime/Debugging/DebugDisplaySettingsPanel.cs
 0.1 kb	 0.0% Packages/com.unity.inputsystem/InputSystem/Runtime/Devices/Commands/QuerySamplingFrequencyCommand.cs
 0.1 kb	 0.0% Packages/com.unity.inputsystem/InputSystem/Runtime/Devices/Commands/QueryPairedUserAccountCommand.cs
 0.1 kb	 0.0% Packages/com.unity.inputsystem/InputSystem/Editor/UITKAssetEditor/Views/CompositeBindingPropertiesView.cs
 0.1 kb	 0.0% Packages/com.unity.inputsystem/InputSystem/Editor/UITKAssetEditor/InputActionsEditorWindowUtils.cs
 0.1 kb	 0.0% Packages/com.unity.inputsystem/InputSystem/Editor/PropertyDrawers/InputActionAssetSearchProvider.cs
 0.1 kb	 0.0% Packages/com.unity.inputsystem/InputSystem/Editor/ProjectWideActions/ProjectWideActionsBuildProvider.cs
 0.1 kb	 0.0% Packages/com.unity.inputsystem/InputSystem/Editor/Plugins/OnScreen/UGUIOnScreenControlEditorUtils.cs
 0.1 kb	 0.0% Packages/com.unity.inputsystem/InputSystem/Editor/Internal/SerializedPropertyLinqExtensions.cs
 0.1 kb	 0.0% Packages/com.unity.inputsystem/InputSystem/Editor/Internal/InputActionSerializationHelpers.cs
 0.1 kb	 0.0% Packages/com.unity.inputsystem/InputSystem/Editor/EditorInputControlLayoutCache.cs
 0.1 kb	 0.0% Packages/com.unity.inputsystem/InputSystem/Editor/ControlPicker/Layouts/TouchscreenControlPickerLayout.cs
 0.1 kb	 0.0% Packages/com.unity.inputsystem/InputSystem/Editor/ControlPicker/Layouts/DefaultInputControlPickerLayout.cs
 0.1 kb	 0.0% Packages/com.unity.inputsystem/InputSystem/Editor/Analytics/VirtualMouseInputEditorAnalytic.cs
 0.1 kb	 0.0% Packages/com.unity.inputsystem/InputSystem/Editor/Analytics/PlayerInputManagerEditorAnalytic.cs
 0.1 kb	 0.0% Packages/com.unity.xr.legacyinputhelpers/Runtime/ArmModels/TransitionArmModel.cs
 0.1 kb	 0.0% Packages/com.unity.xr.interaction.toolkit/Runtime/Utilities/TeleportationMonitor.cs
 0.1 kb	 0.0% Packages/com.unity.xr.interaction.toolkit/Runtime/Utilities/ResetStaticsUtility.cs
 0.1 kb	 0.0% Packages/com.unity.xr.interaction.toolkit/Runtime/Utilities/Locomotion/LocomotionUtility.cs
 0.1 kb	 0.0% Packages/com.unity.xr.interaction.toolkit/Runtime/Utilities/BurstPhysicsUtils.cs
 0.1 kb	 0.0% Packages/com.unity.xr.interaction.toolkit/Runtime/UI/BodyUI/FollowPresetDatum.cs
 0.1 kb	 0.0% Packages/com.unity.xr.interaction.toolkit/Runtime/Interaction/XRInteractionUpdateOrder.cs
 0.1 kb	 0.0% Packages/com.unity.xr.interaction.toolkit/Runtime/Interaction/Layers/InteractionLayerSettings.cs
 0.1 kb	 0.0% Packages/com.unity.xr.interaction.toolkit/Runtime/Interaction/Filtering/Target/Filters/XRBaseTargetFilter.cs
 0.1 kb	 0.0% Packages/com.unity.xr.interaction.toolkit/Runtime/Interaction/Filtering/Target/Evaluators/XRTargetEvaluator.cs
 0.1 kb	 0.0% Packages/com.unity.xr.interaction.toolkit/Runtime/Interaction/Filtering/Target/Evaluators/XRDistanceEvaluator.cs
 0.1 kb	 0.0% Packages/com.unity.xr.interaction.toolkit/Runtime/Interaction/Filtering/Target/Evaluators/XRAngleGazeEvaluator.cs
 0.1 kb	 0.0% Packages/com.unity.xr.interaction.toolkit/Runtime/Interaction/Filtering/Poke/PokeThresholdDatum.cs
 0.1 kb	 0.0% Packages/com.unity.xr.interaction.toolkit/Runtime/Interaction/Filtering/Poke/PokeThresholdData.cs
 0.1 kb	 0.0% Packages/com.unity.xr.interaction.toolkit/Runtime/Interaction/Controllers/XRScreenSpaceController.cs
 0.1 kb	 0.0% Packages/com.unity.xr.interaction.toolkit/Runtime/Interaction/Controllers/XRControllerState.deprecated.cs
 0.1 kb	 0.0% Packages/com.unity.xr.interaction.toolkit/Runtime/Interaction/Controllers/XRControllerRecording.cs
 0.1 kb	 0.0% Packages/com.unity.xr.interaction.toolkit/Runtime/Interaction/Controllers/ActionBasedController.cs
 0.1 kb	 0.0% Packages/com.unity.xr.interaction.toolkit/Runtime/Inputs/Simulation/XRSimulatedHMD.cs
 0.1 kb	 0.0% Packages/com.unity.xr.interaction.toolkit/Runtime/Inputs/InputActionUtility.cs
 0.1 kb	 0.0% Packages/com.unity.xr.interaction.toolkit/Runtime/Inputs/InputActionManager.cs
 0.1 kb	 0.0% Packages/com.unity.xr.interaction.toolkit/Runtime/Inputs/Haptics/HapticsUtility.cs
 0.1 kb	 0.0% Packages/com.unity.xr.interaction.toolkit/Runtime/Feedback/SimpleHapticFeedback.cs
 0.1 kb	 0.0% Packages/com.unity.xr.interaction.toolkit/Runtime/Feedback/SimpleAudioFeedback.cs
 0.1 kb	 0.0% Packages/com.unity.xr.arfoundation/Runtime/InternalUtils/XRManagerUtility.cs
 0.1 kb	 0.0% Packages/com.unity.xr.arfoundation/Runtime/InternalUtils/SubsystemUtils.cs
 0.1 kb	 0.0% Packages/com.unity.xr.arfoundation/Runtime/ARSubsystems/Occlusion/HumanSegmentationStencilMode.cs
 0.1 kb	 0.0% Packages/com.unity.xr.arfoundation/Runtime/ARSubsystems/Occlusion/HumanSegmentationDepthMode.cs
 0.1 kb	 0.0% Packages/com.unity.xr.arfoundation/Runtime/ARFoundation/Deprecated/ARPlanesChangedEventArgs.deprecated.cs
 0.1 kb	 0.0% Packages/com.unity.xr.arfoundation/Runtime/ARFoundation/Deprecated/ARFacesChangedEventArgs.deprecated.cs
 0.1 kb	 0.0% Packages/com.unity.render-pipelines.universal/Runtime/XR/XRSystemUniversal.cs
 0.1 kb	 0.0% Packages/com.unity.render-pipelines.universal/Runtime/UniversalRenderer.cs
 0.1 kb	 0.0% Packages/com.unity.render-pipelines.universal/Runtime/SpaceFillingCurves.cs
 0.1 kb	 0.0% Packages/com.unity.render-pipelines.universal/Runtime/Settings/RenderGraphSettings.cs
 0.1 kb	 0.0% Packages/com.unity.render-pipelines.universal/Runtime/ScriptableRenderer.cs
 0.1 kb	 0.0% Packages/com.unity.render-pipelines.universal/Runtime/SceneViewDrawMode.cs
 0.1 kb	 0.0% Packages/com.unity.render-pipelines.universal/Runtime/RenderingLayerUtils.cs
 0.1 kb	 0.0% Packages/com.unity.render-pipelines.universal/Runtime/RendererFeatures/ScreenSpaceShadows.cs
 0.1 kb	 0.0% Packages/com.unity.render-pipelines.universal/Runtime/RendererFeatures/DecalRendererFeature.cs
 0.1 kb	 0.0% Packages/com.unity.render-pipelines.universal/Runtime/RenderTargetHandle.cs
 0.1 kb	 0.0% Packages/com.unity.render-pipelines.universal/Runtime/RenderPipelineResources/Renderer2DResources.cs
 0.1 kb	 0.0% Packages/com.unity.render-pipelines.universal/Runtime/Passes/XROcclusionMeshPass.cs
 0.1 kb	 0.0% Packages/com.unity.render-pipelines.universal/Runtime/Passes/XRDepthMotionPass.cs
 0.1 kb	 0.0% Packages/com.unity.render-pipelines.universal/Runtime/Passes/ScriptableRenderPass.cs
 0.1 kb	 0.0% Packages/com.unity.render-pipelines.universal/Runtime/Passes/RenderObjectsPass.cs
 0.1 kb	 0.0% Packages/com.unity.render-pipelines.universal/Runtime/Passes/ProbeVolumeDebugPass.cs
 0.1 kb	 0.0% Packages/com.unity.render-pipelines.universal/Runtime/Passes/FinalBlitPass.cs
 0.1 kb	 0.0% Packages/com.unity.render-pipelines.universal/Runtime/Passes/DrawObjectsPass.cs
 0.1 kb	 0.0% Packages/com.unity.render-pipelines.universal/Runtime/Passes/DepthOnlyPass.cs
 0.1 kb	 0.0% Packages/com.unity.render-pipelines.universal/Runtime/Passes/CopyDepthPass.cs
 0.1 kb	 0.0% Packages/com.unity.render-pipelines.universal/Runtime/Passes/CopyColorPass.cs
 0.1 kb	 0.0% Packages/com.unity.render-pipelines.universal/Runtime/Overrides/ScreenSpaceLensFlare.cs
 0.1 kb	 0.0% Packages/com.unity.render-pipelines.universal/Runtime/Overrides/ChromaticAberration.cs
 0.1 kb	 0.0% Packages/com.unity.render-pipelines.universal/Runtime/LightCookieManager.cs
 0.1 kb	 0.0% Packages/com.unity.render-pipelines.universal/Runtime/History/SingleHistoryBase.cs
 0.1 kb	 0.0% Packages/com.unity.render-pipelines.universal/Runtime/FrameData/UniversalShadowData.cs
 0.1 kb	 0.0% Packages/com.unity.render-pipelines.universal/Runtime/FrameData/UniversalLightData.cs
 0.1 kb	 0.0% Packages/com.unity.render-pipelines.universal/Runtime/FrameData/UniversalCameraData.cs
 0.1 kb	 0.0% Packages/com.unity.render-pipelines.universal/Runtime/ForwardRendererData.cs
 0.1 kb	 0.0% Packages/com.unity.render-pipelines.universal/Runtime/ForwardLights.cs
 0.1 kb	 0.0% Packages/com.unity.render-pipelines.universal/Runtime/DeferredLights.cs
 0.1 kb	 0.0% Packages/com.unity.render-pipelines.universal/Runtime/Decal/Entities/DecalEntityManager.cs
 0.1 kb	 0.0% Packages/com.unity.render-pipelines.universal/Runtime/Decal/DecalShaderPassNames.cs
 0.1 kb	 0.0% Packages/com.unity.render-pipelines.universal/Runtime/Decal/DBuffer/DBufferRenderPass.cs
 0.1 kb	 0.0% Packages/com.unity.render-pipelines.universal/Runtime/Decal/DBuffer/DBufferDepthCopyPass.cs
 0.1 kb	 0.0% Packages/com.unity.render-pipelines.universal/Runtime/2D/Rendergraph/Renderer2DRendergraph.cs
 0.1 kb	 0.0% Packages/com.unity.render-pipelines.core/Runtime/UnifiedRayTracing/RayTracingResources.cs
 0.1 kb	 0.0% Packages/com.unity.render-pipelines.core/Runtime/UnifiedRayTracing/RayTracingContext.cs
 0.1 kb	 0.0% Packages/com.unity.render-pipelines.core/Runtime/UnifiedRayTracing/IRayTracingShader.cs
 0.1 kb	 0.0% Packages/com.unity.render-pipelines.core/Runtime/UnifiedRayTracing/IRayTracingBackend.cs
 0.1 kb	 0.0% Packages/com.unity.render-pipelines.core/Runtime/UnifiedRayTracing/Compute/BLASPositionsPool.cs
 0.1 kb	 0.0% Packages/com.unity.render-pipelines.core/Runtime/UnifiedRayTracing/Common/GeometryPool/GeometryPoolDefs.cs
 0.1 kb	 0.0% Packages/com.unity.render-pipelines.core/Runtime/UnifiedRayTracing/Common/AccelStructInstances.cs
 0.1 kb	 0.0% Packages/com.unity.render-pipelines.core/Runtime/UnifiedRayTracing/Common/AccelStructAdapter.cs
 0.1 kb	 0.0% Packages/com.unity.render-pipelines.core/Runtime/RenderGraph/RenderGraphResources.cs
 0.1 kb	 0.0% Packages/com.unity.render-pipelines.core/Runtime/RenderGraph/Debug/RenderGraph.DebugData.cs
 0.1 kb	 0.0% Packages/com.unity.render-pipelines.core/Runtime/Lighting/ProbeVolume/ProbeReferenceVolume.Streaming.cs
 0.1 kb	 0.0% Packages/com.unity.render-pipelines.core/Runtime/Lighting/ProbeVolume/ProbeReferenceVolume.Debug.cs
 0.1 kb	 0.0% Packages/com.unity.render-pipelines.core/Runtime/GPUDriven/Utilities/ParallelSortExtensions.cs
 0.1 kb	 0.0% Packages/com.unity.render-pipelines.core/Runtime/GPUDriven/RenderersBatchersContext.cs
 0.1 kb	 0.0% Packages/com.unity.render-pipelines.core/Runtime/GPUDriven/OcclusionCullingCommon.cs
 0.1 kb	 0.0% Packages/com.unity.render-pipelines.core/Runtime/GPUDriven/LODGroupDataPoolBurst.cs
 0.1 kb	 0.0% Packages/com.unity.render-pipelines.core/Runtime/GPUDriven/InstanceData/InstanceDataSystemBurst.cs
 0.1 kb	 0.0% Packages/com.unity.render-pipelines.core/Runtime/GPUDriven/InstanceData/GPUInstanceDataBuffer.cs
 0.1 kb	 0.0% Packages/com.unity.render-pipelines.core/Runtime/GPUDriven/InstanceCullingBatcher.cs
 0.1 kb	 0.0% Packages/com.unity.render-pipelines.core/Runtime/GPUDriven/GPUResidentDrawerDebug.cs
 0.1 kb	 0.0% Packages/com.unity.render-pipelines.core/Runtime/GPUDriven/GPUResidentDrawerBurst.cs
 0.1 kb	 0.0% Packages/com.unity.render-pipelines.core/Runtime/GPUDriven/GPUResidentDrawer.Validator.cs
 0.1 kb	 0.0% Packages/com.unity.render-pipelines.core/Runtime/GPUDriven/GPUResidentBatcher.SpeedTree.cs
 0.1 kb	 0.0% Packages/com.unity.render-pipelines.core/Runtime/GPUDriven/Components/DisallowSmallMeshCulling.cs
 0.1 kb	 0.0% Packages/com.unity.multiplayer.center/Common/SelectedSolutionsData.cs
 0.1 kb	 0.0% Packages/com.unity.inputsystem/InputSystem/Runtime/Utilities/DisplayStringFormatAttribute.cs
 0.1 kb	 0.0% Packages/com.unity.inputsystem/InputSystem/Runtime/Plugins/XR/Haptics/SendBufferedHapticsCommand.cs
 0.1 kb	 0.0% Packages/com.unity.inputsystem/InputSystem/Runtime/Plugins/XR/Haptics/GetHapticCapabilitiesCommand.cs
 0.1 kb	 0.0% Packages/com.unity.inputsystem/InputSystem/Runtime/Plugins/XR/Haptics/GetCurrentHapticStateCommand.cs
 0.1 kb	 0.0% Packages/com.unity.inputsystem/InputSystem/Runtime/Plugins/UI/ExtendedSubmitCancelEventData.cs
 0.1 kb	 0.0% Packages/com.unity.inputsystem/InputSystem/Runtime/Plugins/Android/AndroidGameController.cs
 0.1 kb	 0.0% Packages/com.unity.inputsystem/InputSystem/Runtime/Controls/Processors/NormalizeVector3Processor.cs
 0.1 kb	 0.0% Packages/com.unity.inputsystem/InputSystem/Runtime/Controls/Processors/NormalizeVector2Processor.cs
 0.1 kb	 0.0% Packages/com.unity.inputsystem/InputSystem/Runtime/Controls/Processors/EditorWindowSpaceProcessor.cs
 0.1 kb	 0.0% Packages/com.unity.inputsystem/InputSystem/Runtime/Controls/Processors/CompensateRotationProcessor.cs
 0.1 kb	 0.0% Packages/com.unity.inputsystem/InputSystem/Runtime/Controls/Processors/CompensateDirectionProcessor.cs
 0.1 kb	 0.0% Packages/com.unity.inputsystem/InputSystem/Editor/Plugins/HID/HIDSupportEditorInitializer.cs
 0.1 kb	 0.0% Packages/com.unity.inputsystem/InputSystem/Editor/Controls/Processors/StickDeadzoneProcessorEditor.cs
 0.1 kb	 0.0% Packages/com.unity.inputsystem/InputSystem/Editor/Controls/Processors/AxisDeadzoneProcessorEditor.cs
 0.1 kb	 0.0% Packages/com.unity.inputsystem/InputSystem/Editor/Actions/Interactions/MultiTapInteractionEditor.cs
 0.1 kb	 0.0% Packages/com.unity.collections/Unity.Collections/UnsafeParallelHashSetExtensions.gen.cs
 0.1 kb	 0.0% Packages/com.unity.collections/Unity.Collections/UnsafeParallelHashMap.cs
 0.1 kb	 0.0% Packages/com.unity.xr.interaction.toolkit/Runtime/Utilities/Collections/NativeCurve.cs
 0.1 kb	 0.0% Packages/com.unity.xr.interaction.toolkit/Runtime/UI/XRUIToolkitManager.cs
 0.1 kb	 0.0% Packages/com.unity.xr.interaction.toolkit/Runtime/UI/XRUIToolkitHandler.cs
 0.1 kb	 0.0% Packages/com.unity.xr.interaction.toolkit/Runtime/UI/TrackedDeviceModel.cs
 0.1 kb	 0.0% Packages/com.unity.xr.interaction.toolkit/Runtime/Locomotion/XRMovableBody.cs
 0.1 kb	 0.0% Packages/com.unity.xr.interaction.toolkit/Runtime/Interaction/XRInteractionEvents.cs
 0.1 kb	 0.0% Packages/com.unity.xr.interaction.toolkit/Runtime/Interaction/Transformers/ARTransformer.cs
 0.1 kb	 0.0% Packages/com.unity.xr.interaction.toolkit/Runtime/Interaction/Interactors/XRRayInteractor.cs
 0.1 kb	 0.0% Packages/com.unity.xr.interaction.toolkit/Runtime/Interaction/Interactors/XRPokeInteractor.cs
 0.1 kb	 0.0% Packages/com.unity.xr.interaction.toolkit/Runtime/Interaction/Interactors/XRGazeInteractor.cs
 0.1 kb	 0.0% Packages/com.unity.xr.interaction.toolkit/Runtime/Interaction/Interactors/XRBaseInteractor.cs
 0.1 kb	 0.0% Packages/com.unity.xr.interaction.toolkit/Runtime/Interaction/Interactors/IXRRayProvider.cs
 0.1 kb	 0.0% Packages/com.unity.xr.interaction.toolkit/Runtime/Interaction/Interactors/IXRInteractor.cs
 0.1 kb	 0.0% Packages/com.unity.xr.interaction.toolkit/Runtime/Interaction/Interactors/IXRGroupMember.cs
 0.1 kb	 0.0% Packages/com.unity.xr.interaction.toolkit/Runtime/Interaction/Interactables/IXRInteractable.cs
 0.1 kb	 0.0% Packages/com.unity.xr.interaction.toolkit/Runtime/Interaction/Controllers/InteractionState.deprecated.cs
 0.1 kb	 0.0% Packages/com.unity.xr.interaction.toolkit/Runtime/AR/Interactors/ARGestureInteractor.cs
 0.1 kb	 0.0% Packages/com.unity.xr.interaction.toolkit/Runtime/AR/Interactables/ARScaleInteractable.cs
 0.1 kb	 0.0% Packages/com.unity.xr.interaction.toolkit/Runtime/AR/Gestures/TwoFingerDragGesture.cs
 0.1 kb	 0.0% Packages/com.unity.xr.interaction.toolkit/Runtime/AR/Gestures/TapGestureRecognizer.cs
 0.1 kb	 0.0% Packages/com.unity.xr.core-utils/Runtime/CapabilityProfile/Dictionary/CustomCapabilityKeyAttribute.cs
 0.1 kb	 0.0% Packages/com.unity.xr.arfoundation/Runtime/VisualScripting/Constants.cs
 0.1 kb	 0.0% Packages/com.unity.xr.arfoundation/Runtime/ARSubsystems/Session/XRSessionSubsystemDescriptor.cs
 0.1 kb	 0.0% Packages/com.unity.xr.arfoundation/Runtime/ARSubsystems/Session/Configuration/DefaultConfigurationChooser.cs
 0.1 kb	 0.0% Packages/com.unity.xr.arfoundation/Runtime/ARSubsystems/Raycasts/XRRaycastSubsystemDescriptor.cs
 0.1 kb	 0.0% Packages/com.unity.xr.arfoundation/Runtime/ARSubsystems/Planes/XRPlaneSubsystemDescriptor.cs
 0.1 kb	 0.0% Packages/com.unity.xr.arfoundation/Runtime/ARSubsystems/Objects/XRObjectTrackingSubsystem.cs
 0.1 kb	 0.0% Packages/com.unity.xr.arfoundation/Runtime/ARSubsystems/Markers/XRMarkerSubsystemDescriptor.cs
 0.1 kb	 0.0% Packages/com.unity.xr.arfoundation/Runtime/ARSubsystems/Images/RuntimeReferenceImageLibrary.cs
 0.1 kb	 0.0% Packages/com.unity.xr.arfoundation/Runtime/ARSubsystems/Images/AddReferenceImageJobState.cs
 0.1 kb	 0.0% Packages/com.unity.xr.arfoundation/Runtime/ARSubsystems/Faces/XRFaceSubsystemDescriptor.cs
 0.1 kb	 0.0% Packages/com.unity.xr.arfoundation/Runtime/ARSubsystems/EnvironmentProbes/XREnvironmentProbeSubsystem.cs
 0.1 kb	 0.0% Packages/com.unity.xr.arfoundation/Runtime/ARSubsystems/Camera/XRCameraSubsystemDescriptor.cs
 0.1 kb	 0.0% Packages/com.unity.xr.arfoundation/Runtime/ARSubsystems/Anchors/XRAnchorSubsystemDescriptor.cs
 0.1 kb	 0.0% Packages/com.unity.xr.arfoundation/Runtime/ARFoundation/Raycasts/ARRaycastUpdatedEventArgs.cs
 0.1 kb	 0.0% Packages/com.unity.xr.arfoundation/Runtime/ARFoundation/PointClouds/ARPointCloudUpdatedEventArgs.cs
 0.1 kb	 0.0% Packages/com.unity.xr.arfoundation/Runtime/ARFoundation/PointClouds/ARPointCloudMeshVisualizer.cs
 0.1 kb	 0.0% Packages/com.unity.xr.arfoundation/Runtime/ARFoundation/Occlusion/SoftOcclusionPreprocessor.cs
 0.1 kb	 0.0% Packages/com.unity.xr.arfoundation/Runtime/ARFoundation/Occlusion/AROcclusionSourceEventArgs.cs
 0.1 kb	 0.0% Packages/com.unity.xr.arfoundation/Runtime/ARFoundation/Occlusion/AROcclusionFrameEventArgs.cs
 0.1 kb	 0.0% Packages/com.unity.xr.arfoundation/Runtime/ARFoundation/Meshing/ARMeshInfosChangedEventArgs.cs
 0.1 kb	 0.0% Packages/com.unity.xr.arfoundation/Runtime/ARFoundation/EnvironmentProbes/AREnvironmentProbeManager.cs
 0.1 kb	 0.0% Packages/com.unity.xr.arfoundation/Runtime/ARFoundation/Deprecated/ARPlaneMeshGenerators.deprecated.cs
 0.1 kb	 0.0% Packages/com.unity.xr.arfoundation/Runtime/ARFoundation/Common/Textures/UpdatableRenderTextureRef.cs
 0.1 kb	 0.0% Packages/com.unity.xr.arfoundation/Runtime/ARFoundation/Common/Textures/FixedLengthSwapchainStrategy.cs
 0.1 kb	 0.0% Packages/com.unity.xr.arfoundation/Runtime/ARFoundation/Camera/ARBackgroundRendererFeature.cs
 0.1 kb	 0.0% Packages/com.unity.xr.arcore/Runtime/PointCloud/ARCoreXRPointCloudSubsystem.deprecated.cs
 0.1 kb	 0.0% Packages/com.unity.render-pipelines.universal/Runtime/RTHandleUtils.cs
 0.1 kb	 0.0% Packages/com.unity.render-pipelines.universal/Runtime/Documentation.cs
 0.1 kb	 0.0% Packages/com.unity.render-pipelines.universal/Runtime/2D/UTess2D/Tessellator.cs
 0.1 kb	 0.0% Packages/com.unity.render-pipelines.universal/Runtime/2D/UTess2D/PlanarGraph.cs
 0.1 kb	 0.0% Packages/com.unity.render-pipelines.universal/Runtime/2D/Shadows/ShadowRendering.cs
 0.1 kb	 0.0% Packages/com.unity.render-pipelines.universal/Runtime/2D/Shadows/ShadowProvider/ShadowUtility.cs
 0.1 kb	 0.0% Packages/com.unity.render-pipelines.universal/Runtime/2D/Shadows/ShadowProvider/ShadowShape2D.cs
 0.1 kb	 0.0% Packages/com.unity.render-pipelines.universal/Runtime/2D/Shadows/ShadowProvider/EdgeDictionary.cs
 0.1 kb	 0.0% Packages/com.unity.render-pipelines.universal/Runtime/2D/Shadows/ShadowCaster2D.cs
 0.1 kb	 0.0% Packages/com.unity.render-pipelines.universal/Runtime/2D/Rendergraph/DrawShadow2DPass.cs
 0.1 kb	 0.0% Packages/com.unity.render-pipelines.universal/Runtime/2D/Rendergraph/DrawNormal2DPass.cs
 0.1 kb	 0.0% Packages/com.unity.render-pipelines.universal/Runtime/2D/Rendergraph/DrawLight2DPass.cs
 0.1 kb	 0.0% Packages/com.unity.render-pipelines.universal/Runtime/2D/Renderer2DData.cs
 0.1 kb	 0.0% Packages/com.unity.render-pipelines.universal/Runtime/2D/Passes/Utility/RendererLighting.cs
 0.1 kb	 0.0% Packages/com.unity.render-pipelines.universal/Runtime/2D/Light2DManager.cs
 0.1 kb	 0.0% Packages/com.unity.render-pipelines.universal-config/Runtime/ShaderConfig.cs
 0.1 kb	 0.0% Packages/com.unity.render-pipelines.core/Runtime/XR/XRGraphicsAutomatedTests.cs
 0.1 kb	 0.0% Packages/com.unity.render-pipelines.core/Runtime/Textures/PowerOfTwoTextureAtlas.cs
 0.1 kb	 0.0% Packages/com.unity.render-pipelines.core/Runtime/Textures/BufferedRTHandleSystem.cs
 0.1 kb	 0.0% Packages/com.unity.render-pipelines.core/Runtime/Settings/ShaderStrippingSetting.cs
 0.1 kb	 0.0% Packages/com.unity.render-pipelines.core/Runtime/Settings/LightmapSamplingSettings.cs
 0.1 kb	 0.0% Packages/com.unity.render-pipelines.core/Runtime/Sampling/SamplingResources.cs
 0.1 kb	 0.0% Packages/com.unity.render-pipelines.core/Runtime/RenderPipeline/RenderPipelineResources.cs
 0.1 kb	 0.0% Packages/com.unity.render-pipelines.core/Runtime/RenderGraph/RenderGraphPass.cs
 0.1 kb	 0.0% Packages/com.unity.render-pipelines.core/Runtime/RenderGraph/RenderGraph.Compiler.cs
 0.1 kb	 0.0% Packages/com.unity.render-pipelines.core/Runtime/PostProcessing/LensFlareComponentSRP.cs
 0.1 kb	 0.0% Packages/com.unity.render-pipelines.core/Runtime/PostProcessing/IPostProcessComponent.cs
 0.1 kb	 0.0% Packages/com.unity.render-pipelines.core/Runtime/Lighting/ProbeVolume/ProbeVolumePositioning.cs
 0.1 kb	 0.0% Packages/com.unity.render-pipelines.core/Runtime/Lighting/ProbeVolume/ProbeVolumePerSceneData.cs
 0.1 kb	 0.0% Packages/com.unity.render-pipelines.core/Runtime/Lighting/ProbeVolume/ProbeReferenceVolume.Binding.cs
 0.1 kb	 0.0% Packages/com.unity.render-pipelines.core/Runtime/Lighting/ProbeVolume/ProbeAdjustmentVolume.cs
 0.1 kb	 0.0% Packages/com.unity.render-pipelines.core/Runtime/GPUDriven/InstanceOcclusionCuller.cs
 0.1 kb	 0.0% Packages/com.unity.render-pipelines.core/Runtime/GPUDriven/InstanceData/InstanceDataSystem.Jobs.cs
 0.1 kb	 0.0% Packages/com.unity.render-pipelines.core/Runtime/Debugging/ShaderDebugPrintManager.cs
 0.1 kb	 0.0% Packages/com.unity.render-pipelines.core/Runtime/Debugging/Prefabs/Scripts/DebugUIHandlerVector4.cs
 0.1 kb	 0.0% Packages/com.unity.render-pipelines.core/Runtime/Debugging/Prefabs/Scripts/DebugUIHandlerVector3.cs
 0.1 kb	 0.0% Packages/com.unity.render-pipelines.core/Runtime/Debugging/Prefabs/Scripts/DebugUIHandlerVector2.cs
 0.1 kb	 0.0% Packages/com.unity.render-pipelines.core/Runtime/Debugging/Prefabs/Scripts/DebugUIHandlerValueTuple.cs
 0.1 kb	 0.0% Packages/com.unity.render-pipelines.core/Runtime/Debugging/Prefabs/Scripts/DebugUIHandlerUIntField.cs
 0.1 kb	 0.0% Packages/com.unity.render-pipelines.core/Runtime/Debugging/Prefabs/Scripts/DebugUIHandlerObjectList.cs
 0.1 kb	 0.0% Packages/com.unity.render-pipelines.core/Runtime/Debugging/Prefabs/Scripts/DebugUIHandlerMessageBox.cs
 0.1 kb	 0.0% Packages/com.unity.render-pipelines.core/Runtime/Debugging/Prefabs/Scripts/DebugUIHandlerIntField.cs
 0.1 kb	 0.0% Packages/com.unity.render-pipelines.core/Runtime/Debugging/Prefabs/Scripts/DebugUIHandlerFoldout.cs
 0.1 kb	 0.0% Packages/com.unity.render-pipelines.core/Runtime/Debugging/Prefabs/Scripts/DebugUIHandlerFloatField.cs
 0.1 kb	 0.0% Packages/com.unity.render-pipelines.core/Runtime/Debugging/Prefabs/Scripts/DebugUIHandlerEnumField.cs
 0.1 kb	 0.0% Packages/com.unity.render-pipelines.core/Runtime/Debugging/Prefabs/Scripts/DebugUIHandlerContainer.cs
 0.1 kb	 0.0% Packages/com.unity.render-pipelines.core/Runtime/Debugging/Prefabs/Scripts/DebugUIHandlerBitField.cs
 0.1 kb	 0.0% Packages/com.unity.render-pipelines.core/Runtime/Debugging/IDebugDisplaySettings.cs
 0.1 kb	 0.0% Packages/com.unity.render-pipelines.core/Runtime/Debugging/DebugDisplaySettingsUI.cs
 0.1 kb	 0.0% Packages/com.unity.render-pipelines.core/Runtime/Common/RemoveRange.Extensions.cs
 0.1 kb	 0.0% Packages/com.unity.render-pipelines.core/Runtime/Common/DynamicResolutionHandler.cs
 0.1 kb	 0.0% Packages/com.unity.render-pipelines.core/Runtime/CommandBuffers/IComputeCommandBuffer.cs
 0.1 kb	 0.0% Packages/com.unity.render-pipelines.core/Runtime/Camera/CameraHistory.cs
 0.1 kb	 0.0% Packages/com.unity.inputsystem/InputSystem/Runtime/State/IInputStateCallbackReceiver.cs
 0.1 kb	 0.0% Packages/com.unity.inputsystem/InputSystem/Runtime/Plugins/InputForUI/InputSystemProvider.cs
 0.1 kb	 0.0% Packages/com.unity.inputsystem/InputSystem/Runtime/Plugins/DualShock/DualShockGamepadHID.cs
 0.1 kb	 0.0% Packages/com.unity.inputsystem/InputSystem/Runtime/Devices/IInputUpdateCallbackReceiver.cs
 0.1 kb	 0.0% Packages/com.unity.inputsystem/InputSystem/Runtime/Devices/Commands/SetSamplingFrequencyCommand.cs
 0.1 kb	 0.0% Packages/com.unity.inputsystem/InputSystem/Runtime/Devices/Commands/SetIMECursorPositionCommand.cs
 0.1 kb	 0.0% Packages/com.unity.inputsystem/InputSystem/Runtime/Devices/Commands/QueryKeyboardLayoutCommand.cs
 0.1 kb	 0.0% Packages/com.unity.inputsystem/InputSystem/Runtime/Devices/Commands/EnableIMECompositionCommand.cs
 0.1 kb	 0.0% Packages/com.unity.inputsystem/InputSystem/Runtime/Controls/InputControlLayoutAttribute.cs
 0.1 kb	 0.0% Packages/com.unity.inputsystem/InputSystem/Runtime/Actions/InputActionRebindingExtensions.cs
 0.1 kb	 0.0% Packages/com.unity.inputsystem/InputSystem/Runtime/Actions/DeferBindingResolutionContext.cs
 0.1 kb	 0.0% Packages/com.unity.inputsystem/InputSystem/Editor/UITKAssetEditor/Views/NameAndParametersListView.cs
 0.1 kb	 0.0% Packages/com.unity.inputsystem/InputSystem/Editor/UITKAssetEditor/Views/InputActionMapsTreeViewItem.cs
 0.1 kb	 0.0% Packages/com.unity.inputsystem/InputSystem/Editor/UITKAssetEditor/InputActionsEditorConstants.cs
 0.1 kb	 0.0% Packages/com.unity.inputsystem/InputSystem/Editor/Settings/InputSettingsBuildProvider.cs
 0.1 kb	 0.0% Packages/com.unity.inputsystem/InputSystem/Editor/Settings/EditorPlayerSettingHelpers.cs
 0.1 kb	 0.0% Packages/com.unity.inputsystem/InputSystem/Editor/PropertyDrawers/InputActionPropertyDrawer.cs
 0.1 kb	 0.0% Packages/com.unity.inputsystem/InputSystem/Editor/PropertyDrawers/GamepadButtonPropertyDrawer.cs
 0.1 kb	 0.0% Packages/com.unity.inputsystem/InputSystem/Editor/Internal/SerializedPropertyHelpers.cs
 0.1 kb	 0.0% Packages/com.unity.inputsystem/InputSystem/Editor/Internal/AdvancedDropdown/AdvancedDropdownDataSource.cs
 0.1 kb	 0.0% Packages/com.unity.inputsystem/InputSystem/Editor/InputSystemPackageControl.cs
 0.1 kb	 0.0% Packages/com.unity.inputsystem/InputSystem/Editor/InputSystemEditorInitializer.cs
 0.1 kb	 0.0% Packages/com.unity.inputsystem/InputSystem/Editor/Debugger/SampleFrequencyCalculator.cs
 0.1 kb	 0.0% Packages/com.unity.inputsystem/InputSystem/Editor/Debugger/InputDeviceDebuggerWindow.cs
 0.1 kb	 0.0% Packages/com.unity.inputsystem/InputSystem/Editor/Debugger/InputActionDebuggerWindow.cs
 0.1 kb	 0.0% Packages/com.unity.inputsystem/InputSystem/Editor/ControlPicker/InputControlPickerDropdown.cs
 0.1 kb	 0.0% Packages/com.unity.inputsystem/InputSystem/Editor/ControlPicker/IInputControlPickerLayout.cs
 0.1 kb	 0.0% Packages/com.unity.inputsystem/InputSystem/Editor/AssetImporter/InputActionImporterEditor.cs
 0.1 kb	 0.0% Packages/com.unity.inputsystem/InputSystem/Editor/AssetImporter/InputActionAssetIconLoader.cs
 0.1 kb	 0.0% Packages/com.unity.inputsystem/InputSystem/Editor/AssetEditor/InputBindingPropertiesView.cs
 0.1 kb	 0.0% Packages/com.unity.inputsystem/InputSystem/Editor/AssetEditor/InputActionPropertiesView.cs
 0.1 kb	 0.0% Packages/com.unity.inputsystem/InputSystem/Editor/Analytics/PlayerInputEditorAnalytic.cs
 0.1 kb	 0.0% Packages/com.unity.inputsystem/InputSystem/Editor/Analytics/OnScreenStickEditorAnalytic.cs
 0.1 kb	 0.0% Packages/com.unity.inputsystem/InputSystem/Editor/Analytics/InputExitPlayModeAnalytic.cs
 0.1 kb	 0.0% Packages/com.unity.inputsystem/InputSystem/Editor/Analytics/InputComponentEditorAnalytic.cs
 0.1 kb	 0.0% Packages/com.unity.collections/Unity.Collections/UnsafeNotBurstCompatible.cs
 0.1 kb	 0.0% Assets/XR/XRGeneralSettings.asset
 0.1 kb	 0.0% Packages/com.unity.xr.legacyinputhelpers/Runtime/ArmModels/SwingArmModel.cs
 0.1 kb	 0.0% Packages/com.unity.xr.interaction.toolkit/Runtime/XRHelpURLConstants.cs
 0.1 kb	 0.0% Packages/com.unity.xr.interaction.toolkit/Runtime/Utilities/MatrixUtility.cs
 0.1 kb	 0.0% Packages/com.unity.xr.interaction.toolkit/Runtime/Utilities/Interaction/XRFilterUtility.cs
 0.1 kb	 0.0% Packages/com.unity.xr.interaction.toolkit/Runtime/Utilities/GradientUtility.cs
 0.1 kb	 0.0% Packages/com.unity.xr.interaction.toolkit/Runtime/Utilities/DisplayUtility.cs
 0.1 kb	 0.0% Packages/com.unity.xr.interaction.toolkit/Runtime/Utilities/Curves/CurveUtility.cs
 0.1 kb	 0.0% Packages/com.unity.xr.interaction.toolkit/Runtime/Utilities/BurstMathUtility.cs
 0.1 kb	 0.0% Packages/com.unity.xr.interaction.toolkit/Runtime/Utilities/BurstLerpUtility.cs
 0.1 kb	 0.0% Packages/com.unity.xr.interaction.toolkit/Runtime/Utilities/BurstGazeUtility.cs
 0.1 kb	 0.0% Packages/com.unity.xr.interaction.toolkit/Runtime/Locomotion/Legacy/SnapTurnProviderBase.cs
 0.1 kb	 0.0% Packages/com.unity.xr.interaction.toolkit/Runtime/Locomotion/Jump/JumpProvider.cs
 0.1 kb	 0.0% Packages/com.unity.xr.interaction.toolkit/Runtime/Interaction/XRInteractionManager.cs
 0.1 kb	 0.0% Packages/com.unity.xr.interaction.toolkit/Runtime/Interaction/Layers/InteractionLayerMask.cs
 0.1 kb	 0.0% Packages/com.unity.xr.interaction.toolkit/Runtime/Interaction/Filtering/Target/Filters/XRTargetFilter.cs
 0.1 kb	 0.0% Packages/com.unity.xr.interaction.toolkit/Runtime/Interaction/Filtering/Target/Filters/IXRTargetFilter.cs
 0.1 kb	 0.0% Packages/com.unity.xr.interaction.toolkit/Runtime/Interaction/Filtering/Select/IXRSelectFilter.cs
 0.1 kb	 0.0% Packages/com.unity.xr.interaction.toolkit/Runtime/Interaction/Filtering/Poke/PokeStateData.cs
 0.1 kb	 0.0% Packages/com.unity.xr.interaction.toolkit/Runtime/Interaction/Filtering/Poke/IXRPokeFilter.cs
 0.1 kb	 0.0% Packages/com.unity.xr.interaction.toolkit/Runtime/Interaction/Filtering/Hover/IXRHoverFilter.cs
 0.1 kb	 0.0% Packages/com.unity.xr.interaction.toolkit/Runtime/Interaction/Controllers/XRControllerState.cs
 0.1 kb	 0.0% Packages/com.unity.xr.interaction.toolkit/Runtime/Interaction/Controllers/XRControllerRecorder.cs
 0.1 kb	 0.0% Packages/com.unity.xr.interaction.toolkit/Runtime/Inputs/ScrollUtility.cs
 0.1 kb	 0.0% Packages/com.unity.xr.interaction.toolkit/Runtime/Inputs/CardinalUtility.cs
 0.1 kb	 0.0% Packages/com.unity.xr.interaction.toolkit/Runtime/AR/Gestures/TwistGesture.deprecated.cs
 0.1 kb	 0.0% Packages/com.unity.xr.interaction.toolkit/Runtime/AR/Gestures/TapGesture.deprecated.cs
 0.1 kb	 0.0% Packages/com.unity.xr.interaction.toolkit/Runtime/AR/Gestures/PinchGesture.deprecated.cs
 0.1 kb	 0.0% Packages/com.unity.xr.interaction.toolkit/Runtime/AR/Gestures/DragGesture.deprecated.cs
 0.1 kb	 0.0% Packages/com.unity.xr.core-utils/Runtime/Datums/AnimationCurveDatumProperty.cs
 0.1 kb	 0.0% Packages/com.unity.xr.core-utils/Runtime/Attributes/ScriptableSettingsPathAttribute.cs
 0.1 kb	 0.0% Packages/com.unity.xr.arfoundation/Runtime/InternalUtils/PoseUtils.cs
 0.1 kb	 0.0% Packages/com.unity.xr.arfoundation/Runtime/ARSubsystems/Session/SessionAvailability.cs
 0.1 kb	 0.0% Packages/com.unity.xr.arfoundation/Runtime/ARSubsystems/Occlusion/EnvironmentDepthMode.cs
 0.1 kb	 0.0% Packages/com.unity.xr.arcore/Runtime/ARCoreImageStabilizationUtils.cs
 0.1 kb	 0.0% Packages/com.unity.xr.arcore/Runtime/ARCoreEnvironmentProbeSubsystem.cs
 0.1 kb	 0.0% Packages/com.unity.ugui/Runtime/UGUI/EventSystem/UIElements/UIToolkitInteroperabilityBridge.cs
 0.1 kb	 0.0% Packages/com.unity.render-pipelines.universal/Textures/BayerMatrix.png
 0.1 kb	 0.0% Packages/com.unity.render-pipelines.universal/Runtime/XR/XRPassUniversal.cs
 0.1 kb	 0.0% Packages/com.unity.render-pipelines.universal/Runtime/Tiling/LightMinMaxZJob.cs
 0.1 kb	 0.0% Packages/com.unity.render-pipelines.universal/Runtime/Tiling/InclusiveRange.cs
 0.1 kb	 0.0% Packages/com.unity.render-pipelines.universal/Runtime/ShadowCulling.cs
 0.1 kb	 0.0% Packages/com.unity.render-pipelines.universal/Runtime/ShaderBitArray.cs
 0.1 kb	 0.0% Packages/com.unity.render-pipelines.universal/Runtime/RenderingUtils.cs
 0.1 kb	 0.0% Packages/com.unity.render-pipelines.universal/Runtime/RendererFeatures/RenderObjects.cs
 0.1 kb	 0.0% Packages/com.unity.render-pipelines.universal/Runtime/PostProcessUtils.cs
 0.1 kb	 0.0% Packages/com.unity.render-pipelines.universal/Runtime/Passes/HDRDebugViewPass.cs
 0.1 kb	 0.0% Packages/com.unity.render-pipelines.universal/Runtime/Passes/GBufferPass.cs
 0.1 kb	 0.0% Packages/com.unity.render-pipelines.universal/Runtime/Passes/DrawSkyboxPass.cs
 0.1 kb	 0.0% Packages/com.unity.render-pipelines.universal/Runtime/Passes/DeferredPass.cs
 0.1 kb	 0.0% Packages/com.unity.render-pipelines.universal/Runtime/Overrides/PaniniProjection.cs
 0.1 kb	 0.0% Packages/com.unity.render-pipelines.universal/Runtime/Overrides/LiftGammaGain.cs
 0.1 kb	 0.0% Packages/com.unity.render-pipelines.universal/Runtime/Overrides/LensDistortion.cs
 0.1 kb	 0.0% Packages/com.unity.render-pipelines.universal/Runtime/Overrides/ColorAdjustments.cs
 0.1 kb	 0.0% Packages/com.unity.render-pipelines.universal/Runtime/Memory/BuddyAllocator.cs
 0.1 kb	 0.0% Packages/com.unity.render-pipelines.universal/Runtime/History/RawDepthHistory.cs
 0.1 kb	 0.0% Packages/com.unity.render-pipelines.universal/Runtime/History/RawColorHistory.cs
 0.1 kb	 0.0% Packages/com.unity.render-pipelines.universal/Runtime/Deprecated.cs
 0.1 kb	 0.0% Packages/com.unity.render-pipelines.universal/Runtime/Decal/Entities/DecalDrawSystem.cs
 0.1 kb	 0.0% Packages/com.unity.render-pipelines.universal/Runtime/Decal/DecalProjector.cs
 0.1 kb	 0.0% Packages/com.unity.render-pipelines.universal/Runtime/Decal/DecalPreviewPass.cs
 0.1 kb	 0.0% Packages/com.unity.render-pipelines.universal/Runtime/Debug/DebugRenderSetup.cs
 0.1 kb	 0.0% Packages/com.unity.render-pipelines.universal/Runtime/Data/RenderStateData.cs
 0.1 kb	 0.0% Packages/com.unity.render-pipelines.universal/Runtime/Data/PostProcessData.cs
 0.1 kb	 0.0% Packages/com.unity.render-pipelines.universal/Runtime/ComponentUtility.cs
 0.1 kb	 0.0% Packages/com.unity.render-pipelines.universal/Runtime/2D/Shadows/ShadowProvider/Providers/ShadowShapeProvider2D_Utility.cs
 0.1 kb	 0.0% Packages/com.unity.render-pipelines.core/Runtime/XR/XRVisibleMesh.cs
 0.1 kb	 0.0% Packages/com.unity.render-pipelines.core/Runtime/XR/XROcclusionMesh.cs
 0.1 kb	 0.0% Packages/com.unity.render-pipelines.core/Runtime/XR/XRLayoutStack.cs
 0.1 kb	 0.0% Packages/com.unity.render-pipelines.core/Runtime/UnifiedRayTracing/Compute/RadeonRays/HlbvhTopLevelBuilder.cs
 0.1 kb	 0.0% Packages/com.unity.render-pipelines.core/Runtime/UnifiedRayTracing/Common/Utilities/GraphicsHelpers.cs
 0.1 kb	 0.0% Packages/com.unity.render-pipelines.core/Runtime/UnifiedRayTracing/Common/Utilities/BlockAllocator.cs
 0.1 kb	 0.0% Packages/com.unity.render-pipelines.core/Runtime/UnifiedRayTracing/Common/Utilities/BackendHelpers.cs
 0.1 kb	 0.0% Packages/com.unity.render-pipelines.core/Runtime/UnifiedRayTracing/Common/TerrainToMesh.cs
 0.1 kb	 0.0% Packages/com.unity.render-pipelines.core/Runtime/Lighting/ProbeVolume/ProbeIndexOfIndices.cs
 0.1 kb	 0.0% Packages/com.unity.render-pipelines.core/Runtime/GPUDriven/RenderersParameters.cs
 0.1 kb	 0.0% Packages/com.unity.render-pipelines.core/Runtime/GPUDriven/LODRenderingUtils.cs
 0.1 kb	 0.0% Packages/com.unity.render-pipelines.core/Runtime/GPUDriven/InstanceData/InstanceDataSystem.cs
 0.1 kb	 0.0% Packages/com.unity.render-pipelines.core/Runtime/GPUDriven/InstanceData/InstanceAllocator.cs
 0.1 kb	 0.0% Packages/com.unity.render-pipelines.core/Runtime/GPUDriven/InstanceCullerBurst.cs
 0.1 kb	 0.0% Packages/com.unity.render-pipelines.core/Runtime/GPUDriven/GPUResidentDrawer.cs
 0.1 kb	 0.0% Packages/com.unity.render-pipelines.core/Runtime/GPUDriven/GPUResidentBatcher.cs
 0.1 kb	 0.0% Packages/com.unity.multiplayer.center/Common/IOnboardingSection.cs
 0.1 kb	 0.0% Packages/com.unity.inputsystem/InputSystem/Runtime/Utilities/Observables/ForDeviceEventObservable.cs
 0.1 kb	 0.0% Packages/com.unity.inputsystem/InputSystem/Runtime/Plugins/XR/Haptics/SendHapticImpulseCommand.cs
 0.1 kb	 0.0% Packages/com.unity.inputsystem/InputSystem/Runtime/Plugins/Android/AndroidSensors.cs
 0.1 kb	 0.0% Packages/com.unity.inputsystem/InputSystem/Runtime/Controls/Processors/StickDeadzoneProcessor.cs
 0.1 kb	 0.0% Packages/com.unity.inputsystem/InputSystem/Runtime/Controls/Processors/ScaleVector3Processor.cs
 0.1 kb	 0.0% Packages/com.unity.inputsystem/InputSystem/Runtime/Controls/Processors/ScaleVector2Processor.cs
 0.1 kb	 0.0% Packages/com.unity.inputsystem/InputSystem/Runtime/Controls/Processors/InvertVector3Processor.cs
 0.1 kb	 0.0% Packages/com.unity.inputsystem/InputSystem/Runtime/Controls/Processors/InvertVector2Processor.cs
 0.1 kb	 0.0% Packages/com.unity.inputsystem/InputSystem/Runtime/Controls/Processors/AxisDeadzoneProcessor.cs
 0.1 kb	 0.0% Packages/com.unity.inputsystem/InputSystem/Runtime/Actions/Composites/TwoModifiersComposite.cs
 0.1 kb	 0.0% Packages/com.unity.inputsystem/InputSystem/Runtime/Actions/Composites/ButtonWithTwoModifiers.cs
 0.1 kb	 0.0% Packages/com.unity.inputsystem/InputSystem/Runtime/Actions/Composites/ButtonWithOneModifier.cs
 0.1 kb	 0.0% Packages/com.unity.inputsystem/InputSystem/Editor/AssetEditor/NameAndParameterListView.cs
 0.1 kb	 0.0% Packages/com.unity.inputsystem/InputSystem/Editor/Actions/Interactions/SlowTapInteractionEditor.cs
 0.1 kb	 0.0% Packages/com.unity.inputsystem/InputSystem/Editor/Actions/Interactions/PressInteractionEditor.cs
 0.1 kb	 0.0% Packages/com.unity.inputsystem/InputSystem/Editor/Actions/Interactions/HoldInteractionEditor.cs
 0.1 kb	 0.0% Packages/com.unity.inputsystem/InputSystem/Editor/Actions/Composites/Vector3CompositeEditor.cs
 0.1 kb	 0.0% Packages/com.unity.inputsystem/InputSystem/Editor/Actions/Composites/Vector2CompositeEditor.cs
 0.1 kb	 0.0% Packages/com.unity.collections/Unity.Collections/UnsafeScratchAllocator.cs
 0.1 kb	 0.0% Packages/com.unity.collections/Unity.Collections/NativeParallelHashMapExtensions.cs
 0.1 kb	 0.0% Packages/com.unity.xr.legacyinputhelpers/Runtime/TrackedPoseDriver/BasePoseProvider.cs
 0.1 kb	 0.0% Packages/com.unity.xr.interaction.toolkit/Runtime/XR/InputHelpers.deprecated.cs
 0.1 kb	 0.0% Packages/com.unity.xr.interaction.toolkit/Runtime/UI/XRUIInputModule.cs
 0.1 kb	 0.0% Packages/com.unity.xr.interaction.toolkit/Runtime/UI/UIInputModule.cs
 0.1 kb	 0.0% Packages/com.unity.xr.interaction.toolkit/Runtime/UI/NavigationModel.cs
 0.1 kb	 0.0% Packages/com.unity.xr.interaction.toolkit/Runtime/UI/IUIModelUpdater.cs
 0.1 kb	 0.0% Packages/com.unity.xr.interaction.toolkit/Runtime/UI/CanvasTracker.cs
 0.1 kb	 0.0% Packages/com.unity.xr.interaction.toolkit/Runtime/UI/CanvasOptimizer.cs
 0.1 kb	 0.0% Packages/com.unity.xr.interaction.toolkit/Runtime/Interaction/Interactables/DistanceInfo.cs
 0.1 kb	 0.0% Packages/com.unity.xr.interaction.toolkit/Runtime/Interaction/Gaze/XRGazeAssistance.cs
 0.1 kb	 0.0% Packages/com.unity.xr.core-utils/Runtime/CapabilityProfile/Dictionary/StandardCapabilityKeys.cs
 0.1 kb	 0.0% Packages/com.unity.xr.arfoundation/Runtime/ARSubsystems/Session/XRSessionUpdateParams.cs
 0.1 kb	 0.0% Packages/com.unity.xr.arfoundation/Runtime/ARSubsystems/Session/Configuration/ConfigurationDescriptor.cs
 0.1 kb	 0.0% Packages/com.unity.xr.arfoundation/Runtime/ARSubsystems/PointClouds/XRPointCloudSubsystem.cs
 0.1 kb	 0.0% Packages/com.unity.xr.arfoundation/Runtime/ARSubsystems/Participants/XRParticipantSubsystem.cs
 0.1 kb	 0.0% Packages/com.unity.xr.arfoundation/Runtime/ARSubsystems/Objects/XRReferenceObjectLibrary.cs
 0.1 kb	 0.0% Packages/com.unity.xr.arfoundation/Runtime/ARSubsystems/Objects/XRReferenceObjectEntry.cs
 0.1 kb	 0.0% Packages/com.unity.xr.arfoundation/Runtime/ARSubsystems/Input/HandheldARInputDevice.cs
 0.1 kb	 0.0% Packages/com.unity.xr.arfoundation/Runtime/ARSubsystems/Images/XRReferenceImageLibrary.cs
 0.1 kb	 0.0% Packages/com.unity.xr.arfoundation/Runtime/ARSubsystems/Images/XRImageTrackingSubsystem.cs
 0.1 kb	 0.0% Packages/com.unity.xr.arfoundation/Runtime/ARSubsystems/Images/IReferenceImageLibrary.cs
 0.1 kb	 0.0% Packages/com.unity.xr.arfoundation/Runtime/ARSubsystems/HumanBodies/XRHumanBodyPose2DJoint.cs
 0.1 kb	 0.0% Packages/com.unity.xr.arfoundation/Runtime/ARSubsystems/Camera/XRCameraFrameExifData.cs
 0.1 kb	 0.0% Packages/com.unity.xr.arfoundation/Runtime/ARSubsystems/Camera/XRCameraConfiguration.cs
 0.1 kb	 0.0% Packages/com.unity.xr.arfoundation/Runtime/ARSubsystems/BoundingBoxes/XRBoundingBoxSubsystem.cs
 0.1 kb	 0.0% Packages/com.unity.xr.arfoundation/Runtime/ARFoundation/Raycasts/FallbackRaycastRegistry.cs
 0.1 kb	 0.0% Packages/com.unity.xr.arfoundation/Runtime/ARFoundation/Planes/ARPlaneMeshVisualizer.cs
 0.1 kb	 0.0% Packages/com.unity.xr.arfoundation/Runtime/ARFoundation/Objects/ARTrackedObjectManager.cs
 0.1 kb	 0.0% Packages/com.unity.xr.arfoundation/Runtime/ARFoundation/Meshing/ARMeshesChangedEventArgs.cs
 0.1 kb	 0.0% Packages/com.unity.xr.arfoundation/Runtime/ARFoundation/Images/ARTrackedImageManager.cs
 0.1 kb	 0.0% Packages/com.unity.xr.arfoundation/Runtime/ARFoundation/Faces/ARFaceUpdatedEventArgs.cs
 0.1 kb	 0.0% Packages/com.unity.xr.arfoundation/Runtime/ARFoundation/Common/Textures/UpdatableTextureFactory.cs
 0.1 kb	 0.0% Packages/com.unity.xr.arfoundation/Runtime/ARFoundation/Common/Textures/UpdatableRenderTexture.cs
 0.1 kb	 0.0% Packages/com.unity.xr.arfoundation/Runtime/ARFoundation/Camera/ARLightEstimationData.cs
 0.1 kb	 0.0% Packages/com.unity.xr.arfoundation/Runtime/ARFoundation/Camera/ARCameraFrameEventArgs.cs
 0.1 kb	 0.0% Packages/com.unity.xr.arfoundation/Runtime/ARFoundation/Anchors/ARSaveOrLoadAnchorResult.cs
 0.1 kb	 0.0% Packages/com.unity.xr.arcore/Runtime/PointCloud/ARCoreXRDepthSubsystem.deprecated.cs
 0.1 kb	 0.0% Packages/com.unity.ugui/Runtime/TMP/TMP_SpriteAssetImportFormats.cs
 0.1 kb	 0.0% Packages/com.unity.shadergraph/ShaderGraphLibrary/DummyShaderGraphLibrary.cs
 0.1 kb	 0.0% Packages/com.unity.render-pipelines.universal/ShaderLibrary/ShaderTypes.cs
 0.1 kb	 0.0% Packages/com.unity.render-pipelines.universal/ShaderLibrary/Deprecated.cs
 0.1 kb	 0.0% Packages/com.unity.render-pipelines.universal/Runtime/Tiling/TileSize.cs
 0.1 kb	 0.0% Packages/com.unity.render-pipelines.universal/Runtime/2D/UTess2D/UTess.cs
 0.1 kb	 0.0% Packages/com.unity.render-pipelines.universal/Runtime/2D/Shadows/ShadowProvider/ShadowMesh2D.cs
 0.1 kb	 0.0% Packages/com.unity.render-pipelines.universal/Runtime/2D/Shadows/ShadowProvider/ShadowEdge.cs
 0.1 kb	 0.0% Packages/com.unity.render-pipelines.universal/Runtime/2D/Shadows/ShadowProvider/IEdgeStore.cs
 0.1 kb	 0.0% Packages/com.unity.render-pipelines.universal/Runtime/2D/Rendergraph/UpscalePass.cs
 0.1 kb	 0.0% Packages/com.unity.render-pipelines.universal/Runtime/2D/Passes/Utility/LightBatch.cs
 0.1 kb	 0.0% Packages/com.unity.render-pipelines.universal/Runtime/2D/Passes/Utility/LayerUtility.cs
 0.1 kb	 0.0% Packages/com.unity.render-pipelines.universal/Runtime/2D/LightUtility.cs
 0.1 kb	 0.0% Packages/com.unity.render-pipelines.core/Runtime/Utilities/SweepLineRectUtils.cs
 0.1 kb	 0.0% Packages/com.unity.render-pipelines.core/Runtime/Utilities/SceneRenderPipeline.cs
 0.1 kb	 0.0% Packages/com.unity.render-pipelines.core/Runtime/Utilities/MaterialQuality.cs
 0.1 kb	 0.0% Packages/com.unity.render-pipelines.core/Runtime/Utilities/CullContextData.cs
 0.1 kb	 0.0% Packages/com.unity.render-pipelines.core/Runtime/Utilities/CameraCaptureBridge.cs
 0.1 kb	 0.0% Packages/com.unity.render-pipelines.core/Runtime/ShaderGenerator/ShaderGeneratorAttributes.cs
 0.1 kb	 0.0% Packages/com.unity.render-pipelines.core/Runtime/RenderGraph/RenderGraph.cs
 0.1 kb	 0.0% Packages/com.unity.render-pipelines.core/Runtime/PostProcessing/LensFlareCommonSRP.cs
 0.1 kb	 0.0% Packages/com.unity.render-pipelines.core/Runtime/LookDev/IDataProvider.cs
 0.1 kb	 0.0% Packages/com.unity.render-pipelines.core/Runtime/Lighting/SphericalHarmonics.cs
 0.1 kb	 0.0% Packages/com.unity.render-pipelines.core/Runtime/Lighting/ProbeVolume/ProbeVolumesOptions.cs
 0.1 kb	 0.0% Packages/com.unity.render-pipelines.core/Runtime/Lighting/ProbeVolume/ProbeVolumeSceneData.cs
 0.1 kb	 0.0% Packages/com.unity.render-pipelines.core/Runtime/Lighting/ProbeVolume/ProbeVolumeGIContributor.cs
 0.1 kb	 0.0% Packages/com.unity.render-pipelines.core/Runtime/Lighting/ProbeVolume/ProbeVolumeBakingSet.cs
 0.1 kb	 0.0% Packages/com.unity.render-pipelines.core/Runtime/Lighting/ProbeVolume/ProbeVolumeAsset.cs
 0.1 kb	 0.0% Packages/com.unity.render-pipelines.core/Runtime/Lighting/ProbeVolume/ProbeReferenceVolume.cs
 0.1 kb	 0.0% Packages/com.unity.render-pipelines.core/Runtime/Documentation.cs
 0.1 kb	 0.0% Packages/com.unity.render-pipelines.core/Runtime/Debugging/Prefabs/Scripts/DebugUIHandlerWidget.cs
 0.1 kb	 0.0% Packages/com.unity.render-pipelines.core/Runtime/Debugging/Prefabs/Scripts/DebugUIHandlerValue.cs
 0.1 kb	 0.0% Packages/com.unity.render-pipelines.core/Runtime/Debugging/Prefabs/Scripts/DebugUIHandlerVBox.cs
 0.1 kb	 0.0% Packages/com.unity.render-pipelines.core/Runtime/Debugging/Prefabs/Scripts/DebugUIHandlerToggle.cs
 0.1 kb	 0.0% Packages/com.unity.render-pipelines.core/Runtime/Debugging/Prefabs/Scripts/DebugUIHandlerRow.cs
 0.1 kb	 0.0% Packages/com.unity.render-pipelines.core/Runtime/Debugging/Prefabs/Scripts/DebugUIHandlerPanel.cs
 0.1 kb	 0.0% Packages/com.unity.render-pipelines.core/Runtime/Debugging/Prefabs/Scripts/DebugUIHandlerObject.cs
 0.1 kb	 0.0% Packages/com.unity.render-pipelines.core/Runtime/Debugging/Prefabs/Scripts/DebugUIHandlerHBox.cs
 0.1 kb	 0.0% Packages/com.unity.render-pipelines.core/Runtime/Debugging/Prefabs/Scripts/DebugUIHandlerGroup.cs
 0.1 kb	 0.0% Packages/com.unity.render-pipelines.core/Runtime/Debugging/Prefabs/Scripts/DebugUIHandlerColor.cs
 0.1 kb	 0.0% Packages/com.unity.render-pipelines.core/Runtime/Debugging/Prefabs/Scripts/DebugUIHandlerCanvas.cs
 0.1 kb	 0.0% Packages/com.unity.render-pipelines.core/Runtime/Debugging/Prefabs/Scripts/DebugUIHandlerButton.cs
 0.1 kb	 0.0% Packages/com.unity.render-pipelines.core/Runtime/Debugging/MousePositionDebug.cs
 0.1 kb	 0.0% Packages/com.unity.render-pipelines.core/Runtime/Debugging/IVolumeDebugSettings.cs
 0.1 kb	 0.0% Packages/com.unity.render-pipelines.core/Runtime/Debugging/FrameTiming/FrameTimeBottleneck.cs
 0.1 kb	 0.0% Packages/com.unity.render-pipelines.core/Runtime/Common/Swap.Extensions.cs
 0.1 kb	 0.0% Packages/com.unity.render-pipelines.core/Runtime/Common/ReloadGroupAttribute.cs
 0.1 kb	 0.0% Packages/com.unity.render-pipelines.core/Runtime/Common/CommandBufferPool.cs
 0.1 kb	 0.0% Packages/com.unity.render-pipelines.core/Runtime/CommandBuffers/UnsafeCommandBuffer.cs
 0.1 kb	 0.0% Packages/com.unity.render-pipelines.core/Runtime/CommandBuffers/RasterCommandBuffer.cs
 0.1 kb	 0.0% Packages/com.unity.render-pipelines.core/Runtime/CommandBuffers/IUnsafeCommandBuffer.cs
 0.1 kb	 0.0% Packages/com.unity.render-pipelines.core/Runtime/CommandBuffers/IRasterCommandBuffer.cs
 0.1 kb	 0.0% Packages/com.unity.render-pipelines.core/Runtime/CommandBuffers/IBaseCommandBuffer.cs
 0.1 kb	 0.0% Packages/com.unity.render-pipelines.core/Runtime/CommandBuffers/ComputeCommandBuffer.cs
 0.1 kb	 0.0% Packages/com.unity.render-pipelines.core/Runtime/CommandBuffers/CommandBufferHelpers.cs
 0.1 kb	 0.0% Packages/com.unity.multiplayer.center/Common/StyleConstants.cs
 0.1 kb	 0.0% Packages/com.unity.inputsystem/InputSystem/Runtime/State/IInputStateChangeMonitor.cs
 0.1 kb	 0.0% Packages/com.unity.inputsystem/InputSystem/Runtime/Plugins/iOS/IOSGameController.cs
 0.1 kb	 0.0% Packages/com.unity.inputsystem/InputSystem/Runtime/Plugins/XInput/XInputControllerWindows.cs
 0.1 kb	 0.0% Packages/com.unity.inputsystem/InputSystem/Runtime/Plugins/Users/InputUserAccountHandle.cs
 0.1 kb	 0.0% Packages/com.unity.inputsystem/InputSystem/Runtime/Plugins/Switch/SwitchProControllerHID.cs
 0.1 kb	 0.0% Packages/com.unity.inputsystem/InputSystem/Runtime/Plugins/OSX/OSXGameController.cs
 0.1 kb	 0.0% Packages/com.unity.inputsystem/InputSystem/Runtime/Plugins/EnhancedTouch/EnhancedTouchSupport.cs
 0.1 kb	 0.0% Packages/com.unity.inputsystem/InputSystem/Runtime/InputManagerStateMonitors.cs
 0.1 kb	 0.0% Packages/com.unity.inputsystem/InputSystem/Runtime/Events/DeviceConfigurationEvent.cs
 0.1 kb	 0.0% Packages/com.unity.inputsystem/InputSystem/Runtime/Devices/Remote/RemoteInputPlayerConnection.cs
 0.1 kb	 0.0% Packages/com.unity.inputsystem/InputSystem/Runtime/Devices/InputDeviceDescription.cs
 0.1 kb	 0.0% Packages/com.unity.inputsystem/InputSystem/Runtime/Devices/Haptics/DualMotorRumbleCommand.cs
 0.1 kb	 0.0% Packages/com.unity.inputsystem/InputSystem/Runtime/Devices/Commands/WarpMousePositionCommand.cs
 0.1 kb	 0.0% Packages/com.unity.inputsystem/InputSystem/Runtime/Devices/Commands/QueryEnabledStateCommand.cs
 0.1 kb	 0.0% Packages/com.unity.inputsystem/InputSystem/Runtime/Devices/Commands/QueryDimensionsCommand.cs
 0.1 kb	 0.0% Packages/com.unity.inputsystem/InputSystem/Runtime/Devices/Commands/QueryCanRunInBackground.cs
 0.1 kb	 0.0% Packages/com.unity.inputsystem/InputSystem/Runtime/Devices/Commands/IInputDeviceCommandInfo.cs
 0.1 kb	 0.0% Packages/com.unity.inputsystem/InputSystem/Runtime/Controls/InputControlAttribute.cs
 0.1 kb	 0.0% Packages/com.unity.inputsystem/InputSystem/Runtime/Controls/DiscreteButtonControl.cs
 0.1 kb	 0.0% Packages/com.unity.inputsystem/InputSystem/Runtime/Actions/InputBindingCompositeContext.cs
 0.1 kb	 0.0% Packages/com.unity.inputsystem/InputSystem/Runtime/Actions/InputActionSetupExtensions.cs
 0.1 kb	 0.0% Packages/com.unity.inputsystem/InputSystem/Runtime/Actions/InputActionParameters.cs
 0.1 kb	 0.0% Packages/com.unity.inputsystem/InputSystem/Editor/UITKAssetEditor/Views/VisualElementExtensions.cs
 0.1 kb	 0.0% Packages/com.unity.inputsystem/InputSystem/Editor/UITKAssetEditor/Views/InputActionsTreeViewItem.cs
 0.1 kb	 0.0% Packages/com.unity.inputsystem/InputSystem/Editor/UITKAssetEditor/Views/InputActionsEditorView.cs
 0.1 kb	 0.0% Packages/com.unity.inputsystem/InputSystem/Editor/UITKAssetEditor/Views/BindingPropertiesView.cs
 0.1 kb	 0.0% Packages/com.unity.inputsystem/InputSystem/Editor/UITKAssetEditor/SerializedInputBinding.cs
 0.1 kb	 0.0% Packages/com.unity.inputsystem/InputSystem/Editor/UITKAssetEditor/SerializedInputActionMap.cs
 0.1 kb	 0.0% Packages/com.unity.inputsystem/InputSystem/Editor/UITKAssetEditor/SerializedInputAction.cs
 0.1 kb	 0.0% Packages/com.unity.inputsystem/InputSystem/Editor/UITKAssetEditor/InputActionsEditorWindow.cs
 0.1 kb	 0.0% Packages/com.unity.inputsystem/InputSystem/Editor/UITKAssetEditor/InputActionsEditorState.cs
 0.1 kb	 0.0% Packages/com.unity.inputsystem/InputSystem/Editor/UITKAssetEditor/Commands/ControlSchemeCommands.cs
 0.1 kb	 0.0% Packages/com.unity.inputsystem/InputSystem/Editor/Settings/InputSettingsProvider.cs
 0.1 kb	 0.0% Packages/com.unity.inputsystem/InputSystem/Editor/PropertyDrawers/InputControlPathDrawer.cs
 0.1 kb	 0.0% Packages/com.unity.inputsystem/InputSystem/Editor/PropertyDrawers/InputActionDrawerBase.cs
 0.1 kb	 0.0% Packages/com.unity.inputsystem/InputSystem/Editor/PropertyDrawers/InputActionAssetDrawer.cs
 0.1 kb	 0.0% Packages/com.unity.inputsystem/InputSystem/Editor/ProjectWideActions/ProjectWideActionsAsset.cs
 0.1 kb	 0.0% Packages/com.unity.inputsystem/InputSystem/Editor/Plugins/PlayerInput/PlayerInputManagerEditor.cs
 0.1 kb	 0.0% Packages/com.unity.inputsystem/InputSystem/Editor/Plugins/EnhancedTouch/TouchSimulationEditor.cs
 0.1 kb	 0.0% Packages/com.unity.inputsystem/InputSystem/Editor/Internal/AdvancedDropdown/AdvancedDropdownWindow.cs
 0.1 kb	 0.0% Packages/com.unity.inputsystem/InputSystem/Editor/Internal/AdvancedDropdown/AdvancedDropdownState.cs
 0.1 kb	 0.0% Packages/com.unity.inputsystem/InputSystem/Editor/InputSystemPluginControl.cs
 0.1 kb	 0.0% Packages/com.unity.inputsystem/InputSystem/Editor/InputLayoutCodeGenerator.cs
 0.1 kb	 0.0% Packages/com.unity.inputsystem/InputSystem/Editor/InputAssetEditorUtils.cs
 0.1 kb	 0.0% Packages/com.unity.inputsystem/InputSystem/Editor/Debugger/InputLatencyCalculator.cs
 0.1 kb	 0.0% Packages/com.unity.inputsystem/InputSystem/Editor/ControlPicker/InputControlPickerState.cs
 0.1 kb	 0.0% Packages/com.unity.inputsystem/InputSystem/Editor/ControlPicker/InputControlPathEditor.cs
 0.1 kb	 0.0% Packages/com.unity.inputsystem/InputSystem/Editor/ControlPicker/InputControlDropdownItem.cs
 0.1 kb	 0.0% Packages/com.unity.inputsystem/InputSystem/Editor/AssetImporter/InputActionCodeGenerator.cs
 0.1 kb	 0.0% Packages/com.unity.inputsystem/InputSystem/Editor/AssetImporter/InputActionAssetEditor.cs
 0.1 kb	 0.0% Packages/com.unity.inputsystem/InputSystem/Editor/AssetImporter/IInputActionAssetEditor.cs
 0.1 kb	 0.0% Packages/com.unity.inputsystem/InputSystem/Editor/AssetEditor/InputActionAssetManager.cs
 0.1 kb	 0.0% Packages/com.unity.inputsystem/InputSystem/Actions/InputActionStateMonitorIndex.cs
 0.1 kb	 0.0% Packages/com.unity.collections/Unity.Collections/UnsafeAtomicCounter.cs
 0.1 kb	 0.0% Assets/TextMesh Pro/Resources/LineBreaking Leading Characters.txt
 0.1 kb	 0.0% Assets/MobileARTemplateAssets/Scripts/ARPlaneMeshVisualizerFader.cs
 0.1 kb	 0.0% Packages/com.unity.xr.management/Runtime/XRManagementAnalytics.cs
 0.1 kb	 0.0% Packages/com.unity.xr.management/Runtime/XRConfigurationData.cs
 0.1 kb	 0.0% Packages/com.unity.xr.legacyinputhelpers/Runtime/TrackedPoseDriver/TrackedPoseDriver.cs
 0.1 kb	 0.0% Packages/com.unity.xr.legacyinputhelpers/Runtime/CameraOffset.cs
 0.1 kb	 0.0% Packages/com.unity.xr.interaction.toolkit/Runtime/XR/SortingHelpers.cs
 0.1 kb	 0.0% Packages/com.unity.xr.interaction.toolkit/Runtime/Utilities/ProjectPath.cs
 0.1 kb	 0.0% Packages/com.unity.xr.interaction.toolkit/Runtime/Locomotion/Legacy/LocomotionSystem.cs
 0.1 kb	 0.0% Packages/com.unity.xr.interaction.toolkit/Runtime/Interaction/Filtering/Poke/XRPokeLogic.cs
 0.1 kb	 0.0% Packages/com.unity.xr.interaction.toolkit/Runtime/Interaction/Filtering/Poke/XRPokeFilter.cs
 0.1 kb	 0.0% Packages/com.unity.xr.interaction.toolkit/Runtime/Interaction/Controllers/XRBaseController.cs
 0.1 kb	 0.0% Packages/com.unity.xr.interaction.toolkit/Runtime/Interaction/Controllers/InteractionState.cs
 0.1 kb	 0.0% Packages/com.unity.xr.interaction.toolkit/Runtime/AR/Interactors/IARInteractor.cs
 0.1 kb	 0.0% Packages/com.unity.xr.arfoundation/Runtime/ARSubsystems/PointClouds/XRDepthSubsystem.deprecated.cs
 0.1 kb	 0.0% Packages/com.unity.xr.arfoundation/Runtime/ARFoundation/Camera/LightEstimation.cs
 0.1 kb	 0.0% Packages/com.unity.xr.arfoundation/Runtime/ARFoundation/Camera/CameraFacingDirection.cs
 0.1 kb	 0.0% Packages/com.unity.xr.arcore/Runtime/PointCloud/ARCorePointCloudSubsystem.cs
 0.1 kb	 0.0% Packages/com.unity.xr.arcore/Runtime/ARCoreImageTrackingSubsystem.cs
 0.1 kb	 0.0% Packages/com.unity.ugui/Runtime/UGUI/UI/Core/Layout/HorizontalOrVerticalLayoutGroup.cs
 0.1 kb	 0.0% Packages/com.unity.render-pipelines.universal/Runtime/Tiling/ZBinningJob.cs
 0.1 kb	 0.0% Packages/com.unity.render-pipelines.universal/Runtime/Tiling/TilingJob.cs
 0.1 kb	 0.0% Packages/com.unity.render-pipelines.universal/Runtime/TemporalAA.cs
 0.1 kb	 0.0% Packages/com.unity.render-pipelines.universal/Runtime/ShadowUtils.cs
 0.1 kb	 0.0% Packages/com.unity.render-pipelines.universal/Runtime/ShaderUtils.cs
 0.1 kb	 0.0% Packages/com.unity.render-pipelines.universal/Runtime/ShaderData.cs
 0.1 kb	 0.0% Packages/com.unity.render-pipelines.universal/Runtime/Passes/CapturePass.cs
 0.1 kb	 0.0% Packages/com.unity.render-pipelines.universal/Runtime/Overrides/WhiteBalance.cs
 0.1 kb	 0.0% Packages/com.unity.render-pipelines.universal/Runtime/Overrides/Tonemapping.cs
 0.1 kb	 0.0% Packages/com.unity.render-pipelines.universal/Runtime/Overrides/SplitToning.cs
 0.1 kb	 0.0% Packages/com.unity.render-pipelines.universal/Runtime/Overrides/MotionBlur.cs
 0.1 kb	 0.0% Packages/com.unity.render-pipelines.universal/Runtime/Overrides/FilmGrain.cs
 0.1 kb	 0.0% Packages/com.unity.render-pipelines.universal/Runtime/Overrides/DepthOfField.cs
 0.1 kb	 0.0% Packages/com.unity.render-pipelines.universal/Runtime/Overrides/ColorLookup.cs
 0.1 kb	 0.0% Packages/com.unity.render-pipelines.universal/Runtime/Overrides/ColorCurves.cs
 0.1 kb	 0.0% Packages/com.unity.render-pipelines.universal/Runtime/Overrides/ChannelMixer.cs
 0.1 kb	 0.0% Packages/com.unity.render-pipelines.universal/Runtime/History/TaaHistory.cs
 0.1 kb	 0.0% Packages/com.unity.render-pipelines.universal/Runtime/History/StpHistory.cs
 0.1 kb	 0.0% Packages/com.unity.render-pipelines.universal/Runtime/Decal/Entities/DecalChunk.cs
 0.1 kb	 0.0% Packages/com.unity.render-pipelines.universal/Runtime/Debug/DebugHandler.cs
 0.1 kb	 0.0% Packages/com.unity.render-pipelines.core/Runtime/XR/XRMirrorView.cs
 0.1 kb	 0.0% Packages/com.unity.render-pipelines.core/Runtime/Utilities/GPUPrefixSum/GPUPrefixSum.ShaderIDs.cs
 0.1 kb	 0.0% Packages/com.unity.render-pipelines.core/Runtime/UnifiedRayTracing/Compute/RadeonRays/RestructureBvh.cs
 0.1 kb	 0.0% Packages/com.unity.render-pipelines.core/Runtime/UnifiedRayTracing/Compute/RadeonRays/RadeonRaysAPI.cs
 0.1 kb	 0.0% Packages/com.unity.render-pipelines.core/Runtime/UnifiedRayTracing/Common/GeometryPool/GeometryPool.cs
 0.1 kb	 0.0% Packages/com.unity.render-pipelines.core/Runtime/GPUDriven/Utilities/ParallelBitArray.cs
 0.1 kb	 0.0% Packages/com.unity.render-pipelines.core/Runtime/GPUDriven/Utilities/MemoryUtilities.cs
 0.1 kb	 0.0% Packages/com.unity.render-pipelines.core/Runtime/GPUDriven/LODGroupDataPool.cs
 0.1 kb	 0.0% Packages/com.unity.render-pipelines.core/Runtime/GPUDriven/InstanceCuller.cs
 0.1 kb	 0.0% Packages/com.unity.render-pipelines.core/Runtime/Deprecated.cs
 0.1 kb	 0.0% Packages/com.unity.render-pipelines.core/Runtime/Common/CoreAttributes.cs
 0.1 kb	 0.0% Packages/com.unity.render-pipelines.core/Runtime/CommandBuffers/BaseCommandBufer.cs
 0.1 kb	 0.0% Packages/com.unity.inputsystem/InputSystem/Runtime/Utilities/NameAndParameters.cs
 0.1 kb	 0.0% Packages/com.unity.inputsystem/InputSystem/Runtime/Utilities/CSharpCodeHelpers.cs
 0.1 kb	 0.0% Packages/com.unity.inputsystem/InputSystem/Runtime/Plugins/UI/TrackedDeviceRaycaster.cs
 0.1 kb	 0.0% Packages/com.unity.inputsystem/InputSystem/Runtime/Plugins/UI/MultiplayerEventSystem.cs
 0.1 kb	 0.0% Packages/com.unity.inputsystem/InputSystem/Runtime/Plugins/UI/InputSystemUIInputModule.cs
 0.1 kb	 0.0% Packages/com.unity.inputsystem/InputSystem/Runtime/Plugins/UI/ExtendedPointerEventData.cs
 0.1 kb	 0.0% Packages/com.unity.inputsystem/InputSystem/Runtime/Plugins/UI/ExtendedAxisEventData.cs
 0.1 kb	 0.0% Packages/com.unity.inputsystem/InputSystem/Runtime/Plugins/DualShock/IDualShockHaptics.cs
 0.1 kb	 0.0% Packages/com.unity.inputsystem/InputSystem/Runtime/Controls/Processors/NormalizeProcessor.cs
 0.1 kb	 0.0% Packages/com.unity.inputsystem/InputSystem/Runtime/Actions/Interactions/SlowTapInteraction.cs
 0.1 kb	 0.0% Packages/com.unity.inputsystem/InputSystem/Runtime/Actions/Interactions/MultiTapInteraction.cs
 0.1 kb	 0.0% Packages/com.unity.inputsystem/InputSystem/Runtime/Actions/Composites/OneModifierComposite.cs
 0.1 kb	 0.0% Packages/com.unity.inputsystem/InputSystem/Editor/Utilities/DirtyAssetTracker.cs
 0.1 kb	 0.0% Packages/com.unity.inputsystem/InputSystem/Editor/Plugins/HID/HIDDescriptorWindow.cs
 0.1 kb	 0.0% Packages/com.unity.inputsystem/InputSystem/Editor/AssetEditor/ParameterListView.cs
 0.1 kb	 0.0% Packages/com.unity.inputsystem/InputSystem/Editor/AssetEditor/InputActionTreeViewItems.cs
 0.1 kb	 0.0% Packages/com.unity.inputsystem/InputSystem/Editor/Actions/Interactions/TapInteractionEditor.cs
 0.1 kb	 0.0% Packages/com.unity.inputsystem/InputSystem/Editor/Actions/Composites/AxisCompositeEditor.cs
 0.1 kb	 0.0% Packages/com.unity.collections/Unity.Collections/UnsafeUtilityEx.cs
 0.1 kb	 0.0% Packages/com.unity.collections/Unity.Collections/UnsafeAppendBuffer.cs
 0.1 kb	 0.0% Packages/com.unity.collections/Unity.Collections/NativeParallelHashSetExtensions.gen.cs
 0.1 kb	 0.0% Packages/com.unity.collections/Unity.Collections/Jobs/RegisterGenericJobTypeAttribute.cs
 0.1 kb	 0.0% Packages/com.unity.collections/Unity.Collections/DoubleRewindableAllocators.cs
 0.1 kb	 0.0% Packages/com.unity.collections/Unity.Collections/DataStreamExtensions.cs
 0.1 kb	 0.0% Packages/com.unity.xr.interaction.toolkit/Runtime/UI/TouchModel.cs
 0.1 kb	 0.0% Packages/com.unity.xr.interaction.toolkit/Runtime/UI/PointerModel.cs
 0.1 kb	 0.0% Packages/com.unity.xr.interaction.toolkit/Runtime/UI/LazyFollow.cs
 0.1 kb	 0.0% Packages/com.unity.xr.interaction.toolkit/Runtime/Interaction/Gaze/IXRAimAssist.cs
 0.1 kb	 0.0% Packages/com.unity.xr.interaction.toolkit/Runtime/AR/Gestures/TwistGesture.cs
 0.1 kb	 0.0% Packages/com.unity.xr.interaction.toolkit/Runtime/AR/Gestures/TapGesture.cs
 0.1 kb	 0.0% Packages/com.unity.xr.interaction.toolkit/Runtime/AR/Gestures/PinchGesture.cs
 0.1 kb	 0.0% Packages/com.unity.xr.interaction.toolkit/Runtime/AR/Gestures/DragGesture.cs
 0.1 kb	 0.0% Packages/com.unity.xr.core-utils/Runtime/CapabilityProfile/Dictionary/ICapabilityModifier.cs
 0.1 kb	 0.0% Packages/com.unity.xr.core-utils/Runtime/CapabilityProfile/Dictionary/CapabilityDictionary.cs
 0.1 kb	 0.0% Packages/com.unity.xr.core-utils/Runtime/CapabilityProfile/CapabilityProfile.cs
 0.1 kb	 0.0% Packages/com.unity.xr.core-utils/Runtime/Attributes/FlagsPropertyAttribute.cs
 0.1 kb	 0.0% Packages/com.unity.xr.arfoundation/Runtime/ARSubsystems/Utils/SharedStringBuilder.cs
 0.1 kb	 0.0% Packages/com.unity.xr.arfoundation/Runtime/ARSubsystems/Utils/ObjectPoolCreateUtil.cs
 0.1 kb	 0.0% Packages/com.unity.xr.arfoundation/Runtime/ARSubsystems/Utils/NativeCopyUtility.cs
 0.1 kb	 0.0% Packages/com.unity.xr.arfoundation/Runtime/ARSubsystems/Session/XRSessionSubsystem.cs
 0.1 kb	 0.0% Packages/com.unity.xr.arfoundation/Runtime/ARSubsystems/Session/Configuration/ConfigurationChooser.cs
 0.1 kb	 0.0% Packages/com.unity.xr.arfoundation/Runtime/ARSubsystems/Raycasts/XRRaycastSubsystem.cs
 0.1 kb	 0.0% Packages/com.unity.xr.arfoundation/Runtime/ARSubsystems/Planes/PlaneAlignment.cs
 0.1 kb	 0.0% Packages/com.unity.xr.arfoundation/Runtime/ARSubsystems/Planes/BoundedPlaneBuilder.cs
 0.1 kb	 0.0% Packages/com.unity.xr.arfoundation/Runtime/ARSubsystems/Occlusion/XROcclusionSubsystem.cs
 0.1 kb	 0.0% Packages/com.unity.xr.arfoundation/Runtime/ARSubsystems/Objects/XRReferenceObject.cs
 0.1 kb	 0.0% Packages/com.unity.xr.arfoundation/Runtime/ARSubsystems/Markers/XRMarkerSubsystem.cs
 0.1 kb	 0.0% Packages/com.unity.xr.arfoundation/Runtime/ARSubsystems/HumanBodies/XRHumanBodySubsystem.cs
 0.1 kb	 0.0% Packages/com.unity.xr.arfoundation/Runtime/ARSubsystems/EnvironmentProbes/XREnvironmentProbe.cs
 0.1 kb	 0.0% Packages/com.unity.xr.arfoundation/Runtime/ARSubsystems/Common/Textures/XRTextureType.cs
 0.1 kb	 0.0% Packages/com.unity.xr.arfoundation/Runtime/ARSubsystems/Common/Textures/XRTextureDescriptor.cs
 0.1 kb	 0.0% Packages/com.unity.xr.arfoundation/Runtime/ARSubsystems/Camera/XRCameraSubsystem.cs
 0.1 kb	 0.0% Packages/com.unity.xr.arfoundation/Runtime/ARSubsystems/Camera/XRCameraIntrinsics.cs
 0.1 kb	 0.0% Packages/com.unity.xr.arfoundation/Runtime/ARSubsystems/BoundingBoxes/XRBoundingBoxBuilder.cs
 0.1 kb	 0.0% Packages/com.unity.xr.arfoundation/Runtime/ARSubsystems/Anchors/XRSaveAnchorResult.cs
 0.1 kb	 0.0% Packages/com.unity.xr.arfoundation/Runtime/ARSubsystems/Anchors/XRLoadAnchorResult.cs
 0.1 kb	 0.0% Packages/com.unity.xr.arfoundation/Runtime/ARSubsystems/Anchors/XREraseAnchorResult.cs
 0.1 kb	 0.0% Packages/com.unity.xr.arfoundation/Runtime/ARSubsystems/Anchors/XRAnchorSubsystem.cs
 0.1 kb	 0.0% Packages/com.unity.xr.arfoundation/Runtime/ARFoundation/Utils/TransformExtensions.cs
 0.1 kb	 0.0% Packages/com.unity.xr.arfoundation/Runtime/ARFoundation/PointClouds/ARPointCloudManager.cs
 0.1 kb	 0.0% Packages/com.unity.xr.arfoundation/Runtime/ARFoundation/Planes/ARPlaneMeshGenerator.cs
 0.1 kb	 0.0% Packages/com.unity.xr.arfoundation/Runtime/ARFoundation/Participants/ARParticipantManager.cs
 0.1 kb	 0.0% Packages/com.unity.xr.arfoundation/Runtime/ARFoundation/Occlusion/ARShaderOcclusion.cs
 0.1 kb	 0.0% Packages/com.unity.xr.arfoundation/Runtime/ARFoundation/Occlusion/AROcclusionManager.cs
 0.1 kb	 0.0% Packages/com.unity.xr.arfoundation/Runtime/ARFoundation/HumanBodies/ARHumanBodyManager.cs
 0.1 kb	 0.0% Packages/com.unity.xr.arfoundation/Runtime/ARFoundation/Faces/ARFaceMeshVisualizer.cs
 0.1 kb	 0.0% Packages/com.unity.xr.arfoundation/Runtime/ARFoundation/EnvironmentProbes/AREnvironmentProbe.cs
 0.1 kb	 0.0% Packages/com.unity.xr.arfoundation/Runtime/ARFoundation/Common/Textures/UpdatableTexture3D.cs
 0.1 kb	 0.0% Packages/com.unity.xr.arfoundation/Runtime/ARFoundation/Common/Textures/UpdatableTexture2D.cs
 0.1 kb	 0.0% Packages/com.unity.xr.arfoundation/Runtime/ARFoundation/Common/Textures/NoSwapchainStrategy.cs
 0.1 kb	 0.0% Packages/com.unity.xr.arfoundation/Runtime/ARFoundation/Common/Textures/IUpdatableTexture.cs
 0.1 kb	 0.0% Packages/com.unity.xr.arfoundation/Runtime/ARFoundation/Common/Textures/ISwapchainStrategy.cs
 0.1 kb	 0.0% Packages/com.unity.xr.arfoundation/Runtime/ARFoundation/Common/Textures/ARExternalTexture.cs
 0.1 kb	 0.0% Packages/com.unity.xr.arfoundation/Runtime/ARFoundation/Camera/ARCameraBackground.cs
 0.1 kb	 0.0% Packages/com.unity.xr.arfoundation/Runtime/ARFoundation/BoundingBoxes/BoundingBoxRaycaster.cs
 0.1 kb	 0.0% Packages/com.unity.xr.arfoundation/Runtime/ARFoundation/BoundingBoxes/ARBoundingBoxManager.cs
 0.1 kb	 0.0% Packages/com.unity.ugui/Runtime/TMP/TMP_DynamicFontAssetUtilities.cs
 0.1 kb	 0.0% Packages/com.unity.render-pipelines.universal/Runtime/NoAllocUtils.cs
 0.1 kb	 0.0% Packages/com.unity.render-pipelines.universal/Runtime/2D/Light2D.cs
 0.1 kb	 0.0% Packages/com.unity.render-pipelines.universal/Runtime/2D/Clipper.cs
 0.1 kb	 0.0% Packages/com.unity.render-pipelines.core/Runtime/XR/XRSRPSettings.cs
 0.1 kb	 0.0% Packages/com.unity.render-pipelines.core/Runtime/Volume/VolumeProfile.cs
 0.1 kb	 0.0% Packages/com.unity.render-pipelines.core/Runtime/Volume/VolumeParameter.cs
 0.1 kb	 0.0% Packages/com.unity.render-pipelines.core/Runtime/Volume/VolumeManager.cs
 0.1 kb	 0.0% Packages/com.unity.render-pipelines.core/Runtime/Volume/VolumeDebugData.cs
 0.1 kb	 0.0% Packages/com.unity.render-pipelines.core/Runtime/Volume/VolumeComponent.cs
 0.1 kb	 0.0% Packages/com.unity.render-pipelines.core/Runtime/Volume/VolumeCollection.cs
 0.1 kb	 0.0% Packages/com.unity.render-pipelines.core/Runtime/Volume/KeyframeUtility.cs
 0.1 kb	 0.0% Packages/com.unity.render-pipelines.core/Runtime/Utilities/TileLayoutUtils.cs
 0.1 kb	 0.0% Packages/com.unity.render-pipelines.core/Runtime/Utilities/TextureGradient.cs
 0.1 kb	 0.0% Packages/com.unity.render-pipelines.core/Runtime/Utilities/ResourceReloader.cs
 0.1 kb	 0.0% Packages/com.unity.render-pipelines.core/Runtime/Utilities/LightUnitUtils.cs
 0.1 kb	 0.0% Packages/com.unity.render-pipelines.core/Runtime/Utilities/HaltonSequence.cs
 0.1 kb	 0.0% Packages/com.unity.render-pipelines.core/Runtime/Utilities/HDROutputUtils.cs
 0.1 kb	 0.0% Packages/com.unity.render-pipelines.core/Runtime/Utilities/GPUPrefixSum/GPUPrefixSum.Data.cs
 0.1 kb	 0.0% Packages/com.unity.render-pipelines.core/Runtime/Utilities/DelegateUtility.cs
 0.1 kb	 0.0% Packages/com.unity.render-pipelines.core/Runtime/Utilities/CoreMatrixUtils.cs
 0.1 kb	 0.0% Packages/com.unity.render-pipelines.core/Runtime/Utilities/ColorSpaceUtils.cs
 0.1 kb	 0.0% Packages/com.unity.render-pipelines.core/Runtime/Utilities/ArrayExtensions.cs
 0.1 kb	 0.0% Packages/com.unity.render-pipelines.core/Runtime/Textures/Texture2DAtlas.cs
 0.1 kb	 0.0% Packages/com.unity.render-pipelines.core/Runtime/Textures/RTHandleSystem.cs
 0.1 kb	 0.0% Packages/com.unity.render-pipelines.core/Runtime/Sampling/SobolData.cs
 0.1 kb	 0.0% Packages/com.unity.render-pipelines.core/Runtime/RenderPipeline/IVolumetricCloud.cs
 0.1 kb	 0.0% Packages/com.unity.render-pipelines.core/Runtime/RenderPipeline/ICloudBackground.cs
 0.1 kb	 0.0% Packages/com.unity.render-pipelines.core/Runtime/RenderGraph/RenderGraphCompilationCache.cs
 0.1 kb	 0.0% Packages/com.unity.render-pipelines.core/Runtime/PostProcessing/LensFlareDataSRP.cs
 0.1 kb	 0.0% Packages/com.unity.render-pipelines.core/Runtime/Lighting/ProbeVolume/ProbeVolumeUtil.cs
 0.1 kb	 0.0% Packages/com.unity.render-pipelines.core/Runtime/Lighting/ProbeVolume/ProbeBrickPool.cs
 0.1 kb	 0.0% Packages/com.unity.render-pipelines.core/Runtime/Lighting/ProbeVolume/ProbeBrickIndex.cs
 0.1 kb	 0.0% Packages/com.unity.render-pipelines.core/Runtime/GPUDriven/InstanceData/InstanceType.cs
 0.1 kb	 0.0% Packages/com.unity.render-pipelines.core/Runtime/GPUDriven/InstanceData/InstanceData.cs
 0.1 kb	 0.0% Packages/com.unity.render-pipelines.core/Runtime/Debugging/ProfilingScope.cs
 0.1 kb	 0.0% Packages/com.unity.render-pipelines.core/Runtime/Debugging/FrameTiming/FrameTimeSample.cs
 0.1 kb	 0.0% Packages/com.unity.render-pipelines.core/Runtime/Debugging/DebugManager.UIState.cs
 0.1 kb	 0.0% Packages/com.unity.render-pipelines.core/Runtime/Debugging/DebugManager.Actions.cs
 0.1 kb	 0.0% Packages/com.unity.render-pipelines.core/Runtime/Debugging/DebugFrameTiming.cs
 0.1 kb	 0.0% Packages/com.unity.render-pipelines.core/Runtime/Common/SerializableEnum.cs
 0.1 kb	 0.0% Packages/com.unity.render-pipelines.core/Runtime/Common/ReloadAttribute.cs
 0.1 kb	 0.0% Packages/com.unity.render-pipelines.core/Runtime/Common/IAdditionalData.cs
 0.1 kb	 0.0% Packages/com.unity.render-pipelines.core/Runtime/Common/DynamicString.cs
 0.1 kb	 0.0% Packages/com.unity.render-pipelines.core/Runtime/Common/CoreUnsafeUtils.cs
 0.1 kb	 0.0% Packages/com.unity.render-pipelines.core/Runtime/Common/ContextContainer.cs
 0.1 kb	 0.0% Packages/com.unity.render-pipelines.core/Runtime/Common/ConstantBuffer.cs
 0.1 kb	 0.0% Packages/com.unity.render-pipelines.core/Runtime/Camera/CameraSwitcher.cs
 0.1 kb	 0.0% Packages/com.unity.inputsystem/InputSystem/Runtime/Utilities/Comparers.cs
 0.1 kb	 0.0% Packages/com.unity.inputsystem/InputSystem/Runtime/State/InputStateHistory.cs
 0.1 kb	 0.0% Packages/com.unity.inputsystem/InputSystem/Runtime/State/InputStateBuffers.cs
 0.1 kb	 0.0% Packages/com.unity.inputsystem/InputSystem/Runtime/State/IInputStateTypeInfo.cs
 0.1 kb	 0.0% Packages/com.unity.inputsystem/InputSystem/Runtime/Plugins/Users/InputUserSettings.cs
 0.1 kb	 0.0% Packages/com.unity.inputsystem/InputSystem/Runtime/Plugins/Switch/SwitchProController.cs
 0.1 kb	 0.0% Packages/com.unity.inputsystem/InputSystem/Runtime/Plugins/EnhancedTouch/TouchSimulation.cs
 0.1 kb	 0.0% Packages/com.unity.inputsystem/InputSystem/Runtime/NativeInputRuntime.cs
 0.1 kb	 0.0% Packages/com.unity.inputsystem/InputSystem/Runtime/InputEditorUserSettings.cs
 0.1 kb	 0.0% Packages/com.unity.inputsystem/InputSystem/Runtime/Events/InputEventListener.cs
 0.1 kb	 0.0% Packages/com.unity.inputsystem/InputSystem/Runtime/Events/IMECompositionEvent.cs
 0.1 kb	 0.0% Packages/com.unity.inputsystem/InputSystem/Runtime/Events/IInputEventTypeInfo.cs
 0.1 kb	 0.0% Packages/com.unity.inputsystem/InputSystem/Runtime/Events/DeviceRemoveEvent.cs
 0.1 kb	 0.0% Packages/com.unity.inputsystem/InputSystem/Runtime/Devices/InputDeviceMatcher.cs
 0.1 kb	 0.0% Packages/com.unity.inputsystem/InputSystem/Runtime/Devices/InputDeviceBuilder.cs
 0.1 kb	 0.0% Packages/com.unity.inputsystem/InputSystem/Runtime/Devices/ITextInputReceiver.cs
 0.1 kb	 0.0% Packages/com.unity.inputsystem/InputSystem/Runtime/Devices/IEventPreProcessor.cs
 0.1 kb	 0.0% Packages/com.unity.inputsystem/InputSystem/Runtime/Devices/ICustomDeviceReset.cs
 0.1 kb	 0.0% Packages/com.unity.inputsystem/InputSystem/Runtime/Devices/Commands/RequestSyncCommand.cs
 0.1 kb	 0.0% Packages/com.unity.inputsystem/InputSystem/Runtime/Devices/Commands/RequestResetCommand.cs
 0.1 kb	 0.0% Packages/com.unity.inputsystem/InputSystem/Runtime/Devices/Commands/QueryUserIdCommand.cs
 0.1 kb	 0.0% Packages/com.unity.inputsystem/InputSystem/Runtime/Devices/Commands/QueryKeyNameCommand.cs
 0.1 kb	 0.0% Packages/com.unity.inputsystem/InputSystem/Runtime/Devices/Commands/InputDeviceCommand.cs
 0.1 kb	 0.0% Packages/com.unity.inputsystem/InputSystem/Runtime/Devices/Commands/EnableDeviceCommand.cs
 0.1 kb	 0.0% Packages/com.unity.inputsystem/InputSystem/Runtime/Devices/Commands/DisableDeviceCommand.cs
 0.1 kb	 0.0% Packages/com.unity.inputsystem/InputSystem/Runtime/Controls/TouchPressControl.cs
 0.1 kb	 0.0% Packages/com.unity.inputsystem/InputSystem/Runtime/Controls/TouchPhaseControl.cs
 0.1 kb	 0.0% Packages/com.unity.inputsystem/InputSystem/Runtime/Controls/QuaternionControl.cs
 0.1 kb	 0.0% Packages/com.unity.inputsystem/InputSystem/Runtime/Controls/InputControlLayout.cs
 0.1 kb	 0.0% Packages/com.unity.inputsystem/InputSystem/Runtime/Controls/InputControlExtensions.cs
 0.1 kb	 0.0% Packages/com.unity.inputsystem/InputSystem/Runtime/Actions/InputInteractionContext.cs
 0.1 kb	 0.0% Packages/com.unity.inputsystem/InputSystem/Runtime/Actions/InputBindingComposite.cs
 0.1 kb	 0.0% Packages/com.unity.inputsystem/InputSystem/Runtime/Actions/IInputActionCollection.cs
 0.1 kb	 0.0% Packages/com.unity.inputsystem/InputSystem/Editor/VirtualMouseInputEditor.cs
 0.1 kb	 0.0% Packages/com.unity.inputsystem/InputSystem/Editor/UITKAssetEditor/Views/MatchingControlPaths.cs
 0.1 kb	 0.0% Packages/com.unity.inputsystem/InputSystem/Editor/UITKAssetEditor/Views/IViewStateCollection.cs
 0.1 kb	 0.0% Packages/com.unity.inputsystem/InputSystem/Editor/UITKAssetEditor/Views/ControlSchemesView.cs
 0.1 kb	 0.0% Packages/com.unity.inputsystem/InputSystem/Editor/UITKAssetEditor/Views/ActionPropertiesView.cs
 0.1 kb	 0.0% Packages/com.unity.inputsystem/InputSystem/Editor/UITKAssetEditor/EnumerableExtensions.cs
 0.1 kb	 0.0% Packages/com.unity.inputsystem/InputSystem/Editor/PropertyDrawers/InputActionMapDrawer.cs
 0.1 kb	 0.0% Packages/com.unity.inputsystem/InputSystem/Editor/PropertyDrawers/InputActionDrawer.cs
 0.1 kb	 0.0% Packages/com.unity.inputsystem/InputSystem/Editor/Plugins/iOS/InputSettingsiOSProvider.cs
 0.1 kb	 0.0% Packages/com.unity.inputsystem/InputSystem/Editor/Plugins/PlayerInput/PlayerInputEditor.cs
 0.1 kb	 0.0% Packages/com.unity.inputsystem/InputSystem/Editor/Plugins/OnScreen/OnScreenStickEditor.cs
 0.1 kb	 0.0% Packages/com.unity.inputsystem/InputSystem/Editor/Plugins/OnScreen/OnScreenButtonEditor.cs
 0.1 kb	 0.0% Packages/com.unity.inputsystem/InputSystem/Editor/Internal/InputEventTreeView.cs
 0.1 kb	 0.0% Packages/com.unity.inputsystem/InputSystem/Editor/Internal/InputControlTreeView.cs
 0.1 kb	 0.0% Packages/com.unity.inputsystem/InputSystem/Editor/Internal/BuildProviderHelpers.cs
 0.1 kb	 0.0% Packages/com.unity.inputsystem/InputSystem/Editor/Internal/AdvancedDropdown/MultiLevelDataSource.cs
 0.1 kb	 0.0% Packages/com.unity.inputsystem/InputSystem/Editor/Internal/AdvancedDropdown/CallbackDataSource.cs
 0.1 kb	 0.0% Packages/com.unity.inputsystem/InputSystem/Editor/Internal/AdvancedDropdown/AdvancedDropdownItem.cs
 0.1 kb	 0.0% Packages/com.unity.inputsystem/InputSystem/Editor/Internal/AdvancedDropdown/AdvancedDropdownGUI.cs
 0.1 kb	 0.0% Packages/com.unity.inputsystem/InputSystem/Editor/InputSystemStateManager.cs
 0.1 kb	 0.0% Packages/com.unity.inputsystem/InputSystem/Editor/InputParameterEditor.cs
 0.1 kb	 0.0% Packages/com.unity.inputsystem/InputSystem/Editor/DeviceSimulator/InputSystemPlugin.cs
 0.1 kb	 0.0% Packages/com.unity.inputsystem/InputSystem/Editor/Debugger/InputDebuggerWindow.cs
 0.1 kb	 0.0% Packages/com.unity.inputsystem/InputSystem/Editor/ControlPicker/InputControlPicker.cs
 0.1 kb	 0.0% Packages/com.unity.inputsystem/InputSystem/Editor/BuildPipeline/LinkFileGenerator.cs
 0.1 kb	 0.0% Packages/com.unity.inputsystem/InputSystem/Editor/AssetImporter/InputActionImporter.cs
 0.1 kb	 0.0% Packages/com.unity.inputsystem/InputSystem/Editor/AssetEditor/PropertiesViewBase.cs
 0.1 kb	 0.0% Packages/com.unity.inputsystem/InputSystem/Editor/AssetEditor/InputActionTreeView.cs
 0.1 kb	 0.0% Packages/com.unity.inputsystem/InputSystem/Editor/Analytics/InputEditorAnalytics.cs
 0.1 kb	 0.0% Packages/com.unity.inputsystem/InputSystem/Editor/Analytics/InputBuildAnalytic.cs
 0.1 kb	 0.0% Packages/com.unity.collections/Unity.Collections/NativeNotBurstCompatible.cs
 0.1 kb	 0.0% Assets/MobileARTemplateAssets/Scripts/ARTemplateMenuManager.cs
 0.1 kb	 0.0% Packages/com.unity.xr.management/Runtime/XRManagerSettings.cs
 0.1 kb	 0.0% Packages/com.unity.xr.management/Runtime/XRGeneralSettings.cs
 0.1 kb	 0.0% Packages/com.unity.xr.legacyinputhelpers/Runtime/ArmModels/ArmModel.cs
 0.1 kb	 0.0% Packages/com.unity.xr.interaction.toolkit/Runtime/XR/GizmoHelpers.cs
 0.1 kb	 0.0% Packages/com.unity.xr.interaction.toolkit/Runtime/UI/BodyUI/HandMenu.cs
 0.1 kb	 0.0% Packages/com.unity.xr.interaction.toolkit/Runtime/Interaction/Controllers/XRController.cs
 0.1 kb	 0.0% Packages/com.unity.xr.core-utils/Runtime/ScriptableSettingsBase.cs
 0.1 kb	 0.0% Packages/com.unity.xr.core-utils/Runtime/Extensions/MonoBehaviourExtensions.cs
 0.1 kb	 0.0% Packages/com.unity.xr.core-utils/Runtime/Datums/StringDatumProperty.cs
 0.1 kb	 0.0% Packages/com.unity.xr.core-utils/Runtime/Datums/FloatDatumProperty.cs
 0.1 kb	 0.0% Packages/com.unity.xr.core-utils/Runtime/Datums/AnimationCurveDatum.cs
 0.1 kb	 0.0% Packages/com.unity.xr.arfoundation/Runtime/ARSubsystems/Common/Textures/XRCpuImage/AsyncConversionStatus.cs
 0.1 kb	 0.0% Packages/com.unity.xr.arfoundation/Runtime/ARFoundation/Session/TrackingMode.cs
 0.1 kb	 0.0% Packages/com.unity.xr.arcore/Runtime/ManagedReferenceImage.cs
 0.1 kb	 0.0% Packages/com.unity.xr.arcore/Runtime/ArRecordingStatus.cs
 0.1 kb	 0.0% Packages/com.unity.xr.arcore/Runtime/ARCoreSessionSubsystem.cs
 0.1 kb	 0.0% Packages/com.unity.xr.arcore/Runtime/ARCoreRuntimeSettings.cs
 0.1 kb	 0.0% Packages/com.unity.xr.arcore/Runtime/ARCoreRaycastSubsystem.cs
 0.1 kb	 0.0% Packages/com.unity.xr.arcore/Runtime/ARCorePermissionManager.cs
 0.1 kb	 0.0% Packages/com.unity.xr.arcore/Runtime/ARCoreOcclusionSubsystem.cs
 0.1 kb	 0.0% Packages/com.unity.xr.arcore/Runtime/ARCoreLoaderConstants.cs
 0.1 kb	 0.0% Packages/com.unity.xr.arcore/Runtime/ARCoreCameraSubsystem.cs
 0.1 kb	 0.0% Packages/com.unity.xr.arcore/Runtime/ARCoreAnchorSubsystem.cs
 0.1 kb	 0.0% Packages/com.unity.ugui/Runtime/UGUI/EventSystem/UIElements/WorldDocumentRaycaster.cs
 0.1 kb	 0.0% Packages/com.unity.ugui/Runtime/UGUI/EventSystem/InputModules/StandaloneInputModule.cs
 0.1 kb	 0.0% Packages/com.unity.render-pipelines.universal/Runtime/StpUtils.cs
 0.1 kb	 0.0% Packages/com.unity.render-pipelines.universal/Runtime/RendererFeatures/OnTilePostProcessPass.cs
 0.1 kb	 0.0% Packages/com.unity.render-pipelines.universal/Runtime/RendererFeatures/OnTilePostProcessFeature.cs
 0.1 kb	 0.0% Packages/com.unity.render-pipelines.universal/Runtime/Overrides/Vignette.cs
 0.1 kb	 0.0% Packages/com.unity.render-pipelines.universal/Runtime/Overrides/Bloom.cs
 0.1 kb	 0.0% Packages/com.unity.render-pipelines.core/Runtime/XR/XRView.cs
 0.1 kb	 0.0% Packages/com.unity.render-pipelines.core/Runtime/XR/XRSystem.cs
 0.1 kb	 0.0% Packages/com.unity.render-pipelines.core/Runtime/XR/XRPass.cs
 0.1 kb	 0.0% Packages/com.unity.render-pipelines.core/Runtime/XR/XRLayout.cs
 0.1 kb	 0.0% Packages/com.unity.render-pipelines.core/Runtime/UnifiedRayTracing/StringIDs.cs
 0.1 kb	 0.0% Packages/com.unity.render-pipelines.core/Runtime/UnifiedRayTracing/Compute/RadeonRays/RadixSort.cs
 0.1 kb	 0.0% Packages/com.unity.render-pipelines.core/Runtime/UnifiedRayTracing/Compute/RadeonRays/HlbvhBuilder.cs
 0.1 kb	 0.0% Packages/com.unity.render-pipelines.core/Runtime/UnifiedRayTracing/Common/Utilities/Utils.cs
 0.1 kb	 0.0% Packages/com.unity.render-pipelines.core/Runtime/GPUDriven/BatchLayers.cs
 0.1 kb	 0.0% Packages/com.unity.render-pipelines.core/Runtime/Debugging/DebugUI.Containers.cs
 0.1 kb	 0.0% Packages/com.unity.multiplayer.center/Common/AnswerData.cs
 0.1 kb	 0.0% Packages/com.unity.inputsystem/InputSystem/Runtime/Utilities/StringHelpers.cs
 0.1 kb	 0.0% Packages/com.unity.inputsystem/InputSystem/Runtime/Utilities/SpriteUtilities.cs
 0.1 kb	 0.0% Packages/com.unity.inputsystem/InputSystem/Runtime/Utilities/PrimitiveValue.cs
 0.1 kb	 0.0% Packages/com.unity.inputsystem/InputSystem/Runtime/Utilities/PredictiveParser.cs
 0.1 kb	 0.0% Packages/com.unity.inputsystem/InputSystem/Runtime/Utilities/NumberHelpers.cs
 0.1 kb	 0.0% Packages/com.unity.inputsystem/InputSystem/Runtime/Utilities/MemoryHelpers.cs
 0.1 kb	 0.0% Packages/com.unity.inputsystem/InputSystem/Runtime/Utilities/InternedString.cs
 0.1 kb	 0.0% Packages/com.unity.inputsystem/InputSystem/Runtime/Utilities/ExceptionHelpers.cs
 0.1 kb	 0.0% Packages/com.unity.inputsystem/InputSystem/Runtime/Utilities/DelegateHelpers.cs
 0.1 kb	 0.0% Packages/com.unity.inputsystem/InputSystem/Runtime/Plugins/iOS/iOSStepCounter.cs
 0.1 kb	 0.0% Packages/com.unity.inputsystem/InputSystem/Runtime/Plugins/XR/TrackedPoseDriver.cs
 0.1 kb	 0.0% Packages/com.unity.inputsystem/InputSystem/Runtime/Plugins/XR/Haptics/BufferedRumble.cs
 0.1 kb	 0.0% Packages/com.unity.inputsystem/InputSystem/Runtime/Plugins/UI/VirtualMouseInput.cs
 0.1 kb	 0.0% Packages/com.unity.inputsystem/InputSystem/Runtime/Plugins/UI/INavigationEventData.cs
 0.1 kb	 0.0% Packages/com.unity.inputsystem/InputSystem/Runtime/Plugins/UI/BaseInputOverride.cs
 0.1 kb	 0.0% Packages/com.unity.inputsystem/InputSystem/Runtime/Plugins/DualShock/DualShockSupport.cs
 0.1 kb	 0.0% Packages/com.unity.inputsystem/InputSystem/Runtime/Plugins/DualShock/DualShockGamepad.cs
 0.1 kb	 0.0% Packages/com.unity.inputsystem/InputSystem/Runtime/InputManager.LegacyFocusHandling.cs
 0.1 kb	 0.0% Packages/com.unity.inputsystem/InputSystem/Runtime/Controls/Processors/ScaleProcessor.cs
 0.1 kb	 0.0% Packages/com.unity.inputsystem/InputSystem/Runtime/Controls/Processors/InvertProcessor.cs
 0.1 kb	 0.0% Packages/com.unity.inputsystem/InputSystem/Runtime/Controls/Processors/ClampProcessor.cs
 0.1 kb	 0.0% Packages/com.unity.inputsystem/InputSystem/Runtime/Actions/Interactions/TapInteraction.cs
 0.1 kb	 0.0% Packages/com.unity.inputsystem/InputSystem/Runtime/Actions/Interactions/PressInteraction.cs
 0.1 kb	 0.0% Packages/com.unity.inputsystem/InputSystem/Runtime/Actions/Interactions/HoldInteraction.cs
 0.1 kb	 0.0% Packages/com.unity.inputsystem/InputSystem/Runtime/Actions/InputActionTrace.cs
 0.1 kb	 0.0% Packages/com.unity.inputsystem/InputSystem/Runtime/Actions/Composites/Vector3Composite.cs
 0.1 kb	 0.0% Packages/com.unity.inputsystem/InputSystem/Runtime/Actions/Composites/Vector2Composite.cs
 0.1 kb	 0.0% Packages/com.unity.inputsystem/InputSystem/Runtime/Actions/Composites/AxisComposite.cs
 0.1 kb	 0.0% Packages/com.unity.collections/Unity.Collections/UnsafeBitArray.cs
 0.1 kb	 0.0% Packages/com.unity.collections/Unity.Collections/UTF8ArrayUnsafeUtility.cs
 0.1 kb	 0.0% Packages/com.unity.collections/Unity.Collections/StreamCompressionModel.cs
 0.1 kb	 0.0% Packages/com.unity.collections/Unity.Collections/NativeArrayExtensions.cs
 0.1 kb	 0.0% Packages/com.unity.collections/Unity.Collections/FixedStringInternalMethods.cs
 0.1 kb	 0.0% Packages/com.unity.collections/Unity.Collections/FixedStringFormatMethods.gen.cs
 0.1 kb	 0.0% Packages/com.unity.burst/Runtime/CompilerServices/SkipLocalsInitAttribute.cs
 0.1 kb	 0.0% Packages/com.unity.burst/Runtime/CompilerServices/IgnoreWarningAttribute.cs
 0.1 kb	 0.0% Packages/com.unity.xr.core-utils/Runtime/Attributes/EnumDisplayAttribute.cs
 0.1 kb	 0.0% Packages/com.unity.xr.arfoundation/Runtime/ARSubsystems/Utils/ScopedProfiler.cs
 0.1 kb	 0.0% Packages/com.unity.xr.arfoundation/Runtime/ARSubsystems/Utils/ARRenderingUtils.cs
 0.1 kb	 0.0% Packages/com.unity.xr.arfoundation/Runtime/ARSubsystems/Session/Configuration/Configuration.cs
 0.1 kb	 0.0% Packages/com.unity.xr.arfoundation/Runtime/ARSubsystems/PointClouds/XRPointCloudData.cs
 0.1 kb	 0.0% Packages/com.unity.xr.arfoundation/Runtime/ARSubsystems/Planes/XRPlaneSubsystem.cs
 0.1 kb	 0.0% Packages/com.unity.xr.arfoundation/Runtime/ARSubsystems/Participants/XRParticipant.cs
 0.1 kb	 0.0% Packages/com.unity.xr.arfoundation/Runtime/ARSubsystems/Occlusion/XROcclusionFrame.cs
 0.1 kb	 0.0% Packages/com.unity.xr.arfoundation/Runtime/ARSubsystems/Occlusion/XRNearFarPlanes.cs
 0.1 kb	 0.0% Packages/com.unity.xr.arfoundation/Runtime/ARSubsystems/Objects/XRTrackedObject.cs
 0.1 kb	 0.0% Packages/com.unity.xr.arfoundation/Runtime/ARSubsystems/Markers/XRSpatialBuffer.cs
 0.1 kb	 0.0% Packages/com.unity.xr.arfoundation/Runtime/ARSubsystems/Markers/XRMarkerBuilder.cs
 0.1 kb	 0.0% Packages/com.unity.xr.arfoundation/Runtime/ARSubsystems/Images/XRTrackedImage.cs
 0.1 kb	 0.0% Packages/com.unity.xr.arfoundation/Runtime/ARSubsystems/Images/XRReferenceImage.cs
 0.1 kb	 0.0% Packages/com.unity.xr.arfoundation/Runtime/ARSubsystems/HumanBodies/XRHumanBodyJoint.cs
 0.1 kb	 0.0% Packages/com.unity.xr.arfoundation/Runtime/ARSubsystems/Faces/XRFaceSubsystem.cs
 0.1 kb	 0.0% Packages/com.unity.xr.arfoundation/Runtime/ARSubsystems/Faces/XRFaceBlendShape.cs
 0.1 kb	 0.0% Packages/com.unity.xr.arfoundation/Runtime/ARSubsystems/Common/XRResultStatus.cs
 0.1 kb	 0.0% Packages/com.unity.xr.arfoundation/Runtime/ARSubsystems/Common/Textures/XRShaderKeywords.cs
 0.1 kb	 0.0% Packages/com.unity.xr.arfoundation/Runtime/ARSubsystems/Common/Textures/ShaderKeywords.cs
 0.1 kb	 0.0% Packages/com.unity.xr.arfoundation/Runtime/ARSubsystems/Common/SerializableGuid.cs
 0.1 kb	 0.0% Packages/com.unity.xr.arfoundation/Runtime/ARSubsystems/Common/HelpUrlAttribute.cs
 0.1 kb	 0.0% Packages/com.unity.xr.arfoundation/Runtime/ARSubsystems/Camera/XRCameraParams.cs
 0.1 kb	 0.0% Packages/com.unity.xr.arfoundation/Runtime/ARSubsystems/Camera/XRCameraFrame.cs
 0.1 kb	 0.0% Packages/com.unity.xr.arfoundation/Runtime/ARSubsystems/BoundingBoxes/XRBoundingBox.cs
 0.1 kb	 0.0% Packages/com.unity.xr.arfoundation/Runtime/ARSubsystems/Anchors/XRAnchorBuilder.cs
 0.1 kb	 0.0% Packages/com.unity.xr.arfoundation/Runtime/ARFoundation/Utils/RenderingUtility.cs
 0.1 kb	 0.0% Packages/com.unity.xr.arfoundation/Runtime/ARFoundation/Utils/PoseExtensions.cs
 0.1 kb	 0.0% Packages/com.unity.xr.arfoundation/Runtime/ARFoundation/Utils/LoaderUtility.cs
 0.1 kb	 0.0% Packages/com.unity.xr.arfoundation/Runtime/ARFoundation/Session/ARSessionOrigin.cs
 0.1 kb	 0.0% Packages/com.unity.xr.arfoundation/Runtime/ARFoundation/Raycasts/ARRaycastManager.cs
 0.1 kb	 0.0% Packages/com.unity.xr.arfoundation/Runtime/ARFoundation/Planes/ARPlaneManager.cs
 0.1 kb	 0.0% Packages/com.unity.xr.arfoundation/Runtime/ARFoundation/Participants/ARParticipant.cs
 0.1 kb	 0.0% Packages/com.unity.xr.arfoundation/Runtime/ARFoundation/Objects/ARTrackedObject.cs
 0.1 kb	 0.0% Packages/com.unity.xr.arfoundation/Runtime/ARFoundation/Meshing/IXRMeshSubsystem.cs
 0.1 kb	 0.0% Packages/com.unity.xr.arfoundation/Runtime/ARFoundation/Meshing/ARMeshManager.cs
 0.1 kb	 0.0% Packages/com.unity.xr.arfoundation/Runtime/ARFoundation/Markers/ARMarkerManager.cs
 0.1 kb	 0.0% Packages/com.unity.xr.arfoundation/Runtime/ARFoundation/Input/ARInputManager.cs
 0.1 kb	 0.0% Packages/com.unity.xr.arfoundation/Runtime/ARFoundation/Images/ARTrackedImage.cs
 0.1 kb	 0.0% Packages/com.unity.xr.arfoundation/Runtime/ARFoundation/Faces/ARFaceManager.cs
 0.1 kb	 0.0% Packages/com.unity.xr.arfoundation/Runtime/ARFoundation/Common/TrackingSubsystem/TrackableSpawner/TrackableSpawner.cs
 0.1 kb	 0.0% Packages/com.unity.xr.arfoundation/Runtime/ARFoundation/Common/TrackingSubsystem/TrackableSpawner/TrackableEntry.cs
 0.1 kb	 0.0% Packages/com.unity.xr.arfoundation/Runtime/ARFoundation/Common/TrackingSubsystem/TrackableSpawner/ARNullTrackable.cs
 0.1 kb	 0.0% Packages/com.unity.xr.arfoundation/Runtime/ARFoundation/Common/Textures/UpdatableCubemap.cs
 0.1 kb	 0.0% Packages/com.unity.xr.arfoundation/Runtime/ARFoundation/Common/HelpUrlAttribute.cs
 0.1 kb	 0.0% Packages/com.unity.xr.arfoundation/Runtime/ARFoundation/Common/ARUpdateOrder.cs
 0.1 kb	 0.0% Packages/com.unity.xr.arfoundation/Runtime/ARFoundation/Camera/ARCameraManager.cs
 0.1 kb	 0.0% Packages/com.unity.xr.arfoundation/Runtime/ARFoundation/BoundingBoxes/ARBoundingBox.cs
 0.1 kb	 0.0% Packages/com.unity.xr.arfoundation/Runtime/ARFoundation/Anchors/ARAnchorManager.cs
 0.1 kb	 0.0% Packages/com.unity.xr.arcore/Runtime/ArPlaybackStatus.cs
 0.1 kb	 0.0% Packages/com.unity.ugui/Runtime/TMP/TMP_ScrollbarEventHandler.cs
 0.1 kb	 0.0% Packages/com.unity.ugui/Runtime/TMP/TMP_PackageResourceImporter.cs
 0.1 kb	 0.0% Packages/com.unity.ugui/Runtime/InternalBridge/ObjectUtilsBridge.cs
 0.1 kb	 0.0% Packages/com.unity.render-pipelines.core/Runtime/Vrs/VrsShaders.cs
 0.1 kb	 0.0% Packages/com.unity.render-pipelines.core/Runtime/Vrs/VrsResources.cs
 0.1 kb	 0.0% Packages/com.unity.render-pipelines.core/Runtime/Volume/VolumeStack.cs
 0.1 kb	 0.0% Packages/com.unity.render-pipelines.core/Runtime/Utilities/TextureCurve.cs
 0.1 kb	 0.0% Packages/com.unity.render-pipelines.core/Runtime/Utilities/MeshGizmo.cs
 0.1 kb	 0.0% Packages/com.unity.render-pipelines.core/Runtime/Utilities/HashFNV1A32.cs
 0.1 kb	 0.0% Packages/com.unity.render-pipelines.core/Runtime/Utilities/HableCurve.cs
 0.1 kb	 0.0% Packages/com.unity.render-pipelines.core/Runtime/Utilities/GPUPrefixSum/GPUPrefixSum.cs
 0.1 kb	 0.0% Packages/com.unity.render-pipelines.core/Runtime/Utilities/CoreUtils.cs
 0.1 kb	 0.0% Packages/com.unity.render-pipelines.core/Runtime/Utilities/ColorUtils.cs
 0.1 kb	 0.0% Packages/com.unity.render-pipelines.core/Runtime/Textures/TextureXR.cs
 0.1 kb	 0.0% Packages/com.unity.render-pipelines.core/Runtime/Textures/RTHandles.cs
 0.1 kb	 0.0% Packages/com.unity.render-pipelines.core/Runtime/Stripping/IStripper.cs
 0.1 kb	 0.0% Packages/com.unity.render-pipelines.core/Runtime/ShaderLibrary/Sampling/Hammersley.cs
 0.1 kb	 0.0% Packages/com.unity.render-pipelines.core/Runtime/Lighting/ProbeVolume/ProbeVolume.cs
 0.1 kb	 0.0% Packages/com.unity.render-pipelines.core/Runtime/GPUDriven/FrustumPlanes.cs
 0.1 kb	 0.0% Packages/com.unity.render-pipelines.core/Runtime/Debugging/Prefabs/Scripts/UIFoldout.cs
 0.1 kb	 0.0% Packages/com.unity.render-pipelines.core/Runtime/Debugging/DebugUpdater.cs
 0.1 kb	 0.0% Packages/com.unity.render-pipelines.core/Runtime/Debugging/DebugUI.Panel.cs
 0.1 kb	 0.0% Packages/com.unity.render-pipelines.core/Runtime/Debugging/DebugUI.Fields.cs
 0.1 kb	 0.0% Packages/com.unity.render-pipelines.core/Runtime/Debugging/DebugShapes.cs
 0.1 kb	 0.0% Packages/com.unity.render-pipelines.core/Runtime/Debugging/DebugOverlay.cs
 0.1 kb	 0.0% Packages/com.unity.render-pipelines.core/Runtime/Debugging/DebugManager.cs
 0.1 kb	 0.0% Packages/com.unity.render-pipelines.core/Runtime/Camera/FreeCamera.cs
 0.1 kb	 0.0% Packages/com.unity.mathematics/Unity.Mathematics/PropertyAttributes.cs
 0.1 kb	 0.0% Packages/com.unity.inputsystem/InputSystem/Runtime/State/InputStateBlock.cs
 0.1 kb	 0.0% Packages/com.unity.inputsystem/InputSystem/Runtime/Plugins/XInput/XInputSupport.cs
 0.1 kb	 0.0% Packages/com.unity.inputsystem/InputSystem/Runtime/Plugins/XInput/XInputController.cs
 0.1 kb	 0.0% Packages/com.unity.inputsystem/InputSystem/Runtime/Plugins/XInput/IXboxOneRumble.cs
 0.1 kb	 0.0% Packages/com.unity.inputsystem/InputSystem/Runtime/Plugins/WebGL/WebGLJoystick.cs
 0.1 kb	 0.0% Packages/com.unity.inputsystem/InputSystem/Runtime/Plugins/Switch/SwitchSupportHID.cs
 0.1 kb	 0.0% Packages/com.unity.inputsystem/InputSystem/Runtime/Plugins/PlayerInput/PlayerInputManager.cs
 0.1 kb	 0.0% Packages/com.unity.inputsystem/InputSystem/Runtime/Plugins/PlayerInput/DefaultInputActions.cs
 0.1 kb	 0.0% Packages/com.unity.inputsystem/InputSystem/Runtime/Plugins/OnScreen/OnScreenSupport.cs
 0.1 kb	 0.0% Packages/com.unity.inputsystem/InputSystem/Runtime/Plugins/OnScreen/OnScreenStick.cs
 0.1 kb	 0.0% Packages/com.unity.inputsystem/InputSystem/Runtime/Plugins/OnScreen/OnScreenControl.cs
 0.1 kb	 0.0% Packages/com.unity.inputsystem/InputSystem/Runtime/Plugins/OnScreen/OnScreenButton.cs
 0.1 kb	 0.0% Packages/com.unity.inputsystem/InputSystem/Runtime/Plugins/Linux/SDLDeviceBuilder.cs
 0.1 kb	 0.0% Packages/com.unity.inputsystem/InputSystem/Runtime/Plugins/EnhancedTouch/TouchHistory.cs
 0.1 kb	 0.0% Packages/com.unity.inputsystem/InputSystem/Runtime/Plugins/Android/AndroidSupport.cs
 0.1 kb	 0.0% Packages/com.unity.inputsystem/InputSystem/Runtime/InputSystemTestHooks.cs
 0.1 kb	 0.0% Packages/com.unity.inputsystem/InputSystem/Runtime/InputFeatureNames.cs
 0.1 kb	 0.0% Packages/com.unity.inputsystem/InputSystem/Runtime/IInputRuntime.cs
 0.1 kb	 0.0% Packages/com.unity.inputsystem/InputSystem/Runtime/IInputDiagnostics.cs
 0.1 kb	 0.0% Packages/com.unity.inputsystem/InputSystem/Runtime/Events/InputEventTrace.cs
 0.1 kb	 0.0% Packages/com.unity.inputsystem/InputSystem/Runtime/Events/InputEventStream.cs
 0.1 kb	 0.0% Packages/com.unity.inputsystem/InputSystem/Runtime/Events/InputEventPtr.cs
 0.1 kb	 0.0% Packages/com.unity.inputsystem/InputSystem/Runtime/Events/InputEventBuffer.cs
 0.1 kb	 0.0% Packages/com.unity.inputsystem/InputSystem/Runtime/Events/DeviceResetEvent.cs
 0.1 kb	 0.0% Packages/com.unity.inputsystem/InputSystem/Runtime/Events/DeltaStateEvent.cs
 0.1 kb	 0.0% Packages/com.unity.inputsystem/InputSystem/Runtime/Devices/Haptics/IDualMotorRumble.cs
 0.1 kb	 0.0% Packages/com.unity.inputsystem/InputSystem/Runtime/Devices/Haptics/DualMotorRumble.cs
 0.1 kb	 0.0% Packages/com.unity.inputsystem/InputSystem/Runtime/Controls/Vector3Control.cs
 0.1 kb	 0.0% Packages/com.unity.inputsystem/InputSystem/Runtime/Controls/Vector2Control.cs
 0.1 kb	 0.0% Packages/com.unity.inputsystem/InputSystem/Runtime/Controls/IntegerControl.cs
 0.1 kb	 0.0% Packages/com.unity.inputsystem/InputSystem/Runtime/Controls/DoubleControl.cs
 0.1 kb	 0.0% Packages/com.unity.inputsystem/InputSystem/Runtime/Controls/ButtonControl.cs
 0.1 kb	 0.0% Packages/com.unity.inputsystem/InputSystem/Runtime/Controls/AnyKeyControl.cs
 0.1 kb	 0.0% Packages/com.unity.inputsystem/InputSystem/Runtime/Actions/InputControlScheme.cs
 0.1 kb	 0.0% Packages/com.unity.inputsystem/InputSystem/Runtime/Actions/InputBindingResolver.cs
 0.1 kb	 0.0% Packages/com.unity.inputsystem/InputSystem/Runtime/Actions/InputActionReference.cs
 0.1 kb	 0.0% Packages/com.unity.inputsystem/InputSystem/Runtime/Actions/InputActionProperty.cs
 0.1 kb	 0.0% Packages/com.unity.inputsystem/InputSystem/Runtime/Actions/IInputInteraction.cs
 0.1 kb	 0.0% Packages/com.unity.inputsystem/InputSystem/Editor/UITKAssetEditor/Views/PropertiesView.cs
 0.1 kb	 0.0% Packages/com.unity.inputsystem/InputSystem/Editor/UITKAssetEditor/Views/DropManipulator.cs
 0.1 kb	 0.0% Packages/com.unity.inputsystem/InputSystem/Editor/UITKAssetEditor/Views/CopyPasteHelper.cs
 0.1 kb	 0.0% Packages/com.unity.inputsystem/InputSystem/Editor/UITKAssetEditor/Views/ActionsTreeView.cs
 0.1 kb	 0.0% Packages/com.unity.inputsystem/InputSystem/Editor/UITKAssetEditor/Views/ActionMapsView.cs
 0.1 kb	 0.0% Packages/com.unity.inputsystem/InputSystem/Editor/UITKAssetEditor/StateContainer.cs
 0.1 kb	 0.0% Packages/com.unity.inputsystem/InputSystem/Editor/UITKAssetEditor/ExpressionUtils.cs
 0.1 kb	 0.0% Packages/com.unity.inputsystem/InputSystem/Editor/Plugins/iOS/iOSPostProcessBuild.cs
 0.1 kb	 0.0% Packages/com.unity.inputsystem/InputSystem/Editor/Plugins/UnityRemote/UnityRemoteSupport.cs
 0.1 kb	 0.0% Packages/com.unity.inputsystem/InputSystem/Editor/Internal/TreeViewHelpers.cs
 0.1 kb	 0.0% Packages/com.unity.inputsystem/InputSystem/Editor/Internal/InputStateWindow.cs
 0.1 kb	 0.0% Packages/com.unity.inputsystem/InputSystem/Editor/Internal/EditorHelpers.cs
 0.1 kb	 0.0% Packages/com.unity.inputsystem/InputSystem/Editor/Internal/AdvancedDropdown/AdvancedDropdown.cs
 0.1 kb	 0.0% Packages/com.unity.inputsystem/InputSystem/Editor/InputSystemObject.cs
 0.1 kb	 0.0% Packages/com.unity.inputsystem/InputSystem/Editor/InputDiagnostics.cs
 0.1 kb	 0.0% Packages/com.unity.collections/Unity.Collections/UnsafeList.cs
 0.1 kb	 0.0% Packages/com.unity.collections/Unity.Collections/FixedStringParseMethods.cs
 0.1 kb	 0.0% Packages/com.unity.collections/Unity.Collections/FixedStringAppendMethods.cs
 0.1 kb	 0.0% Packages/com.unity.xr.management/Runtime/XRLoaderHelper.cs
 0.1 kb	 0.0% Packages/com.unity.xr.management/Runtime/IXRLoaderPreInit.cs
 0.1 kb	 0.0% Packages/com.unity.xr.interaction.toolkit/Runtime/XR/XRRig.cs
 0.1 kb	 0.0% Packages/com.unity.xr.core-utils/Runtime/SerializableGuidUtil.cs
 0.1 kb	 0.0% Packages/com.unity.xr.core-utils/Runtime/OnDestroyNotifier.cs
 0.1 kb	 0.0% Packages/com.unity.xr.core-utils/Runtime/Extensions/Vector3Extensions.cs
 0.1 kb	 0.0% Packages/com.unity.xr.core-utils/Runtime/Extensions/Vector2Extensions.cs
 0.1 kb	 0.0% Packages/com.unity.xr.core-utils/Runtime/Extensions/TransformExtensions.cs
 0.1 kb	 0.0% Packages/com.unity.xr.core-utils/Runtime/Extensions/StopwatchExtensions.cs
 0.1 kb	 0.0% Packages/com.unity.xr.core-utils/Runtime/Extensions/QuaternionExtensions.cs
 0.1 kb	 0.0% Packages/com.unity.xr.core-utils/Runtime/Extensions/LayerMaskExtensions.cs
 0.1 kb	 0.0% Packages/com.unity.xr.core-utils/Runtime/Extensions/HashSetExtensions.cs
 0.1 kb	 0.0% Packages/com.unity.xr.core-utils/Runtime/Extensions/GameObjectExtensions.cs
 0.1 kb	 0.0% Packages/com.unity.xr.core-utils/Runtime/Extensions/DictionaryExtensions.cs
 0.1 kb	 0.0% Packages/com.unity.xr.core-utils/Runtime/Extensions/CollectionExtensions.cs
 0.1 kb	 0.0% Packages/com.unity.xr.core-utils/Runtime/Datums/IntDatumProperty.cs
 0.1 kb	 0.0% Packages/com.unity.xr.core-utils/Runtime/Bindings/IEventBinding.cs
 0.1 kb	 0.0% Packages/com.unity.xr.core-utils/Runtime/Bindings/BindingsGroup.cs
 0.1 kb	 0.0% Packages/com.unity.xr.core-utils/Runtime/Attributes/ReadOnlyAttribute.cs
 0.1 kb	 0.0% Packages/com.unity.xr.arfoundation/Runtime/ARSubsystems/Session/Configuration/Feature.cs
 0.1 kb	 0.0% Packages/com.unity.xr.arfoundation/Runtime/ARSubsystems/Common/Textures/XRCpuImage/Transformation.cs
 0.1 kb	 0.0% Packages/com.unity.xr.arfoundation/Runtime/ARSubsystems/Common/Textures/XRCpuImage/CpuImageFormat.cs
 0.1 kb	 0.0% Packages/com.unity.xr.arfoundation/Runtime/ARSubsystems/Common/Textures/XRCpuImage/ConversionParams.cs
 0.1 kb	 0.0% Packages/com.unity.xr.arfoundation/Runtime/ARSubsystems/Common/Textures/XRCpuImage/AsyncConversion.cs
 0.1 kb	 0.0% Packages/com.unity.xr.arfoundation/Runtime/ARSubsystems/Common/Supported.cs
 0.1 kb	 0.0% Packages/com.unity.xr.arcore/Runtime/Input/InputLayoutLoader.cs
 0.1 kb	 0.0% Packages/com.unity.xr.arcore/Runtime/ArRecordingConfig.cs
 0.1 kb	 0.0% Packages/com.unity.xr.arcore/Runtime/ArCameraConfigFilter.cs
 0.1 kb	 0.0% Packages/com.unity.xr.arcore/Runtime/ARCorePlaneSubsystem.cs
 0.1 kb	 0.0% Packages/com.unity.xr.arcore/Runtime/ARCoreLoaderSettings.cs
 0.1 kb	 0.0% Packages/com.unity.xr.arcore/Runtime/ARCoreImageDatabase.cs
 0.1 kb	 0.0% Packages/com.unity.xr.arcore/Runtime/ARCoreFaceSubsystem.cs
 0.1 kb	 0.0% Packages/com.unity.xr.arcore/Runtime/ARCoreFaceRegionData.cs
 0.1 kb	 0.0% Packages/com.unity.xr.arcore/Runtime/ARCoreCpuImageApi.cs
 0.1 kb	 0.0% Packages/com.unity.ugui/Runtime/UGUI/UI/Core/Utility/ReflectionMethodsCache.cs
 0.1 kb	 0.0% Packages/com.unity.ugui/Runtime/UGUI/UI/Core/MultipleDisplayUtilities.cs
 0.1 kb	 0.0% Packages/com.unity.ugui/Runtime/UGUI/UI/Core/Layout/HorizontalLayoutGroup.cs
 0.1 kb	 0.0% Packages/com.unity.ugui/Runtime/UGUI/UI/Core/IGraphicEnabledDisabled.cs
 0.1 kb	 0.0% Packages/com.unity.ugui/Runtime/UGUI/UI/Core/GraphicRebuildTracker.cs
 0.1 kb	 0.0% Packages/com.unity.ugui/Runtime/UGUI/UI/Core/Culling/RectangularVertexClipper.cs
 0.1 kb	 0.0% Packages/com.unity.ugui/Runtime/UGUI/EventSystem/UIElements/PanelEventHandler.cs
 0.1 kb	 0.0% Packages/com.unity.ugui/Runtime/UGUI/EventSystem/Raycasters/Physics2DRaycaster.cs
 0.1 kb	 0.0% Packages/com.unity.ugui/Runtime/UGUI/EventSystem/InputModules/PointerInputModule.cs
 0.1 kb	 0.0% Packages/com.unity.render-pipelines.core/ShaderLibrary/DummyShaderLibrary.cs
 0.1 kb	 0.0% Packages/com.unity.render-pipelines.core/Runtime/Utilities/GPUSort/GPUSort.Data.cs
 0.1 kb	 0.0% Packages/com.unity.render-pipelines.core/Runtime/Utilities/BitArray.cs
 0.1 kb	 0.0% Packages/com.unity.render-pipelines.core/Runtime/UnifiedRayTracing/Compute/RadeonRays/StringIDs.cs
 0.1 kb	 0.0% Packages/com.unity.render-pipelines.core/Runtime/UnifiedRayTracing/Compute/RadeonRays/Common.cs
 0.1 kb	 0.0% Packages/com.unity.render-pipelines.core/Runtime/UnifiedRayTracing/Compute/RadeonRays/BvhCheck.cs
 0.1 kb	 0.0% Packages/com.unity.render-pipelines.core/Runtime/Inputs/InputRegistering.cs
 0.1 kb	 0.0% Packages/com.unity.learn.iet-framework/Runtime/SceneObjectGuidManager.cs
 0.1 kb	 0.0% Packages/com.unity.learn.iet-framework/Runtime/RuntimeFindObjectUtils.cs
 0.1 kb	 0.0% Packages/com.unity.inputsystem/InputSystem/Runtime/Utilities/TypeTable.cs
 0.1 kb	 0.0% Packages/com.unity.inputsystem/InputSystem/Runtime/Utilities/TypeHelpers.cs
 0.1 kb	 0.0% Packages/com.unity.inputsystem/InputSystem/Runtime/Utilities/Substring.cs
 0.1 kb	 0.0% Packages/com.unity.inputsystem/InputSystem/Runtime/Utilities/SavedState.cs
 0.1 kb	 0.0% Packages/com.unity.inputsystem/InputSystem/Runtime/Utilities/Observables/Observable.cs
 0.1 kb	 0.0% Packages/com.unity.inputsystem/InputSystem/Runtime/Utilities/NamedValue.cs
 0.1 kb	 0.0% Packages/com.unity.inputsystem/InputSystem/Runtime/Utilities/MiscHelpers.cs
 0.1 kb	 0.0% Packages/com.unity.inputsystem/InputSystem/Runtime/Utilities/JsonParser.cs
 0.1 kb	 0.0% Packages/com.unity.inputsystem/InputSystem/Runtime/Utilities/ArrayHelpers.cs
 0.1 kb	 0.0% Packages/com.unity.inputsystem/InputSystem/Runtime/Plugins/iOS/InputSettingsiOS.cs
 0.1 kb	 0.0% Packages/com.unity.inputsystem/InputSystem/Runtime/Plugins/XR/XRLayoutBuilder.cs
 0.1 kb	 0.0% Packages/com.unity.inputsystem/InputSystem/Runtime/Plugins/UI/NavigationModel.cs
 0.1 kb	 0.0% Packages/com.unity.inputsystem/InputSystem/Runtime/InputUpdateType.cs
 0.1 kb	 0.0% Packages/com.unity.collections/Unity.Collections/UnsafeText.cs
 0.1 kb	 0.0% Packages/com.unity.collections/Unity.Collections/UnsafeStream.cs
 0.1 kb	 0.0% Packages/com.unity.collections/Unity.Collections/RewindableAllocator.cs
 0.1 kb	 0.0% Packages/com.unity.collections/Unity.Collections/FixedStringMethods.cs
 0.1 kb	 0.0% Packages/com.unity.collections/Unity.Collections/AutoFreeAllocator.cs
 0.1 kb	 0.0% Packages/com.unity.burst/Runtime/CompilerServices/AssumeRangeAttribute.cs
 0.1 kb	 0.0% Packages/com.unity.xr.core-utils/Runtime/GUI/ScreenGUIUtils.cs
 0.1 kb	 0.0% Packages/com.unity.xr.core-utils/Runtime/Extensions/UnityEventExtensions.cs
 0.1 kb	 0.0% Packages/com.unity.xr.arfoundation/Runtime/ARSubsystems/Utils/HashCodeUtil.cs
 0.1 kb	 0.0% Packages/com.unity.xr.arfoundation/Runtime/ARSubsystems/Raycasts/XRRaycastHit.cs
 0.1 kb	 0.0% Packages/com.unity.xr.arfoundation/Runtime/ARSubsystems/Raycasts/XRRaycast.cs
 0.1 kb	 0.0% Packages/com.unity.xr.arfoundation/Runtime/ARSubsystems/PointClouds/XRPointCloud.cs
 0.1 kb	 0.0% Packages/com.unity.xr.arfoundation/Runtime/ARSubsystems/Planes/BoundedPlane.cs
 0.1 kb	 0.0% Packages/com.unity.xr.arfoundation/Runtime/ARSubsystems/HumanBodies/XRHumanBody.cs
 0.1 kb	 0.0% Packages/com.unity.xr.arfoundation/Runtime/ARSubsystems/Faces/XRFaceMesh.cs
 0.1 kb	 0.0% Packages/com.unity.xr.arfoundation/Runtime/ARSubsystems/Common/TrackingSubsystem/TrackableId.cs
 0.1 kb	 0.0% Packages/com.unity.xr.arfoundation/Runtime/ARSubsystems/Common/TrackingSubsystem/ITrackable.cs
 0.1 kb	 0.0% Packages/com.unity.xr.arfoundation/Runtime/ARSubsystems/Common/Textures/XRCpuImage/XRCpuImage.cs
 0.1 kb	 0.0% Packages/com.unity.xr.arfoundation/Runtime/ARFoundation/Utils/HashCodeUtil.cs
 0.1 kb	 0.0% Packages/com.unity.xr.arfoundation/Runtime/ARFoundation/Session/ARSession.cs
 0.1 kb	 0.0% Packages/com.unity.xr.arfoundation/Runtime/ARFoundation/Raycasts/IRaycaster.cs
 0.1 kb	 0.0% Packages/com.unity.xr.arfoundation/Runtime/ARFoundation/Raycasts/ARRaycastHit.cs
 0.1 kb	 0.0% Packages/com.unity.xr.arfoundation/Runtime/ARFoundation/Raycasts/ARRaycast.cs
 0.1 kb	 0.0% Packages/com.unity.xr.arfoundation/Runtime/ARFoundation/PointClouds/ARPointCloud.cs
 0.1 kb	 0.0% Packages/com.unity.xr.arfoundation/Runtime/ARFoundation/Meshing/MeshQueue.cs
 0.1 kb	 0.0% Packages/com.unity.xr.arfoundation/Runtime/ARFoundation/HumanBodies/ARHumanBody.cs
 0.1 kb	 0.0% Packages/com.unity.xr.arfoundation/Runtime/ARFoundation/Deprecated/ARPoseDriver.cs
 0.1 kb	 0.0% Packages/com.unity.xr.arfoundation/Runtime/ARFoundation/DebugMenu/ToolButton.cs
 0.1 kb	 0.0% Packages/com.unity.xr.arfoundation/Runtime/ARFoundation/DebugMenu/DebugSlider.cs
 0.1 kb	 0.0% Packages/com.unity.xr.arfoundation/Runtime/ARFoundation/DebugMenu/ARDebugMenu.cs
 0.1 kb	 0.0% Packages/com.unity.xr.arfoundation/Runtime/ARFoundation/Common/TrackingSubsystem/TrackableSpawner/TrackableKey.cs
 0.1 kb	 0.0% Packages/com.unity.xr.arfoundation/Runtime/ARFoundation/Common/TrackingSubsystem/ARTrackable.cs
 0.1 kb	 0.0% Packages/com.unity.xr.arcore/Runtime/ImageConversionJobs.cs
 0.1 kb	 0.0% Packages/com.unity.ugui/Runtime/UGUI/UI/Animation/CoroutineTween.cs
 0.1 kb	 0.0% Packages/com.unity.ugui/Runtime/UGUI/EventSystem/EventInterfaces.cs
 0.1 kb	 0.0% Packages/com.unity.ugui/Runtime/TMP/TMPro_ExtensionMethods.cs
 0.1 kb	 0.0% Packages/com.unity.ugui/Runtime/TMP/TMP_TextParsingUtilities.cs
 0.1 kb	 0.0% Packages/com.unity.ugui/Runtime/TMP/TMP_TextElement_Legacy.cs
 0.1 kb	 0.0% Packages/com.unity.ugui/Runtime/TMP/TMP_FontAssetUtilities.cs
 0.1 kb	 0.0% Packages/com.unity.ugui/Runtime/TMP/MaterialReferenceManager.cs
 0.1 kb	 0.0% Packages/com.unity.ugui/Runtime/TMP/FontFeatureCommonGSUB.cs
 0.1 kb	 0.0% Packages/com.unity.render-pipelines.universal/Runtime/2D/Shadows/ShadowProvider/VertexDictionary.cs
 0.1 kb	 0.0% Packages/com.unity.render-pipelines.core/Runtime/Vrs/VrsLut.cs
 0.1 kb	 0.0% Packages/com.unity.render-pipelines.core/Runtime/Volume/Volume.cs
 0.1 kb	 0.0% Packages/com.unity.render-pipelines.core/Runtime/Volume/IVolume.cs
 0.1 kb	 0.0% Packages/com.unity.render-pipelines.core/Runtime/Utilities/GPUSort/GPUSort.cs
 0.1 kb	 0.0% Packages/com.unity.render-pipelines.core/Runtime/Utilities/FSRUtils.cs
 0.1 kb	 0.0% Packages/com.unity.render-pipelines.core/Runtime/Utilities/Blitter.cs
 0.1 kb	 0.0% Packages/com.unity.render-pipelines.core/Runtime/Textures/RTHandle.cs
 0.1 kb	 0.0% Packages/com.unity.render-pipelines.core/Runtime/Debugging/DebugUI.cs
 0.1 kb	 0.0% Packages/com.unity.inputsystem/InputSystem/Runtime/Utilities/DynamicBitfield.cs
 0.1 kb	 0.0% Packages/com.unity.inputsystem/InputSystem/Runtime/State/InputState.cs
 0.1 kb	 0.0% Packages/com.unity.inputsystem/InputSystem/Runtime/Plugins/WebGL/WebGLSupport.cs
 0.1 kb	 0.0% Packages/com.unity.inputsystem/InputSystem/Runtime/Plugins/WebGL/WebGLGamepad.cs
 0.1 kb	 0.0% Packages/com.unity.inputsystem/InputSystem/Runtime/Plugins/Users/InputUser.cs
 0.1 kb	 0.0% Packages/com.unity.inputsystem/InputSystem/Runtime/Plugins/Linux/LinuxSupport.cs
 0.1 kb	 0.0% Packages/com.unity.inputsystem/InputSystem/Runtime/Plugins/EnhancedTouch/Touch.cs
 0.1 kb	 0.0% Packages/com.unity.inputsystem/InputSystem/Runtime/Plugins/EnhancedTouch/Finger.cs
 0.1 kb	 0.0% Packages/com.unity.inputsystem/InputSystem/Runtime/InputSystemState.cs
 0.1 kb	 0.0% Packages/com.unity.inputsystem/InputSystem/Runtime/InputSettings.cs
 0.1 kb	 0.0% Packages/com.unity.inputsystem/InputSystem/Runtime/InputMetrics.cs
 0.1 kb	 0.0% Packages/com.unity.inputsystem/InputSystem/Runtime/InputExtensions.cs
 0.1 kb	 0.0% Packages/com.unity.inputsystem/InputSystem/Runtime/InputAnalytics.cs
 0.1 kb	 0.0% Packages/com.unity.inputsystem/InputSystem/Runtime/Events/TextEvent.cs
 0.1 kb	 0.0% Packages/com.unity.inputsystem/InputSystem/Runtime/Events/StateEvent.cs
 0.1 kb	 0.0% Packages/com.unity.inputsystem/InputSystem/Runtime/Events/InputEvent.cs
 0.1 kb	 0.0% Packages/com.unity.inputsystem/InputSystem/Runtime/Events/ActionEvent.cs
 0.1 kb	 0.0% Packages/com.unity.inputsystem/InputSystem/Runtime/Devices/TrackedDevice.cs
 0.1 kb	 0.0% Packages/com.unity.inputsystem/InputSystem/Runtime/Devices/Remote/InputRemoting.cs
 0.1 kb	 0.0% Packages/com.unity.inputsystem/InputSystem/Runtime/Devices/Precompiled/FastTouchscreen.cs
 0.1 kb	 0.0% Packages/com.unity.inputsystem/InputSystem/Runtime/Devices/Precompiled/FastMouse.partial.cs
 0.1 kb	 0.0% Packages/com.unity.inputsystem/InputSystem/Runtime/Devices/IEventMerger.cs
 0.1 kb	 0.0% Packages/com.unity.inputsystem/InputSystem/Runtime/Controls/TouchControl.cs
 0.1 kb	 0.0% Packages/com.unity.inputsystem/InputSystem/Runtime/Controls/StickControl.cs
 0.1 kb	 0.0% Packages/com.unity.inputsystem/InputSystem/Runtime/Controls/KeyControl.cs
 0.1 kb	 0.0% Packages/com.unity.inputsystem/InputSystem/Runtime/Controls/InputProcessor.cs
 0.1 kb	 0.0% Packages/com.unity.inputsystem/InputSystem/Runtime/Controls/InputControlPath.cs
 0.1 kb	 0.0% Packages/com.unity.inputsystem/InputSystem/Runtime/Controls/DpadControl.cs
 0.1 kb	 0.0% Packages/com.unity.inputsystem/InputSystem/Runtime/Controls/DeltaControl.cs
 0.1 kb	 0.0% Packages/com.unity.inputsystem/InputSystem/Runtime/Controls/AxisControl.cs
 0.1 kb	 0.0% Packages/com.unity.inputsystem/InputSystem/Runtime/Actions/InputActionState.cs
 0.1 kb	 0.0% Packages/com.unity.inputsystem/InputSystem/Runtime/Actions/InputActionMap.cs
 0.1 kb	 0.0% Packages/com.unity.inputsystem/InputSystem/Runtime/Actions/InputActionAsset.cs
 0.1 kb	 0.0% Packages/com.unity.inputsystem/InputSystem/Editor/UITKAssetEditor/Views/Selectors.cs
 0.1 kb	 0.0% Packages/com.unity.inputsystem/InputSystem/Editor/UITKAssetEditor/Views/ContextMenu.cs
 0.1 kb	 0.0% Packages/com.unity.inputsystem/InputSystem/Editor/Internal/GUIHelpers.cs
 0.1 kb	 0.0% Packages/com.unity.collections/Unity.Collections/UnsafeQueue.cs
 0.1 kb	 0.0% Packages/com.unity.collections/Unity.Collections/NativeHashMap.cs
 0.1 kb	 0.0% Packages/com.unity.collections/Unity.Collections/FixedStringFormat.gen.cs
 0.1 kb	 0.0% Packages/com.unity.collections/Unity.Collections/FixedString.gen.cs
 0.1 kb	 0.0% Assets/SimpleARPlacement/Scripts/ARPlaneController.cs
 0.1 kb	 0.0% Assets/SimpleARPlacement/Scripts/ARPlacementManager.cs
 0.1 kb	 0.0% Packages/com.unity.xr.core-utils/Runtime/XRLoggingUtils.cs
 0.1 kb	 0.0% Packages/com.unity.xr.core-utils/Runtime/UnityObjectUtils.cs
 0.1 kb	 0.0% Packages/com.unity.xr.core-utils/Runtime/SerializableGuid.cs
 0.1 kb	 0.0% Packages/com.unity.xr.core-utils/Runtime/ReflectionUtils.cs
 0.1 kb	 0.0% Packages/com.unity.xr.core-utils/Runtime/NativeArrayUtils.cs
 0.1 kb	 0.0% Packages/com.unity.xr.core-utils/Runtime/MaterialUtils.cs
 0.1 kb	 0.0% Packages/com.unity.xr.core-utils/Runtime/GeometryUtils.cs
 0.1 kb	 0.0% Packages/com.unity.xr.core-utils/Runtime/GameObjectUtils.cs
 0.1 kb	 0.0% Packages/com.unity.xr.core-utils/Runtime/Extensions/TypeExtensions.cs
 0.1 kb	 0.0% Packages/com.unity.xr.core-utils/Runtime/Extensions/StringExtensions.cs
 0.1 kb	 0.0% Packages/com.unity.xr.core-utils/Runtime/Extensions/PoseExtensions.cs
 0.1 kb	 0.0% Packages/com.unity.xr.core-utils/Runtime/Extensions/ListExtensions.cs
 0.1 kb	 0.0% Packages/com.unity.xr.core-utils/Runtime/Extensions/GuidExtensions.cs
 0.1 kb	 0.0% Packages/com.unity.xr.core-utils/Runtime/Extensions/CameraExtensions.cs
 0.1 kb	 0.0% Packages/com.unity.xr.core-utils/Runtime/Extensions/BoundsExtensions.cs
 0.1 kb	 0.0% Packages/com.unity.xr.core-utils/Runtime/Datums/StringDatum.cs
 0.1 kb	 0.0% Packages/com.unity.xr.core-utils/Runtime/Datums/FloatDatum.cs
 0.1 kb	 0.0% Packages/com.unity.xr.core-utils/Runtime/ComponentUtils.cs
 0.1 kb	 0.0% Packages/com.unity.xr.core-utils/Runtime/Bindings/EventBinding.cs
 0.1 kb	 0.0% Packages/com.unity.xr.arfoundation/Runtime/ARSubsystems/Common/Textures/XRCpuImage/Plane.cs
 0.1 kb	 0.0% Packages/com.unity.xr.arfoundation/Runtime/ARFoundation/Utils/Assert.cs
 0.1 kb	 0.0% Packages/com.unity.xr.arcore/Runtime/StringExtensions.cs
 0.1 kb	 0.0% Packages/com.unity.xr.arcore/Runtime/ArCameraConfig.cs
 0.1 kb	 0.0% Packages/com.unity.ugui/Runtime/UGUI/UI/Core/SetPropertyUtility.cs
 0.1 kb	 0.0% Packages/com.unity.ugui/Runtime/UGUI/UI/Core/MaterialModifiers/IMaterialModifier.cs
 0.1 kb	 0.0% Packages/com.unity.ugui/Runtime/UGUI/UI/Core/Layout/VerticalLayoutGroup.cs
 0.1 kb	 0.0% Packages/com.unity.ugui/Runtime/UGUI/UI/Core/Layout/ContentSizeFitter.cs
 0.1 kb	 0.0% Packages/com.unity.ugui/Runtime/UGUI/UI/Core/Layout/AspectRatioFitter.cs
 0.1 kb	 0.0% Packages/com.unity.ugui/Runtime/UGUI/UI/Core/FontUpdateTracker.cs
 0.1 kb	 0.0% Packages/com.unity.ugui/Runtime/UGUI/UI/Core/CanvasUpdateRegistry.cs
 0.1 kb	 0.0% Packages/com.unity.ugui/Runtime/UGUI/UI/Core/AnimationTriggers.cs
 0.1 kb	 0.0% Packages/com.unity.ugui/Runtime/UGUI/EventSystem/UIElements/PanelRaycaster.cs
 0.1 kb	 0.0% Packages/com.unity.ugui/Runtime/UGUI/EventSystem/Raycasters/PhysicsRaycaster.cs
 0.1 kb	 0.0% Packages/com.unity.ugui/Runtime/UGUI/EventSystem/Raycasters/BaseRaycaster.cs
 0.1 kb	 0.0% Packages/com.unity.ugui/Runtime/UGUI/EventSystem/RaycasterManager.cs
 0.1 kb	 0.0% Packages/com.unity.ugui/Runtime/UGUI/EventSystem/RaycastResult.cs
 0.1 kb	 0.0% Packages/com.unity.ugui/Runtime/UGUI/EventSystem/InputModules/TouchInputModule.cs
 0.1 kb	 0.0% Packages/com.unity.ugui/Runtime/UGUI/EventSystem/InputModules/BaseInputModule.cs
 0.1 kb	 0.0% Packages/com.unity.ugui/Runtime/UGUI/EventSystem/ExecuteEvents.cs
 0.1 kb	 0.0% Packages/com.unity.ugui/Runtime/UGUI/EventSystem/EventData/PointerEventData.cs
 0.1 kb	 0.0% Packages/com.unity.ugui/Runtime/UGUI/EventSystem/EventData/BaseEventData.cs
 0.1 kb	 0.0% Packages/com.unity.ugui/Runtime/UGUI/EventSystem/EventData/AxisEventData.cs
 0.1 kb	 0.0% Packages/com.unity.ugui/Runtime/TMP/TMP_TextProcessingStack.cs
 0.1 kb	 0.0% Packages/com.unity.ugui/Runtime/TMP/TMP_FontFeaturesCommon.cs
 0.1 kb	 0.0% Packages/com.unity.render-pipelines.core/Runtime/UnifiedRayTracing/Compute/RadeonRays/Scan.cs
 0.1 kb	 0.0% Packages/com.unity.render-pipelines.core/Runtime/Lights/LightAnchor.cs
 0.1 kb	 0.0% Packages/com.unity.render-pipelines.core/Runtime/GPUDriven/AABB.cs
 0.1 kb	 0.0% Packages/com.unity.mathematics/Unity.Mathematics/rigid_transform.cs
 0.1 kb	 0.0% Packages/com.unity.mathematics/Unity.Mathematics/math_unity_conversion.cs
 0.1 kb	 0.0% Packages/com.unity.mathematics/Unity.Mathematics/affine_transform.cs
 0.1 kb	 0.0% Packages/com.unity.mathematics/Unity.Mathematics/Geometry/MinMaxAABB.cs
 0.1 kb	 0.0% Packages/com.unity.inputsystem/InputSystem/Runtime/Utilities/FourCC.cs
 0.1 kb	 0.0% Packages/com.unity.inputsystem/InputSystem/Runtime/Plugins/iOS/iOSSupport.cs
 0.1 kb	 0.0% Packages/com.unity.inputsystem/InputSystem/Runtime/Plugins/XR/XRSupport.cs
 0.1 kb	 0.0% Packages/com.unity.inputsystem/InputSystem/Runtime/Plugins/XR/GenericXRDevice.cs
 0.1 kb	 0.0% Packages/com.unity.inputsystem/InputSystem/Runtime/Plugins/XR/Devices/WindowsMR.cs
 0.1 kb	 0.0% Packages/com.unity.inputsystem/InputSystem/Runtime/Plugins/XR/Controls/PoseControl.cs
 0.1 kb	 0.0% Packages/com.unity.inputsystem/InputSystem/Runtime/Plugins/UI/UISupport.cs
 0.1 kb	 0.0% Packages/com.unity.inputsystem/InputSystem/Runtime/Plugins/UI/PointerModel.cs
 0.1 kb	 0.0% Packages/com.unity.inputsystem/InputSystem/Runtime/Plugins/OSX/OSXSupport.cs
 0.1 kb	 0.0% Packages/com.unity.inputsystem/InputSystem/Runtime/Plugins/HID/HIDSupport.cs
 0.1 kb	 0.0% Packages/com.unity.inputsystem/InputSystem/Runtime/Plugins/HID/HIDParser.cs
 0.1 kb	 0.0% Packages/com.unity.collections/Unity.Collections/xxHash3.StreamingState.cs
 0.1 kb	 0.0% Packages/com.unity.collections/Unity.Collections/NativeSort.cs
 0.1 kb	 0.0% Packages/com.unity.collections/Unity.Collections/NativeBitArray.cs
 0.1 kb	 0.0% Packages/com.unity.collections/Unity.Collections/ListExtensions.cs
 0.1 kb	 0.0% Packages/com.unity.collections/Unity.Collections/Jobs/IJobParallelForDefer.cs
 0.1 kb	 0.0% Packages/com.unity.collections/Unity.Collections/Jobs/IJobParallelForBatch.cs
 0.1 kb	 0.0% Packages/com.unity.collections/Unity.Collections/FixedStringUtils.cs
 0.1 kb	 0.0% Packages/com.unity.collections/Unity.Collections/DataStreamWriter.cs
 0.1 kb	 0.0% Packages/com.unity.collections/Unity.Collections/DataStreamReader.cs
 0.1 kb	 0.0% Packages/com.unity.collections/Unity.Collections/ConcurrentMask.cs
 0.1 kb	 0.0% Packages/com.unity.collections/Unity.Collections/CollectionHelper.cs
 0.1 kb	 0.0% Packages/com.unity.collections/Unity.Collections/AllocatorManager.cs
 0.1 kb	 0.0% Packages/com.unity.burst/Runtime/SafeStringArrayHelper.cs
 0.1 kb	 0.0% Packages/com.unity.burst/Runtime/Editor/BurstEditorOptions.cs
 0.1 kb	 0.0% Packages/com.unity.burst/Runtime/Editor/BurstCompileTarget.cs
 0.1 kb	 0.0% Packages/com.unity.burst/Runtime/Editor/BurstAssemblyDisable.cs
 0.1 kb	 0.0% Packages/com.unity.burst/Runtime/BurstCompileAttribute.cs
 0.1 kb	 0.0% Packages/com.unity.xr.arfoundation/Runtime/ARSubsystems/Utils/GuidUtil.cs
 0.1 kb	 0.0% Packages/com.unity.xr.arfoundation/Runtime/ARSubsystems/Occlusion/XRFov.cs
 0.1 kb	 0.0% Packages/com.unity.xr.arfoundation/Runtime/ARSubsystems/Markers/XRMarker.cs
 0.1 kb	 0.0% Packages/com.unity.xr.arfoundation/Runtime/ARSubsystems/Faces/XRFace.cs
 0.1 kb	 0.0% Packages/com.unity.xr.arfoundation/Runtime/ARSubsystems/Common/Textures/XRCpuImage/Api.cs
 0.1 kb	 0.0% Packages/com.unity.xr.arfoundation/Runtime/ARSubsystems/Anchors/XRAnchor.cs
 0.1 kb	 0.0% Packages/com.unity.xr.arfoundation/Runtime/ARFoundation/Planes/ARPlane.cs
 0.1 kb	 0.0% Packages/com.unity.xr.arfoundation/Runtime/ARFoundation/Markers/ARMarker.cs
 0.1 kb	 0.0% Packages/com.unity.xr.arfoundation/Runtime/ARFoundation/Faces/ARFace.cs
 0.1 kb	 0.0% Packages/com.unity.xr.arfoundation/Runtime/ARFoundation/Anchors/ARAnchor.cs
 0.1 kb	 0.0% Packages/com.unity.ugui/Runtime/TMP/TMPro_EventManager.cs
 0.1 kb	 0.0% Packages/com.unity.ugui/Runtime/TMP/TMP_UpdateRegistery.cs
 0.1 kb	 0.0% Packages/com.unity.ugui/Runtime/TMP/TMP_UpdateManager.cs
 0.1 kb	 0.0% Packages/com.unity.ugui/Runtime/TMP/TMP_TextUtilities.cs
 0.1 kb	 0.0% Packages/com.unity.ugui/Runtime/TMP/TMP_TextProcessingCommon.cs
 0.1 kb	 0.0% Packages/com.unity.ugui/Runtime/TMP/TMP_SpriteCharacter.cs
 0.1 kb	 0.0% Packages/com.unity.ugui/Runtime/TMP/TMP_SpriteAnimator.cs
 0.1 kb	 0.0% Packages/com.unity.ugui/Runtime/TMP/TMP_SelectionCaret.cs
 0.1 kb	 0.0% Packages/com.unity.ugui/Runtime/TMP/TMP_ResourcesManager.cs
 0.1 kb	 0.0% Packages/com.unity.ugui/Runtime/TMP/TMP_MaterialManager.cs
 0.1 kb	 0.0% Packages/com.unity.ugui/Runtime/TMP/TMP_InputValidator.cs
 0.1 kb	 0.0% Packages/com.unity.ugui/Runtime/TMP/TMP_FontFeatureTable.cs
 0.1 kb	 0.0% Packages/com.unity.ugui/Runtime/TMP/TMP_DefaultControls.cs
 0.1 kb	 0.0% Packages/com.unity.ugui/Runtime/TMP/TMP_Compatibility.cs
 0.1 kb	 0.0% Packages/com.unity.ugui/Runtime/TMP/TMP_ColorGradient.cs
 0.1 kb	 0.0% Packages/com.unity.ugui/Runtime/TMP/TMP_CharacterInfo.cs
 0.1 kb	 0.0% Packages/com.unity.ugui/Runtime/TMP/ITextPreProcessor.cs
 0.1 kb	 0.0% Packages/com.unity.ugui/Runtime/TMP/FontFeatureCommonGPOS.cs
 0.1 kb	 0.0% Packages/com.unity.ugui/Runtime/InternalBridge/TMPHelpURL.cs
 0.1 kb	 0.0% Packages/com.unity.render-pipelines.core/Runtime/Vrs/Vrs.cs
 0.1 kb	 0.0% Packages/com.unity.render-pipelines.core/Runtime/STP/STP.cs
 0.1 kb	 0.0% Packages/com.unity.mathematics/Unity.Mathematics/double4x4.gen.cs
 0.1 kb	 0.0% Packages/com.unity.mathematics/Unity.Mathematics/double4x3.gen.cs
 0.1 kb	 0.0% Packages/com.unity.mathematics/Unity.Mathematics/double4x2.gen.cs
 0.1 kb	 0.0% Packages/com.unity.mathematics/Unity.Mathematics/double3x4.gen.cs
 0.1 kb	 0.0% Packages/com.unity.mathematics/Unity.Mathematics/double3x3.gen.cs
 0.1 kb	 0.0% Packages/com.unity.mathematics/Unity.Mathematics/double3x2.gen.cs
 0.1 kb	 0.0% Packages/com.unity.mathematics/Unity.Mathematics/double2x4.gen.cs
 0.1 kb	 0.0% Packages/com.unity.mathematics/Unity.Mathematics/double2x3.gen.cs
 0.1 kb	 0.0% Packages/com.unity.mathematics/Unity.Mathematics/double2x2.gen.cs
 0.1 kb	 0.0% Packages/com.unity.inputsystem/InputSystem/Runtime/Plugins/PlayerInput/PlayerInput.cs
 0.1 kb	 0.0% Packages/com.unity.inputsystem/InputSystem/Runtime/Plugins/PlayerInput/InputValue.cs
 0.1 kb	 0.0% Packages/com.unity.inputsystem/InputSystem/Runtime/InputSystem.cs
 0.1 kb	 0.0% Packages/com.unity.inputsystem/InputSystem/Runtime/InputManager.cs
 0.1 kb	 0.0% Packages/com.unity.inputsystem/InputSystem/Runtime/Devices/Touchscreen.cs
 0.1 kb	 0.0% Packages/com.unity.inputsystem/InputSystem/Runtime/Devices/Precompiled/FastMouse.cs
 0.1 kb	 0.0% Packages/com.unity.inputsystem/InputSystem/Runtime/Devices/Precompiled/FastKeyboard.cs
 0.1 kb	 0.0% Packages/com.unity.inputsystem/InputSystem/Runtime/Devices/InputDevice.cs
 0.1 kb	 0.0% Packages/com.unity.inputsystem/InputSystem/Runtime/Devices/Haptics/IHaptics.cs
 0.1 kb	 0.0% Packages/com.unity.inputsystem/InputSystem/Runtime/Controls/InputControl.cs
 0.1 kb	 0.0% Packages/com.unity.inputsystem/InputSystem/Runtime/Controls/CommonUsages.cs
 0.1 kb	 0.0% Packages/com.unity.inputsystem/InputSystem/Runtime/Actions/InputBinding.cs
 0.1 kb	 0.0% Packages/com.unity.inputsystem/InputSystem/Runtime/Actions/InputAction.cs
 0.1 kb	 0.0% Packages/com.unity.inputsystem/InputSystem/Editor/UITKAssetEditor/Commands/Commands.cs
 0.1 kb	 0.0% Packages/com.unity.inputsystem/InputSystem/Editor/Dialog.cs
 0.1 kb	 0.0% Packages/com.unity.inputsystem/InputSystem/AssemblyInfo.cs
 0.1 kb	 0.0% Packages/com.unity.collections/Unity.Collections/NativeText.gen.cs
 0.1 kb	 0.0% Packages/com.unity.collections/Unity.Collections/FixedList.gen.cs
 0.1 kb	 0.0% Assets/SimpleARPlacement/Scripts/ARUIController.cs
 0.1 kb	 0.0% Assets/MobileARTemplateAssets/UI/Scripts/CutoutMaskUI.cs
 0.1 kb	 0.0% Assets/MobileARTemplateAssets/Scripts/GoalManager.cs
 0.1 kb	 0.0% Packages/com.unity.xr.management/Runtime/XRLoader.cs
 0.1 kb	 0.0% Packages/com.unity.xr.core-utils/Runtime/UndoBlock.cs
 0.1 kb	 0.0% Packages/com.unity.xr.core-utils/Runtime/TextureUtils.cs
 0.1 kb	 0.0% Packages/com.unity.xr.core-utils/Runtime/MathUtility.cs
 0.1 kb	 0.0% Packages/com.unity.xr.core-utils/Runtime/HashCodeUtil.cs
 0.1 kb	 0.0% Packages/com.unity.xr.core-utils/Runtime/DebugDraw.cs
 0.1 kb	 0.0% Packages/com.unity.xr.core-utils/Runtime/Datums/IntDatum.cs
 0.1 kb	 0.0% Packages/com.unity.xr.core-utils/Runtime/BoundsUtils.cs
 0.1 kb	 0.0% Packages/com.unity.xr.arcore/Runtime/NativeView.cs
 0.1 kb	 0.0% Packages/com.unity.xr.arcore/Runtime/NativeObject.cs
 0.1 kb	 0.0% Packages/com.unity.xr.arcore/Runtime/HashCodeUtil.cs
 0.1 kb	 0.0% Packages/com.unity.xr.arcore/Runtime/Constants.cs
 0.1 kb	 0.0% Packages/com.unity.xr.arcore/Runtime/ArSession.cs
 0.1 kb	 0.0% Packages/com.unity.xr.arcore/Runtime/ArPrestoApi.cs
 0.1 kb	 0.0% Packages/com.unity.xr.arcore/Runtime/ARCoreLoader.cs
 0.1 kb	 0.0% Packages/com.unity.ugui/Runtime/UGUI/UI/Core/VertexModifiers/PositionAsUV1.cs
 0.1 kb	 0.0% Packages/com.unity.ugui/Runtime/UGUI/UI/Core/VertexModifiers/IMeshModifier.cs
 0.1 kb	 0.0% Packages/com.unity.ugui/Runtime/UGUI/UI/Core/VertexModifiers/BaseMeshEffect.cs
 0.1 kb	 0.0% Packages/com.unity.ugui/Runtime/UGUI/UI/Core/StencilMaterial.cs
 0.1 kb	 0.0% Packages/com.unity.ugui/Runtime/UGUI/UI/Core/MaskableGraphic.cs
 0.1 kb	 0.0% Packages/com.unity.ugui/Runtime/UGUI/UI/Core/MaskUtilities.cs
 0.1 kb	 0.0% Packages/com.unity.ugui/Runtime/UGUI/UI/Core/Layout/LayoutUtility.cs
 0.1 kb	 0.0% Packages/com.unity.ugui/Runtime/UGUI/UI/Core/Layout/LayoutRebuilder.cs
 0.1 kb	 0.0% Packages/com.unity.ugui/Runtime/UGUI/UI/Core/Layout/LayoutElement.cs
 0.1 kb	 0.0% Packages/com.unity.ugui/Runtime/UGUI/UI/Core/Layout/ILayoutElement.cs
 0.1 kb	 0.0% Packages/com.unity.ugui/Runtime/UGUI/UI/Core/Layout/GridLayoutGroup.cs
 0.1 kb	 0.0% Packages/com.unity.ugui/Runtime/UGUI/UI/Core/GraphicRegistry.cs
 0.1 kb	 0.0% Packages/com.unity.ugui/Runtime/UGUI/UI/Core/GraphicRaycaster.cs
 0.1 kb	 0.0% Packages/com.unity.ugui/Runtime/UGUI/UI/Core/DefaultControls.cs
 0.1 kb	 0.0% Packages/com.unity.ugui/Runtime/UGUI/UI/Core/Culling/ClipperRegistry.cs
 0.1 kb	 0.0% Packages/com.unity.ugui/Runtime/UGUI/EventSystem/UIBehaviour.cs
 0.1 kb	 0.0% Packages/com.unity.ugui/Runtime/UGUI/EventSystem/InputModules/BaseInput.cs
 0.1 kb	 0.0% Packages/com.unity.ugui/Runtime/UGUI/EventSystem/EventTrigger.cs
 0.1 kb	 0.0% Packages/com.unity.ugui/Runtime/UGUI/EventSystem/EventSystem.cs
 0.1 kb	 0.0% Packages/com.unity.ugui/Runtime/TMP/TMPro_MeshUtilities.cs
 0.1 kb	 0.0% Packages/com.unity.ugui/Runtime/TMP/TMP_ShaderUtilities.cs
 0.1 kb	 0.0% Packages/com.unity.ugui/Runtime/TMP/TMP_RichTextTagsCommon.cs
 0.1 kb	 0.0% Packages/com.unity.ugui/Runtime/TMP/TMP_FontAssetCommon.cs
 0.1 kb	 0.0% Packages/com.unity.mathematics/Unity.Mathematics/quaternion.cs
 0.1 kb	 0.0% Packages/com.unity.mathematics/Unity.Mathematics/Noise/classicnoise4D.cs
 0.1 kb	 0.0% Packages/com.unity.mathematics/Unity.Mathematics/Noise/classicnoise3D.cs
 0.1 kb	 0.0% Packages/com.unity.mathematics/Unity.Mathematics/Noise/classicnoise2D.cs
 0.1 kb	 0.0% Packages/com.unity.mathematics/Unity.Mathematics/Noise/cellular2x2x2.cs
 0.1 kb	 0.0% Packages/com.unity.mathematics/Unity.Mathematics/Geometry/Plane.cs
 0.1 kb	 0.0% Packages/com.unity.learn.iet-framework/Runtime/SceneObjectGuid.cs
 0.1 kb	 0.0% Packages/com.unity.inputsystem/InputSystem/Runtime/Plugins/XR/Devices/Oculus.cs
 0.1 kb	 0.0% Packages/com.unity.collections/Unity.Collections/UIntFloat.cs
 0.1 kb	 0.0% Packages/com.unity.collections/Unity.Collections/NativeStream.cs
 0.1 kb	 0.0% Packages/com.unity.collections/Unity.Collections/Jobs/EarlyInitHelpers.cs
 0.1 kb	 0.0% Packages/com.unity.burst/Runtime/Intrinsics/SimdDebugViews.cs
 0.1 kb	 0.0% Packages/com.unity.burst/Runtime/Editor/BurstReflection.cs
 0.1 kb	 0.0% Packages/com.unity.burst/Runtime/BurstCompilerOptions.cs
 0.1 kb	 0.0% Assets/Settings/Project Configuration/SceneTemplate_RotateCube.cs
 0.1 kb	 0.0% Packages/com.unity.ugui/Runtime/TMP/TextMeshProUGUI.cs
 0.1 kb	 0.0% Packages/com.unity.ugui/Runtime/TMP/TextContainer.cs
 0.1 kb	 0.0% Packages/com.unity.ugui/Runtime/TMP/TMP_TextElement.cs
 0.1 kb	 0.0% Packages/com.unity.ugui/Runtime/TMP/TMP_SubMeshUI.cs
 0.1 kb	 0.0% Packages/com.unity.ugui/Runtime/TMP/TMP_StyleSheet.cs
 0.1 kb	 0.0% Packages/com.unity.ugui/Runtime/TMP/TMP_SpriteGlyph.cs
 0.1 kb	 0.0% Packages/com.unity.ugui/Runtime/TMP/TMP_SpriteAsset.cs
 0.1 kb	 0.0% Packages/com.unity.ugui/Runtime/TMP/TMP_InputField.cs
 0.1 kb	 0.0% Packages/com.unity.ugui/Runtime/TMP/TMP_FontAsset.cs
 0.1 kb	 0.0% Packages/com.unity.ugui/Runtime/TMP/TMP_CoroutineTween.cs
 0.1 kb	 0.0% Packages/com.unity.ugui/Runtime/TMP/TMP_Character.cs
 0.1 kb	 0.0% Packages/com.unity.render-pipelines.universal/Shaders/Shaders.cs
 0.1 kb	 0.0% Packages/com.unity.mathematics/Unity.Mathematics/uint4x4.gen.cs
 0.1 kb	 0.0% Packages/com.unity.mathematics/Unity.Mathematics/uint4x3.gen.cs
 0.1 kb	 0.0% Packages/com.unity.mathematics/Unity.Mathematics/uint4x2.gen.cs
 0.1 kb	 0.0% Packages/com.unity.mathematics/Unity.Mathematics/uint4.gen.cs
 0.1 kb	 0.0% Packages/com.unity.mathematics/Unity.Mathematics/uint3x4.gen.cs
 0.1 kb	 0.0% Packages/com.unity.mathematics/Unity.Mathematics/uint3x3.gen.cs
 0.1 kb	 0.0% Packages/com.unity.mathematics/Unity.Mathematics/uint3x2.gen.cs
 0.1 kb	 0.0% Packages/com.unity.mathematics/Unity.Mathematics/uint3.gen.cs
 0.1 kb	 0.0% Packages/com.unity.mathematics/Unity.Mathematics/uint2x4.gen.cs
 0.1 kb	 0.0% Packages/com.unity.mathematics/Unity.Mathematics/uint2x3.gen.cs
 0.1 kb	 0.0% Packages/com.unity.mathematics/Unity.Mathematics/uint2x2.gen.cs
 0.1 kb	 0.0% Packages/com.unity.mathematics/Unity.Mathematics/uint2.gen.cs
 0.1 kb	 0.0% Packages/com.unity.mathematics/Unity.Mathematics/int4x4.gen.cs
 0.1 kb	 0.0% Packages/com.unity.mathematics/Unity.Mathematics/int4x3.gen.cs
 0.1 kb	 0.0% Packages/com.unity.mathematics/Unity.Mathematics/int4x2.gen.cs
 0.1 kb	 0.0% Packages/com.unity.mathematics/Unity.Mathematics/int3x4.gen.cs
 0.1 kb	 0.0% Packages/com.unity.mathematics/Unity.Mathematics/int3x3.gen.cs
 0.1 kb	 0.0% Packages/com.unity.mathematics/Unity.Mathematics/int3x2.gen.cs
 0.1 kb	 0.0% Packages/com.unity.mathematics/Unity.Mathematics/int2x4.gen.cs
 0.1 kb	 0.0% Packages/com.unity.mathematics/Unity.Mathematics/int2x3.gen.cs
 0.1 kb	 0.0% Packages/com.unity.mathematics/Unity.Mathematics/int2x2.gen.cs
 0.1 kb	 0.0% Packages/com.unity.mathematics/Unity.Mathematics/half4.gen.cs
 0.1 kb	 0.0% Packages/com.unity.mathematics/Unity.Mathematics/half3.gen.cs
 0.1 kb	 0.0% Packages/com.unity.mathematics/Unity.Mathematics/half2.gen.cs
 0.1 kb	 0.0% Packages/com.unity.mathematics/Unity.Mathematics/float4x4.gen.cs
 0.1 kb	 0.0% Packages/com.unity.mathematics/Unity.Mathematics/float4x3.gen.cs
 0.1 kb	 0.0% Packages/com.unity.mathematics/Unity.Mathematics/float4x2.gen.cs
 0.1 kb	 0.0% Packages/com.unity.mathematics/Unity.Mathematics/float4.gen.cs
 0.1 kb	 0.0% Packages/com.unity.mathematics/Unity.Mathematics/float3x4.gen.cs
 0.1 kb	 0.0% Packages/com.unity.mathematics/Unity.Mathematics/float3x3.gen.cs
 0.1 kb	 0.0% Packages/com.unity.mathematics/Unity.Mathematics/float3x2.gen.cs
 0.1 kb	 0.0% Packages/com.unity.mathematics/Unity.Mathematics/float3.gen.cs
 0.1 kb	 0.0% Packages/com.unity.mathematics/Unity.Mathematics/float2x4.gen.cs
 0.1 kb	 0.0% Packages/com.unity.mathematics/Unity.Mathematics/float2x3.gen.cs
 0.1 kb	 0.0% Packages/com.unity.mathematics/Unity.Mathematics/float2x2.gen.cs
 0.1 kb	 0.0% Packages/com.unity.mathematics/Unity.Mathematics/float2.gen.cs
 0.1 kb	 0.0% Packages/com.unity.mathematics/Unity.Mathematics/double4.gen.cs
 0.1 kb	 0.0% Packages/com.unity.mathematics/Unity.Mathematics/double3.gen.cs
 0.1 kb	 0.0% Packages/com.unity.mathematics/Unity.Mathematics/double2.gen.cs
 0.1 kb	 0.0% Packages/com.unity.mathematics/Unity.Mathematics/bool4x4.gen.cs
 0.1 kb	 0.0% Packages/com.unity.mathematics/Unity.Mathematics/bool4x3.gen.cs
 0.1 kb	 0.0% Packages/com.unity.mathematics/Unity.Mathematics/bool4x2.gen.cs
 0.1 kb	 0.0% Packages/com.unity.mathematics/Unity.Mathematics/bool4.gen.cs
 0.1 kb	 0.0% Packages/com.unity.mathematics/Unity.Mathematics/bool3x4.gen.cs
 0.1 kb	 0.0% Packages/com.unity.mathematics/Unity.Mathematics/bool3x3.gen.cs
 0.1 kb	 0.0% Packages/com.unity.mathematics/Unity.Mathematics/bool3x2.gen.cs
 0.1 kb	 0.0% Packages/com.unity.mathematics/Unity.Mathematics/bool3.gen.cs
 0.1 kb	 0.0% Packages/com.unity.mathematics/Unity.Mathematics/bool2x4.gen.cs
 0.1 kb	 0.0% Packages/com.unity.mathematics/Unity.Mathematics/bool2x3.gen.cs
 0.1 kb	 0.0% Packages/com.unity.mathematics/Unity.Mathematics/bool2x2.gen.cs
 0.1 kb	 0.0% Packages/com.unity.mathematics/Unity.Mathematics/bool2.gen.cs
 0.1 kb	 0.0% Packages/com.unity.mathematics/Unity.Mathematics/Noise/psrdnoise2D.cs
 0.1 kb	 0.0% Packages/com.unity.mathematics/Unity.Mathematics/Noise/noise3Dgrad.cs
 0.1 kb	 0.0% Packages/com.unity.mathematics/Unity.Mathematics/Noise/cellular3D.cs
 0.1 kb	 0.0% Packages/com.unity.mathematics/Unity.Mathematics/Noise/cellular2x2.cs
 0.1 kb	 0.0% Packages/com.unity.mathematics/Unity.Mathematics/Noise/cellular2D.cs
 0.1 kb	 0.0% Packages/com.unity.inputsystem/InputSystem/Runtime/Plugins/XR/Devices/GoogleVR.cs
 0.1 kb	 0.0% Packages/com.unity.inputsystem/InputSystem/Runtime/Devices/Sensor.cs
 0.1 kb	 0.0% Packages/com.unity.inputsystem/InputSystem/Runtime/Devices/Pointer.cs
 0.1 kb	 0.0% Packages/com.unity.inputsystem/InputSystem/Runtime/Devices/Mouse.cs
 0.1 kb	 0.0% Packages/com.unity.inputsystem/InputSystem/Runtime/Devices/Keyboard.cs
 0.1 kb	 0.0% Packages/com.unity.inputsystem/InputSystem/Runtime/Devices/Joystick.cs
 0.1 kb	 0.0% Packages/com.unity.inputsystem/InputSystem/Runtime/Devices/Gamepad.cs
 0.1 kb	 0.0% Packages/com.unity.inputsystem/InputSystem/Editor/DownloadableSample.cs
 0.1 kb	 0.0% Packages/com.unity.collections/Unity.Collections/xxHash3.AVX2.cs
 0.1 kb	 0.0% Packages/com.unity.burst/Runtime/Intrinsics/Arm/NEON_AArch64_rdma.cs
 0.1 kb	 0.0% Packages/com.unity.burst/Runtime/Intrinsics/Arm/NEON_AArch64_dotprod.cs
 0.1 kb	 0.0% Packages/com.unity.burst/Runtime/Intrinsics/Arm/NEON_AArch64_crypto.cs
 0.1 kb	 0.0% Packages/com.unity.xr.core-utils/Runtime/XROrigin.cs
 0.1 kb	 0.0% Packages/com.unity.xr.core-utils/Runtime/GuidUtil.cs
 0.1 kb	 0.0% Packages/com.unity.xr.arcore/Runtime/RcoApi.cs
 0.1 kb	 0.0% Packages/com.unity.xr.arcore/Runtime/ArString.cs
 0.1 kb	 0.0% Packages/com.unity.xr.arcore/Runtime/ArConfig.cs
 0.1 kb	 0.0% Packages/com.unity.xr.arcore/Runtime/ARCoreApi.cs
 0.1 kb	 0.0% Packages/com.unity.ugui/Runtime/UGUI/UI/Core/Utility/VertexHelper.cs
 0.1 kb	 0.0% Packages/com.unity.ugui/Runtime/UGUI/UI/Core/ToggleGroup.cs
 0.1 kb	 0.0% Packages/com.unity.ugui/Runtime/UGUI/UI/Core/SpriteState.cs
 0.1 kb	 0.0% Packages/com.unity.ugui/Runtime/UGUI/UI/Core/Selectable.cs
 0.1 kb	 0.0% Packages/com.unity.ugui/Runtime/UGUI/UI/Core/Scrollbar.cs
 0.1 kb	 0.0% Packages/com.unity.ugui/Runtime/UGUI/UI/Core/ScrollRect.cs
 0.1 kb	 0.0% Packages/com.unity.ugui/Runtime/UGUI/UI/Core/RectMask2D.cs
 0.1 kb	 0.0% Packages/com.unity.ugui/Runtime/UGUI/UI/Core/Navigation.cs
 0.1 kb	 0.0% Packages/com.unity.ugui/Runtime/UGUI/UI/Core/Layout/LayoutGroup.cs
 0.1 kb	 0.0% Packages/com.unity.ugui/Runtime/UGUI/UI/Core/Layout/CanvasScaler.cs
 0.1 kb	 0.0% Packages/com.unity.ugui/Runtime/UGUI/UI/Core/InputField.cs
 0.1 kb	 0.0% Packages/com.unity.ugui/Runtime/UGUI/UI/Core/IMaskable.cs
 0.1 kb	 0.0% Packages/com.unity.ugui/Runtime/UGUI/UI/Core/ColorBlock.cs
 0.1 kb	 0.0% Packages/com.unity.mathematics/Unity.Mathematics/random.cs
 0.1 kb	 0.0% Packages/com.unity.mathematics/Unity.Mathematics/matrix.gen.cs
 0.1 kb	 0.0% Packages/com.unity.mathematics/Unity.Mathematics/matrix.cs
 0.1 kb	 0.0% Packages/com.unity.mathematics/Unity.Mathematics/Noise/noise4D.cs
 0.1 kb	 0.0% Packages/com.unity.mathematics/Unity.Mathematics/Noise/noise3D.cs
 0.1 kb	 0.0% Packages/com.unity.mathematics/Unity.Mathematics/Noise/noise2D.cs
 0.1 kb	 0.0% Packages/com.unity.mathematics/Unity.Mathematics/Noise/common.cs
 0.1 kb	 0.0% Packages/com.unity.inputsystem/InputSystem/Runtime/Plugins/XR/Devices/OpenVR.cs
 0.1 kb	 0.0% Packages/com.unity.inputsystem/InputSystem/Runtime/Plugins/HID/HID.cs
 0.1 kb	 0.0% Packages/com.unity.collections/Unity.Collections/xxHash3.cs
 0.1 kb	 0.0% Packages/com.unity.collections/Unity.Collections/Unicode.cs
 0.1 kb	 0.0% Packages/com.unity.collections/Unity.Collections/Memory.cs
 0.1 kb	 0.0% Packages/com.unity.collections/Unity.Collections/Jobs/IJobFilter.cs
 0.1 kb	 0.0% Packages/com.unity.collections/Unity.Collections/BitField.cs
 0.1 kb	 0.0% Packages/com.unity.burst/Runtime/NoAliasAttribute.cs
 0.1 kb	 0.0% Packages/com.unity.burst/Runtime/FunctionPointer.cs
 0.1 kb	 0.0% Packages/com.unity.burst/Runtime/Editor/BurstLoader.cs
 0.1 kb	 0.0% Packages/com.unity.burst/Runtime/CompilerServices/Constant.cs
 0.1 kb	 0.0% Packages/com.unity.burst/Runtime/CompilerServices/Aliasing.cs
 0.1 kb	 0.0% Packages/com.unity.burst/Runtime/BurstString.Float.cs
 0.1 kb	 0.0% Packages/com.unity.burst/Runtime/BurstCompiler.cs
 0.1 kb	 0.0% Packages/com.unity.ugui/Runtime/UGUI/UI/Core/Culling/IClipRegion.cs
 0.1 kb	 0.0% Packages/com.unity.ugui/Runtime/TMP/TextMeshPro.cs
 0.1 kb	 0.0% Packages/com.unity.ugui/Runtime/TMP/TMP_TextInfo.cs
 0.1 kb	 0.0% Packages/com.unity.ugui/Runtime/TMP/TMP_SubMesh.cs
 0.1 kb	 0.0% Packages/com.unity.ugui/Runtime/TMP/TMP_Style.cs
 0.1 kb	 0.0% Packages/com.unity.ugui/Runtime/TMP/TMP_Sprite.cs
 0.1 kb	 0.0% Packages/com.unity.ugui/Runtime/TMP/TMP_Settings.cs
 0.1 kb	 0.0% Packages/com.unity.ugui/Runtime/TMP/TMP_MeshInfo.cs
 0.1 kb	 0.0% Packages/com.unity.ugui/Runtime/TMP/TMP_LineInfo.cs
 0.1 kb	 0.0% Packages/com.unity.ugui/Runtime/TMP/TMP_Dropdown.cs
 0.1 kb	 0.0% Packages/com.unity.ugui/Runtime/TMP/TMP_Asset.cs
 0.1 kb	 0.0% Packages/com.unity.ugui/Runtime/TMP/FastAction.cs
 0.1 kb	 0.0% Packages/com.unity.mathematics/Unity.Mathematics/int4.gen.cs
 0.1 kb	 0.0% Packages/com.unity.mathematics/Unity.Mathematics/int3.gen.cs
 0.1 kb	 0.0% Packages/com.unity.mathematics/Unity.Mathematics/int2.gen.cs
 0.1 kb	 0.0% Packages/com.unity.inputsystem/InputSystem/Runtime/Devices/Pen.cs
 0.1 kb	 0.0% Packages/com.unity.burst/Runtime/Intrinsics/Common.cs
 0.1 kb	 0.0% Packages/com.unity.burst/Runtime/Intrinsics/Arm/NEON_ctor.cs
 0.1 kb	 0.0% Packages/com.unity.burst/Runtime/Intrinsics/Arm/NEON_AArch64.cs
 0.1 kb	 0.0% Packages/com.unity.ugui/Runtime/UGUI/UI/Core/VertexModifiers/Shadow.cs
 0.1 kb	 0.0% Packages/com.unity.ugui/Runtime/UGUI/UI/Core/VertexModifiers/Outline.cs
 0.1 kb	 0.0% Packages/com.unity.ugui/Runtime/UGUI/UI/Core/Toggle.cs
 0.1 kb	 0.0% Packages/com.unity.ugui/Runtime/UGUI/UI/Core/Slider.cs
 0.1 kb	 0.0% Packages/com.unity.ugui/Runtime/UGUI/UI/Core/RawImage.cs
 0.1 kb	 0.0% Packages/com.unity.ugui/Runtime/UGUI/UI/Core/Image.cs
 0.1 kb	 0.0% Packages/com.unity.ugui/Runtime/UGUI/UI/Core/IMask.cs
 0.1 kb	 0.0% Packages/com.unity.ugui/Runtime/UGUI/UI/Core/Graphic.cs
 0.1 kb	 0.0% Packages/com.unity.ugui/Runtime/UGUI/UI/Core/FontData.cs
 0.1 kb	 0.0% Packages/com.unity.ugui/Runtime/UGUI/UI/Core/Dropdown.cs
 0.1 kb	 0.0% Packages/com.unity.ugui/Runtime/UGUI/UI/Core/Culling/Clipping.cs
 0.1 kb	 0.0% Packages/com.unity.ugui/Runtime/UGUI/UI/Core/Button.cs
 0.1 kb	 0.0% Packages/com.unity.mathematics/Unity.Mathematics/svd.cs
 0.1 kb	 0.0% Packages/com.unity.mathematics/Unity.Mathematics/math.cs
 0.1 kb	 0.0% Packages/com.unity.mathematics/Unity.Mathematics/half.cs
 0.1 kb	 0.0% Packages/com.unity.burst/Runtime/SharedStatic.cs
 0.1 kb	 0.0% Packages/com.unity.burst/Runtime/Intrinsics/x86/Ssse3.cs
 0.1 kb	 0.0% Packages/com.unity.burst/Runtime/Intrinsics/x86/Sse4_2.cs
 0.1 kb	 0.0% Packages/com.unity.burst/Runtime/Intrinsics/x86/Sse4_1.cs
 0.1 kb	 0.0% Packages/com.unity.burst/Runtime/Intrinsics/x86/Popcnt.cs
 0.1 kb	 0.0% Packages/com.unity.burst/Runtime/Intrinsics/x86/Common.cs
 0.1 kb	 0.0% Packages/com.unity.burst/Runtime/CompilerServices/Hint.cs
 0.1 kb	 0.0% Packages/com.unity.burst/Runtime/BurstString.cs
 0.1 kb	 0.0% Packages/com.unity.burst/Runtime/BurstRuntime.cs
 0.1 kb	 0.0% Assets/XRI/Settings/Resources/XRDeviceSimulatorSettings.asset
 0.1 kb	 0.0% Packages/com.unity.ugui/Runtime/TMP/TMP_Text.cs
 0.1 kb	 0.0% Packages/com.unity.burst/Runtime/Intrinsics/x86/Sse3.cs
 0.1 kb	 0.0% Packages/com.unity.burst/Runtime/Intrinsics/x86/Sse2.cs
 0.1 kb	 0.0% Packages/com.unity.burst/Runtime/Intrinsics/x86/Sse.cs
 0.1 kb	 0.0% Packages/com.unity.burst/Runtime/Intrinsics/x86/Fma.cs
 0.1 kb	 0.0% Packages/com.unity.burst/Runtime/Intrinsics/x86/F16C.cs
 0.1 kb	 0.0% Packages/com.unity.burst/Runtime/Intrinsics/x86/Csr.cs
 0.1 kb	 0.0% Packages/com.unity.burst/Runtime/Intrinsics/x86/Bmi2.cs
 0.1 kb	 0.0% Packages/com.unity.burst/Runtime/Intrinsics/x86/Bmi1.cs
 0.1 kb	 0.0% Packages/com.unity.burst/Runtime/Intrinsics/x86/Avx2.cs
 0.1 kb	 0.0% Packages/com.unity.burst/Runtime/Intrinsics/x86/Avx.cs
 0.1 kb	 0.0% Packages/com.unity.burst/Runtime/Intrinsics/v64.cs
 0.1 kb	 0.0% Packages/com.unity.burst/Runtime/Intrinsics/v256.cs
 0.1 kb	 0.0% Packages/com.unity.burst/Runtime/Intrinsics/v128.cs
 0.1 kb	 0.0% Packages/com.unity.burst/Runtime/Intrinsics/Arm/NEON.cs
 0.1 kb	 0.0% Packages/com.unity.ugui/Runtime/UGUI/UI/Core/Text.cs
 0.1 kb	 0.0% Packages/com.unity.ugui/Runtime/UGUI/UI/Core/Misc.cs
 0.1 kb	 0.0% Packages/com.unity.ugui/Runtime/UGUI/UI/Core/Mask.cs
 0.1 kb	 0.0% Assets/XRI/Settings/Resources/XRInteractionRuntimeSettings.asset
 0.1 kb	 0.0% Assets/XR/Resources/ARCoreRuntimeSettings.asset
 0.1 kb	 0.0% Assets/Resources/PerformanceTestRunSettings.json
 0.0 kb	 0.0% Assets/XR/Loaders/AR Core Loader.asset
 0.0 kb	 0.0% Packages/com.unity.render-pipelines.core/Runtime/Vrs/Shaders/VrsTexture.compute
-------------------------------------------------------------------------------
Unloading 3 Unused Serialized files (Serialized files now loaded: 0)
Unloading 2318 unused Assets / (1.8 MB). Loaded Objects now: 6772.
Memory consumption went from 490.2 MB to 488.4 MB.
Total: 21.333400 ms (FindLiveObjects: 0.438800 ms CreateObjectMapping: 0.205700 ms MarkObjects: 18.204900 ms  DeleteObjects: 2.483000 ms)

DisplayProgressNotification: Build Successful
Build Finished, Result: Success.
##utp:{"type":"PlayerBuildInfo","version":2,"phase":"Immediate","time":1791010810951,"processId":14576,"steps":[{"description":"Preprocess Player","duration":1714},{"description":"Prepare For Build","duration":6616},{"description":"ProducePlayerScriptAssemblies","duration":22130},{"description":"Verify Build setup","duration":39},{"description":"Prepare assets for target platform","duration":3},{"description":"Prepare splash screen","duration":1225},{"description":"Building scenes","duration":1019},{"description":"Build scripts DLLs","duration":16},{"description":"Build GlobalGameManagers file","duration":280},{"description":"Writing asset files","duration":29395},{"description":"Building Resources/unity_builtin_extra","duration":2979},{"description":"Write data build dirty tracking information","duration":254},{"description":"Postprocess built player","duration":604725}],"duration":670395}
Unloading 2 Unused Serialized files (Serialized files now loaded: 0)
Loaded scene 'Temp/__Backupscenes/0.backup'
	Deserialize:            5.968 ms
	Integration:            347.163 ms
	Integration of assets:  0.060 ms
	Thread Wait Time:       0.009 ms
	Total Operation Time:   353.199 ms
Unloading 0 unused Assets / (189.7 MB). Loaded Objects now: 7011.
Memory consumption went from 487.7 MB to 298.1 MB.
Total: 26.038000 ms (FindLiveObjects: 0.524500 ms CreateObjectMapping: 0.162600 ms MarkObjects: 18.224200 ms  DeleteObjects: 7.124800 ms)

[SimpleARPlacement] Hasil build: Succeeded, ukuran 1034539034 byte, waktu 00:11:12.4704319, error 0.
UnityEngine.Debug:ExtractStackTraceNoAlloc (byte*,int,string)
UnityEngine.StackTraceUtility:ExtractStackTrace ()
UnityEngine.DebugLogHandler:Internal_Log (UnityEngine.LogType,UnityEngine.LogOption,string,UnityEngine.Object)
UnityEngine.DebugLogHandler:LogFormat (UnityEngine.LogType,UnityEngine.Object,string,object[])
UnityEngine.Logger:Log (UnityEngine.LogType,object)
UnityEngine.Debug:Log (object)
SimpleARPlacement.EditorTools.SimpleARPlacementTool:BuildApk () (at Assets/SimpleARPlacement/Editor/SimpleARPlacementTool.cs:310)
SimpleARPlacement.EditorTools.SimpleARPlacementTool:BuildApkBatch () (at Assets/SimpleARPlacement/Editor/SimpleARPlacementTool.cs:150)

(Filename: Assets/SimpleARPlacement/Editor/SimpleARPlacementTool.cs Line: 310)

[SimpleARPlacement] APK berhasil dibuat: D:\Unity\RVA 1\Builds\SimpleARPlacement.apk
UnityEngine.Debug:ExtractStackTraceNoAlloc (byte*,int,string)
UnityEngine.StackTraceUtility:ExtractStackTrace ()
UnityEngine.DebugLogHandler:Internal_Log (UnityEngine.LogType,UnityEngine.LogOption,string,UnityEngine.Object)
UnityEngine.DebugLogHandler:LogFormat (UnityEngine.LogType,UnityEngine.Object,string,object[])
UnityEngine.Logger:Log (UnityEngine.LogType,object)
UnityEngine.Debug:Log (object)
SimpleARPlacement.EditorTools.SimpleARPlacementTool:BuildApk () (at Assets/SimpleARPlacement/Editor/SimpleARPlacementTool.cs:321)
SimpleARPlacement.EditorTools.SimpleARPlacementTool:BuildApkBatch () (at Assets/SimpleARPlacement/Editor/SimpleARPlacementTool.cs:150)

(Filename: Assets/SimpleARPlacement/Editor/SimpleARPlacementTool.cs Line: 321)

Starting: D:\Unity\6000.3.24f1\Editor\Data\PlaybackEngines\AndroidPlayer\OpenJDK\bin\java.exe -classpath "D:\Unity\6000.3.24f1\Editor\Data\PlaybackEngines\AndroidPlayer\Tools\gradle\lib\gradle-launcher-9.1.0.jar" org.gradle.launcher.GradleMain "-Dorg.gradle.jvmargs=-Xmx4096m" "--stop" 
WorkingDir: 
Killing ADB server in 2.1458941 seconds.
Start importing ProjectSettings/ProjectSettings.asset using Guid(00000000000000004000000000000000) (LibraryAssetImporter) -> (artifact id: '7cca2c68e25c663c7bfbb24bad49c65e') in 0.002599 seconds
Start importing Packages/com.unity.xr.arkit/Tests/Editor/Assets/TestReferenceImageLibrary.asset using Guid(e140c899c3d924dff8f41e493d33d3a7) (NativeFormatImporter) -> (artifact id: '5a09e49ce0735eecabf96c02a4dc2662') in 0.001164 seconds
Start importing Packages/com.unity.xr.arcore/Tests/Editor/Assets/TestReferenceImageLibrary.asset using Guid(c33765148919746ecbe8e10cceb19107) (NativeFormatImporter) -> (artifact id: '02a1e77c9622db66b2d31429ab9963b6') in 0.0011281 seconds
The following asset(s) located in immutable packages were unexpectedly altered. Making changes to immutable packages isn't recommended because the changes can be lost without any warning during Package Manager operations.
  Packages/com.unity.xr.arcore/Tests/Editor/Assets/TestReferenceImageLibrary.asset
  Packages/com.unity.xr.arkit/Tests/Editor/Assets/TestReferenceImageLibrary.asset
Refreshing native plugins compatible for Editor in 1.35 ms, found 1 plugins.
Preloading 0 native plugins for Editor in 0.00 ms.
Asset Pipeline Refresh (id=2302f8902df483248a1f2ed071fcb4aa): Total: 0.043 seconds - Initiated by StopAssetImportingV2(NoUpdateAssetOptions)
[Physics::Module] Cleanup current backend.
[Physics::Module] Id: 0xf2b8ea05
Input System module state changed to: ShutdownInProgress.
Input System polling thread exited.
Input System module state changed to: Shutdown.
[Licensing::IpcConnector] LicenseClient-Abhipraya-notifications channel disconnected successfully.
[Licensing::IpcConnector] LicenseClient-Abhipraya channel disconnected successfully.
AcceleratorClientConnectionCallback - disconnected - :0
Cleanup mono
Checking for leaked weakptr:
  Found no leaked weakptrs.
[Package Manager] Server process was shutdown
##utp:{"type":"MemoryLeaks","version":2,"phase":"Immediate","time":1791010816299,"processId":14576,"allocatedMemory":19617030,"memoryLabels":[{"Default":29313},{"Permanent":15236},{"NewDelete":72427},{"Thread":4230344},{"Manager":32541},{"VertexData":8},{"Geometry":816},{"Texture":160},{"Shader":742035},{"Material":22064},{"GfxDevice":55872},{"Animation":392},{"Audio":3040},{"Font":2870397},{"FreeType":65865},{"FontEngine":736},{"Physics":1970},{"Physics2D":16},{"Serialization":16},{"Input":14984},{"JobScheduler":33024},{"TextLib":280},{"Mono":32},{"MonoCode":640},{"ScriptingNativeRuntime":155060},{"BaseObject":1756016},{"Resource":1336},{"Renderer":3000},{"Transform":4685},{"File":15637},{"WebCam":616},{"Culling":32},{"Terrain":11394},{"Wind":24},{"STL":40},{"String":966539},{"DynamicArray":120180},{"HashMap":104804},{"Utility":2660278},{"Curl":2478},{"PoolAlloc":2152},{"AI":80},{"TypeTree":13861},{"ScriptManager":512},{"RuntimeInitializeOnLoadManager":64},{"SpriteAtlas":112},{"GI":7792},{"Director":8240},{"CloudService":293176},{"WebRequest":552},{"VR":48138},{"SceneManager":504},{"Video":64},{"LazyScriptCache":32},{"Camera":17},{"Secure":2377},{"SerializationCache":1576},{"APIUpdating":10320},{"Subsystems":192},{"VirtualTexturing":57888},{"StaticSafetyDebugInfo":278528},{"Analytics":640},{"Hierarchy":608},{"CoreStats":13112},{"Identifiers":6480},{"Gui":96},{"EditorUtility":113951},{"VersionControl":4},{"Undo":947},{"AssetDatabase":4702869},{"EditorGi":328},{"UnityConnect":29208},{"Upm":1896},{"AssetCompliance":64},{"DrivenProperties":72},{"LocalIPC":268},{"ProfilerEditor":9746},{"CoreBusinessMetrics":3516},{"Licensing":12761},{"AssetReference":32},{"IPCStream":32}]}
